iter,elapsed_s,global_best_len,iter_best_len,iter_mean_len,iter_worst_len
0,0.0202933,36226.2,89491.3,105498,125516
1,0.0406048,36226.2,83295.7,103188,119320
2,0.0607234,36226.2,83865.2,100292,119120
3,0.0808179,36226.2,80191.7,96092.2,110490
4,0.101098,36226.2,73512.5,88062.6,105995
5,0.121207,36226.2,62023.4,78351.2,94155.5
6,0.141601,36226.2,59654,70161.1,87503
7,0.162587,36226.2,50435.8,60786.9,75902.1
8,0.183437,36226.2,44513.6,54734,67024.6
9,0.203581,36226.2,41376.8,50703.9,62383
10,0.224195,36226.2,38804,47717.5,57431
11,0.243832,36226.2,38996.4,46526.6,55823.9
12,0.263646,36226.2,37934.1,45569.3,55113.7
13,0.282483,36226.2,39188.8,45191.7,52148.1
14,0.301956,36226.2,38058.3,44645.3,51347.9
15,0.321286,36226.2,38245.6,44477.3,51880.9
16,0.340478,36226.2,37661.2,44329.1,50319.8
17,0.359829,36226.2,37100,44328.4,53308.4
18,0.378553,36226.2,36757.9,44426.1,52793
19,0.396964,36226.2,37586.3,44360.2,53009.3
20,0.416322,36226.2,37736.3,44325.2,52734.9
21,0.435691,36226.2,38289.6,45058.4,53143.2
22,0.454421,36226.2,38455.1,44821.2,52707
23,0.47349,36226.2,37834.6,45158.5,53228
24,0.4927,36226.2,36960.4,44782.6,57900.6
25,0.511945,36226.2,36811.9,44832.6,51794.5
26,0.531221,36226.2,39200.7,45384,53212.7
27,0.550402,36226.2,38892.9,45421,55639.5
28,0.569968,36226.2,37124,45244.9,54580.5
29,0.589304,36226.2,39403.6,45472.4,57695.6
30,0.608711,36184.8,36184.8,45146.6,52566.4
31,0.628041,36184.8,37926.4,44644.2,53132.3
32,0.647311,36184.8,36563.7,44838.1,55000.7
33,0.666646,36184.8,37963.7,45290,52851.6
34,0.685969,36184.8,36263.9,44750.1,54109.8
35,0.705194,36184.8,37249.5,45082.4,56919.9
36,0.724377,36184.8,39247.7,45380.9,53904.4
37,0.743706,36184.8,37415.3,45142.8,53617.5
38,0.763134,36184.8,36685.1,45148,57063
39,0.782369,36184.8,38054.1,45144.6,56315.8
40,0.801858,36184.8,38343.9,45152.9,52767.2
41,0.821054,36184.8,38762.5,45432.5,52298.6
42,0.839889,36184.8,39316.9,45338,53907.9
43,0.859431,36184.8,38285.4,45084.8,53633.6
44,0.878658,36184.8,39081,44974.8,56040.9
45,0.898037,36184.8,38062.8,44990.1,53788.4
46,0.91744,36184.8,36722.9,45208.2,57481.5
47,0.93689,36184.8,37846,45367.9,52902.6
48,0.956093,36184.8,38304.3,45376.7,56430.9
49,0.975462,36184.8,37976.8,45190.6,53898.7
50,0.99467,36184.8,37162.8,45526.7,53568.6
51,1.01391,36184.8,38506.6,45361.6,54156.8
52,1.03317,36184.8,36538.3,45052,54413.6
53,1.05254,36090.2,36090.2,45331,57781.8
54,1.07166,36090.2,38545.5,44959.9,55713.5
55,1.09116,36090.2,37281.6,45322.8,52940.2
56,1.11052,35439.3,35439.3,45280.4,52729.1
57,1.13038,35439.3,37724,45203.6,54056.2
58,1.14978,35439.3,37445.2,45430.6,57926
59,1.16934,35439.3,36614.9,45378.6,55200.4
60,1.18896,35439.3,37778.9,45463.1,55900.9
61,1.20837,35439.3,37584,45297.9,54225.9
62,1.22781,35439.3,38852,45362.1,55747.2
63,1.24776,35439.3,38860.1,45747.1,55426.9
64,1.26706,35439.3,37406,45354.3,55933.5
65,1.28639,35439.3,39013.2,45250.6,53538.5
66,1.30548,35439.3,37179,45107.8,55731.2
67,1.32502,35439.3,38290.5,45031.3,55310.7
68,1.34431,35439.3,37946.2,45176.1,57255.1
69,1.36446,35439.3,38088.5,45302.8,57730.6
70,1.38398,35439.3,37298.9,45896.2,55300.1
71,1.40329,35439.3,37777.9,45022.9,54831.2
72,1.42267,35439.3,38765.5,45230.9,52523.1
73,1.44175,35439.3,37402.8,44674.9,53351
74,1.46069,35439.3,38633.1,44831.4,55570.4
75,1.4799,35439.3,36720.4,45334.1,55746.4
76,1.499,35439.3,36809.6,45112.8,52911.9
77,1.5183,35439.3,37126.4,45209.8,54197.6
78,1.53731,35439.3,37262.6,45226.9,53496.4
79,1.55648,35439.3,37510.2,45473.9,55741.5
80,1.5758,35439.3,37520.7,45002.9,53283.3
81,1.59508,35439.3,37813.4,45079.2,56827.7
82,1.61416,35439.3,37481.8,45087.9,55034.3
83,1.63337,35439.3,38072.8,45067.6,54839.2
84,1.65261,35439.3,37868.1,45292.4,56053.1
85,1.67176,35439.3,38524.3,45536.1,55214.6
86,1.69104,35439.3,37594.2,45165.7,58431.1
87,1.71027,35439.3,36138.7,44997.9,55638.5
88,1.72945,35439.3,37795.4,45047.6,52042.8
89,1.74855,35439.3,39007.6,45401.4,53692
90,1.76753,35439.3,37607,45127.7,54832
91,1.78658,35439.3,38845,45247.3,54365.5
92,1.80575,35439.3,38193.7,44940.3,54139.4
93,1.82487,35439.3,38902.2,45468.9,54430.2
94,1.84401,35439.3,39102.2,45172.1,54388.9
95,1.86334,35439.3,37388.5,45183.6,53086.9
96,1.88255,35439.3,37284.1,45492.7,54813.2
97,1.90144,35439.3,36771,45149.8,54255
98,1.92068,35439.3,38516.4,45057,56608.1
99,1.93998,35439.3,38744.1,44944.5,54185.9
100,1.95946,35439.3,38169.7,45478.7,55911.6
101,1.97888,35439.3,36384.2,44810.1,55174.6
102,1.99807,35439.3,35930.1,44810,56522.6
103,2.0173,35439.3,36906.1,44915.1,59777.3
104,2.03668,35439.3,36666.8,45314.9,54645.2
105,2.05595,35439.3,36062.5,45727.6,60168.4
106,2.07561,35439.3,38274.3,45247.1,55677.8
107,2.09471,35439.3,36049.8,45038.2,57062.2
108,2.11383,35439.3,38813.9,45048.1,53613.2
109,2.13324,35439.3,37865.6,45453.2,54257.1
110,2.15268,35439.3,38575.2,45290.5,56025
111,2.172,35439.3,38120.9,45432.9,57558.2
112,2.19126,35439.3,38276.4,45385.9,55922.5
113,2.21049,35439.3,37127.7,45228.5,54884.5
114,2.22969,35439.3,36035.4,45039.6,56288.5
115,2.24891,35439.3,36381.8,45138.8,55582.6
116,2.26814,35439.3,37289.2,44967.7,54229.7
117,2.28739,35439.3,37051.4,45180.5,53019.7
118,2.30657,35439.3,37400,44862,55490.1
119,2.32596,35439.3,38597.5,45077.9,53123.8
120,2.34529,35439.3,37128.6,44785.9,53275.6
121,2.36478,35439.3,37612.4,45260.5,55997.7
122,2.38409,35439.3,37467.9,45114.1,54911.8
123,2.40346,35439.3,36756.1,45082.3,53077.3
124,2.42303,35439.3,37405.4,44841.5,53386.4
125,2.44246,35439.3,36640,44978,58503.9
126,2.46204,35439.3,37778.6,45293.3,53499.7
127,2.48148,35439.3,37994.5,44585.2,56168.1
128,2.50108,35439.3,37994.1,45196.4,58091.7
129,2.52066,35439.3,37701.4,44900.1,52600.5
130,2.54043,35439.3,37527.9,45552.3,54675.5
131,2.55986,35439.3,38750.3,44913.8,56025.3
132,2.57964,35439.3,37362.3,44976.7,55440.7
133,2.59937,35439.3,39198.1,45056,53967.8
134,2.61882,35439.3,35826.2,45134.9,55920.9
135,2.63826,35439.3,38232.4,45424.3,58808.3
136,2.65788,35439.3,36540.8,45277.9,66782.4
137,2.67745,35439.3,36994.2,45321.6,53807.9
138,2.69714,35439.3,38631.5,45492.3,55280.5
139,2.71805,35439.3,38483.4,45300.9,55813.2
140,2.73764,35439.3,37528.3,45474.7,58602.8
141,2.7571,35439.3,37715.7,44866.6,54661.3
142,2.77676,35439.3,36296.2,44811.2,52970
143,2.79612,35439.3,38443.5,45582.8,53707.5
144,2.81553,35439.3,38016.9,45158.6,55457.3
145,2.83512,35439.3,36323,45597.8,56924.2
146,2.8544,35439.3,38971.3,45250.6,56464.8
147,2.87356,35439.3,37765.3,45151.2,53554.3
148,2.89281,35439.3,38426.6,44874.4,56497.4
149,2.9122,35439.3,37168.9,45316.7,55280.8
150,2.9315,35439.3,38040.2,45013.5,55932.2
151,2.95083,35439.3,37584.9,44983.2,54107.8
152,2.97022,35439.3,36316.1,45037,55020.6
153,2.98951,35439.3,37320.5,45440.3,61236.8
154,3.00882,35439.3,37779.1,45049.4,54821.6
155,3.02807,35439.3,37723.3,45663.7,55114
156,3.0472,35439.3,36008,44927.1,58179.7
157,3.06643,35439.3,36479.6,45226.6,56670.9
158,3.08578,35439.3,37275.3,45240.3,54189.4
159,3.10527,35439.3,37968.9,45169.6,54075
160,3.12454,35439.3,38397,45618.8,55089
161,3.14371,35439.3,37057,45194.7,55300.9
162,3.16314,35439.3,36952.3,45562.4,58289.3
163,3.18254,35439.3,36917.3,45366,54001
164,3.20186,35439.3,37721.1,45298.1,56091.4
165,3.22138,35439.3,36666,45250.3,54861.2
166,3.24078,35439.3,36836.6,45009.6,53117.4
167,3.26012,35439.3,37894.1,45321.9,53540.4
168,3.27941,35439.3,38515.7,45279.6,55781.7
169,3.29876,35439.3,38331.5,45605.3,56804.4
170,3.31796,35439.3,37880.7,45530.7,56866.3
171,3.33723,35439.3,37085.8,44922.1,55427.2
172,3.35655,35439.3,37316.5,45053.7,57217.1
173,3.37628,35439.3,36219.9,45366.7,54318.4
174,3.3962,35439.3,36221.6,44993.4,54699.3
175,3.41605,35439.3,37802.9,45563.5,54465.2
176,3.43574,35439.3,37604,45100.5,54560.1
177,3.45563,35439.3,36574.5,45536,55368.4
178,3.47557,35439.3,37090.5,45220.4,54966.6
179,3.49534,35439.3,37637.9,45305.7,54178.5
180,3.51464,35439.3,37854.4,45075.9,55027.5
181,3.53409,35439.3,38476.5,45489.1,56476.7
182,3.55346,35439.3,37344,45032.4,54456.9
183,3.57274,35439.3,38443.9,45216.7,53142.6
184,3.59217,35132.3,35132.3,45121.3,53185.1
185,3.61154,35132.3,36819,45279.9,55963.7
186,3.63082,35132.3,38568.5,45124.8,53910.1
187,3.65013,35132.3,38022.7,44818.8,53505.6
188,3.66944,35132.3,38420.7,44895.8,55041.9
189,3.68891,35132.3,36076.6,45130.6,56743.5
190,3.70822,35132.3,37556.2,44969.7,56071.7
191,3.72766,35132.3,37824.4,44968.8,53489.1
192,3.74706,35132.3,38883.2,44842.2,57130.7
193,3.76634,35132.3,37276,45087.5,56438.7
194,3.78571,35132.3,38585.5,44527.8,53969.2
195,3.80504,35132.3,37294.3,44984.7,54502.1
196,3.82436,35132.3,37887.9,45018.7,54873.1
197,3.84369,35132.3,38460.5,45213,56820.5
198,3.8631,35132.3,35991.5,44843.1,57501.3
199,3.88266,35132.3,36853.8,45107.2,54448
200,3.9026,35132.3,38304.6,45532.8,54615.9
201,3.92186,35132.3,37650.1,45241.3,55550.7
202,3.94109,35132.3,36287.1,45463.4,54755.4
203,3.96052,35132.3,36660.3,45382.8,55478.6
204,3.9799,35132.3,37886.9,45110.4,54872.6
205,3.99943,35132.3,37887.2,45401.8,55580.3
206,4.01879,35132.3,36002.4,44830.2,55139.9
207,4.03799,35132.3,37946.5,45046.9,55294.4
208,4.05731,35132.3,37526,45459.6,54768.9
209,4.07699,35132.3,36770.6,44942.4,55984.3
210,4.09642,35132.3,38341.8,45156.2,52645.5
211,4.11561,35132.3,38017.3,44861.7,58481.8
212,4.13506,35132.3,36596.8,45014.7,57287.9
213,4.15424,35132.3,36987.9,45011.3,57416.6
214,4.17384,35132.3,35798.5,44864.1,54179.3
215,4.19275,35132.3,37203.7,45259.8,56801
216,4.21225,35132.3,36483.7,45223.4,53220.6
217,4.23174,35132.3,38611.2,45485.9,55285.4
218,4.25114,35132.3,37800,45216.6,58969.2
219,4.27047,35132.3,36899.9,45159.8,55271
220,4.2901,35132.3,38727.2,45385,56389.1
221,4.30975,35132.3,36452.9,45117.7,55707
222,4.32907,35132.3,38446.8,45265.6,57235.3
223,4.34855,35132.3,37435.3,45022,56009.8
224,4.36812,35132.3,37747.6,45064.6,57109.5
225,4.38752,35132.3,37260,45192.4,55453.6
226,4.40691,35132.3,38066.9,45261.6,56043.8
227,4.4266,35132.3,38035.7,45064.6,56076.5
228,4.44637,35132.3,38783.5,44797.6,55548
229,4.46595,35132.3,39074.4,45398.2,55178.7
230,4.48527,35132.3,36050.4,45233.8,54969.9
231,4.50491,35132.3,37844.5,44993.6,54398.3
232,4.52428,35132.3,38875.3,45044.6,55879.2
233,4.54375,35132.3,37527.2,44790.2,54625.8
234,4.56293,35132.3,37585.7,45150.6,54087
235,4.58277,35132.3,38833.1,45389.2,55639.3
236,4.60196,35132.3,38171.2,45041,53352.5
237,4.62118,35132.3,36849.6,45222.8,54456.6
238,4.64049,35132.3,38136.4,45097.5,53511.9
239,4.65977,35132.3,37494.9,44817.2,54306.8
240,4.67905,35132.3,38295.3,45163.6,55465.5
241,4.69846,35132.3,38048.3,44954.7,58176.5
242,4.71839,35132.3,38679,45089.9,56344.9
243,4.73803,35132.3,35843.1,45466.7,53508.5
244,4.75725,35132.3,37406.9,45482.5,54336.3
245,4.77658,35132.3,37203.6,45244.2,54669
246,4.79594,35132.3,35545.2,44880,56108.9
247,4.81538,35132.3,37504.9,45487.5,57066.9
248,4.83474,35132.3,38104.5,45241.6,54414.8
249,4.85412,35132.3,36677,45173.4,55461.6
250,4.87337,35132.3,37698.3,45147.1,56706.7
251,4.89262,35132.3,37191.3,45377.8,55871.2
252,4.91188,35132.3,37346.9,44878.6,54868.2
253,4.93097,35132.3,38017.3,45226.6,52521.6
254,4.95038,35132.3,38963.5,45651.3,54777.9
255,4.96983,35132.3,38517.8,45141.2,55095
256,4.989,35132.3,36373.1,45061.8,56113
257,5.00838,35132.3,35874.7,45410.3,57300.8
258,5.02778,35132.3,37822.5,45266.5,54537
259,5.04699,35132.3,38024.2,44990.4,53059.4
260,5.06622,35132.3,36781.2,44833.8,54360.9
261,5.08555,35132.3,37533.6,45222.4,52773.5
262,5.10469,35132.3,37182.4,45020.1,54822.2
263,5.12389,35132.3,38325.8,45060.2,53496.8
264,5.14326,35132.3,36035.4,44995,53538.7
265,5.16258,35132.3,37989.7,44944.2,52720.4
266,5.182,35132.3,38428.3,45347.4,54478.2
267,5.20133,35132.3,37442.4,44842.7,54675.8
268,5.2207,35132.3,37391.5,45141.9,55000.1
269,5.24002,35132.3,38408.3,45822.5,56246.2
270,5.25926,35132.3,37310.6,45176.5,59402.1
271,5.27868,35132.3,36138.3,45367.9,56753
272,5.29796,35132.3,37365.9,44833.4,55866.1
273,5.31737,35132.3,37115.1,44777.8,54728.6
274,5.33667,35132.3,37712.1,45068.7,55789.9
275,5.3561,35132.3,37340.7,45162.2,53358.6
276,5.37543,35132.3,37134.9,44563.7,54160.6
277,5.39459,35132.3,37904.9,45135.6,57202.3
278,5.41385,35132.3,37768,44797.2,60236.8
279,5.43315,35132.3,37407.6,44724.2,55530.2
280,5.45252,35132.3,36546,45254.9,58049.5
281,5.47185,35132.3,37918,45513.9,56114.2
282,5.49132,35132.3,37268.8,45339.2,53846.7
283,5.51065,35132.3,37737.8,45198.6,58691.1
284,5.53003,35132.3,36897.4,45205.2,57581.5
285,5.54933,35132.3,36899.9,44525.5,53930.1
286,5.56895,35132.3,37397,45442.7,55220.3
287,5.58839,35132.3,38142,45069.2,56452.7
288,5.60785,35132.3,37935.2,44812.5,56187.8
289,5.62715,35132.3,37985.5,45157.6,54660.7
290,5.64645,35132.3,36857.9,44662.1,55892.5
291,5.66583,35132.3,38417.4,44640.1,52953.7
292,5.68505,35132.3,38386,44627,56663.4
293,5.70422,35132.3,37686.3,44775.1,55029.2
294,5.72349,35132.3,36726.7,45140,54659.9
295,5.7428,35132.3,36923.3,45266.1,54674.9
296,5.76213,35132.3,36763.8,44840.1,56376.8
297,5.78142,35132.3,38216.5,45374.7,56858
298,5.80097,35132.3,37598,45037.8,54991.3
299,5.82051,35132.3,37025.2,45103.4,55389.4
300,5.8399,35132.3,37425.2,44992.9,53753.6
301,5.85934,35132.3,37845.5,45266.4,59918
302,5.87877,35132.3,38306.6,45090.7,59459.2
303,5.89816,35132.3,37932,45199.1,58303.3
304,5.91738,35132.3,38328.7,45111.6,56414.7
305,5.93668,35132.3,39209.3,45521.4,55091.5
306,5.95602,35132.3,36178.2,45068.8,53307.4
307,5.97539,35132.3,36414.6,45011.7,56856.1
308,5.99473,35132.3,38513.5,45221.5,55938.1
309,6.01404,35132.3,37422.1,44629,53987.1
310,6.03331,35132.3,37541.5,45019.1,55723.8
311,6.05267,35132.3,36781.4,45019.4,53567.5
312,6.07197,35132.3,38205.4,45139.7,54029.3
313,6.09126,35132.3,37932.3,44937.8,54959
314,6.11077,35132.3,36860,45303.7,56538.9
315,6.13003,35132.3,36119.3,45489.6,52831.3
316,6.14935,35132.3,37496.3,45094.5,54610.8
317,6.16866,35132.3,38153.6,45346.3,54443.7
318,6.18786,35132.3,37295,45188.7,55511.6
319,6.20726,35132.3,36350,45128.3,55539.6
320,6.22665,35132.3,38106.7,45530.6,55681.2
321,6.24599,35132.3,36586.8,44986.8,55370.8
322,6.26524,35132.3,38369.2,44973.4,54337.2
323,6.28466,35132.3,37642.5,45253.5,58708.4
324,6.3042,35132.3,38554,45347.1,54559.9
325,6.32353,35132.3,38617.8,45283.9,53157.2
326,6.34295,35132.3,36864.3,44909.7,53555.1
327,6.3623,35132.3,37156.3,45267.8,58455
328,6.38158,35132.3,38372.6,44701.7,53347.4
329,6.40109,35132.3,38187.5,44860.4,55586
330,6.42021,34902.5,34902.5,44927.3,55731.6
331,6.43958,34902.5,38400.1,45372.4,56318.7
332,6.45895,34902.5,36568.3,45248.5,56412.5
333,6.47831,34902.5,37983,45081.4,54681.3
334,6.49746,34902.5,37826.8,44864.1,53565.7
335,6.51698,34902.5,37968.1,44780.3,55237.8
336,6.53628,34902.5,37545.5,44894.8,55346.9
337,6.55566,34902.5,37737,45006,55441.3
338,6.57524,34902.5,38876.6,45140.4,53771.4
339,6.59477,34902.5,36886.3,44793.8,53508
340,6.61425,34902.5,37130.1,45192.6,53610.9
341,6.63366,34902.5,36922.2,45253.1,55200.8
342,6.65307,34902.5,36739.9,44693.1,56466
343,6.67239,34902.5,38756.8,45075.5,53351.3
344,6.6917,34902.5,38009.9,44809.2,57337.2
345,6.71106,34902.5,37350,45252,53907.3
346,6.7303,34902.5,35467.1,44977.8,54278.7
347,6.74973,34902.5,36324.8,44994.1,56177.8
348,6.76928,34902.5,38101.4,44992.4,59476
349,6.78863,34902.5,37190.1,44822.8,55770.2
350,6.80808,34902.5,37555.9,44760.4,56771.5
351,6.82728,34902.5,36125.6,44814.2,58791.1
352,6.84669,34902.5,37509.6,44828.9,55701.8
353,6.86622,34902.5,36284.5,44971,55651.9
354,6.88561,34902.5,38048.2,45161.8,57190.6
355,6.90487,34902.5,37409.1,44811.4,54897.6
356,6.92459,34902.5,38160.1,44956.4,52997.9
357,6.94389,34902.5,38099.7,45048.4,54075.8
358,6.96328,34902.5,37187.8,45296.2,56234.9
359,6.98321,34902.5,37184.4,45598.3,58175.8
360,7.00267,34902.5,38249.2,45509.8,57200.3
361,7.02207,34902.5,37126.5,45196.9,56172.4
362,7.04162,34902.5,36878.2,44658.8,59001.7
363,7.06135,34902.5,37332.1,44657.6,54428.9
364,7.08083,34902.5,38882.8,45151.7,54655.1
365,7.10026,34902.5,36940,44745.7,54055.3
366,7.11969,34902.5,36640.2,44841.6,55723.1
367,7.13901,34902.5,38130.8,44533.5,58055.8
368,7.15854,34902.5,38118.6,44886.2,54215.8
369,7.17793,34902.5,37393.5,44370.1,52523
370,7.19741,34902.5,36965.8,44455.5,55082.2
371,7.2168,34902.5,38205.3,44755.3,57421.2
372,7.23611,34902.5,36394.1,44675.4,60035.4
373,7.25524,34902.5,36589.4,44917.6,55328.3
374,7.27517,34902.5,37700.7,44891.4,54823.5
375,7.29506,34902.5,37812.7,44985.1,57969.1
376,7.31474,34902.5,37062,44876.2,53814.7
377,7.33459,34902.5,36915.7,44865.2,54942.7
378,7.35414,34902.5,36067.8,44657.5,53609.9
379,7.37361,34902.5,37742.9,45047,55704.4
380,7.39311,34902.5,38572.3,44973.8,55058.2
381,7.41258,34902.5,37102.4,44763.6,52474.9
382,7.43199,34902.5,36236.8,44704.8,56707.1
383,7.45134,34902.5,37876.3,44512.8,53437.2
384,7.4706,34902.5,37894.3,45019,53598.4
385,7.49001,34902.5,37827.7,44909.6,55029.6
386,7.50941,34902.5,36001.5,44724,52937.3
387,7.52887,34902.5,36937.7,44820.4,56122.2
388,7.54817,34902.5,37663.8,45145.1,51901.8
389,7.56776,34902.5,37217.1,44789.1,54521
390,7.58738,34902.5,37995.5,44897.7,53153.3
391,7.60687,34902.5,37411.9,44661.2,52943.6
392,7.62623,34902.5,38244.3,45170.7,55584.7
393,7.64574,34902.5,38682.5,44892.8,55750
394,7.66496,34902.5,37472.3,44722.7,60283.8
395,7.68445,34902.5,38503.5,44758.5,58659.3
396,7.70407,34902.5,36430.6,44994,56208.3
397,7.72346,34902.5,38033.6,45205,55850.7
398,7.74305,34902.5,37524.9,45056.2,55461.2
399,7.76235,34902.5,37140.9,45059.7,54726.1
400,7.78225,34902.5,36976.8,44906.9,52512.8
401,7.80169,34902.5,36789.2,44968.3,53801.9
402,7.82138,34902.5,37730.6,44813.6,53038.3
403,7.84082,34902.5,37315.5,44935,52690.3
404,7.86034,34902.5,37622.7,45038.1,56042.9
405,7.87971,34902.5,37039.2,45141.6,55130.4
406,7.89932,34902.5,37725.1,44742,57526.2
407,7.91895,34902.5,37513.1,45285.5,56398.8
408,7.93835,34902.5,38250.3,44772.9,52726.6
409,7.95778,34902.5,37702.3,44940.7,54906.4
410,7.97725,34902.5,38816.3,44950.3,56771.3
411,7.99657,34902.5,37048.3,45334.3,55867.9
412,8.01598,34902.5,37998.3,44658.4,55059.5
413,8.03532,34902.5,37940.6,44793.7,51550.1
414,8.05469,34902.5,37365.6,44850.1,53833.4
415,8.0742,34902.5,36629.8,44877.2,54328.3
416,8.09341,34902.5,36393.8,44654,55972.5
417,8.11285,34902.5,39001.5,45059.8,57699.9
418,8.13214,34902.5,36623.3,44619.1,54539.5
419,8.15154,34902.5,38708.4,44817.2,53031.5
420,8.17129,34902.5,38137.8,44767.9,52439.6
421,8.19082,34902.5,37378.9,45309.2,55822.6
422,8.21041,34902.5,37734,45306.4,56836.9
423,8.22984,34902.5,37126.7,44804.6,57765.2
424,8.24951,34902.5,37996.7,45447,55071.9
425,8.26895,34902.5,37526.6,44362.9,53329
426,8.28861,33501.8,33501.8,45120.7,54140.1
427,8.30785,33501.8,38765,45079.4,53497.1
428,8.32707,33501.8,36889.5,45016.5,57929.9
429,8.34651,33501.8,37025.8,44906.4,56251.7
430,8.36602,33501.8,38005.1,44636,60748.7
431,8.38565,33501.8,37711.4,45183.9,53064.7
432,8.40493,33501.8,37182.9,44611.9,56675.9
433,8.4244,33501.8,36761.7,45100.9,56227.8
434,8.44378,33501.8,37682.2,45122.2,56231
435,8.46308,33501.8,37332.5,45319.5,54952.1
436,8.48243,33501.8,37592.1,45109.6,53578.8
437,8.50196,33501.8,35675.6,44842.1,55363.7
438,8.52146,33501.8,37357.1,45062.7,53858.6
439,8.54093,33501.8,38244.6,44955.6,54467
440,8.56045,33501.8,39474.8,44571,52358.8
441,8.58002,33501.8,37056.4,44668.1,53650.1
442,8.59927,33501.8,35919.1,45041.8,55117.9
443,8.61881,33501.8,36795.9,44802.9,55282.9
444,8.63814,33501.8,35811.7,45022.9,54008.9
445,8.65752,33501.8,37597.7,44939.1,57454.7
446,8.67711,33501.8,37371.8,45275.7,57384.8
447,8.69656,33501.8,37205,44946.3,55910.5
448,8.71615,33501.8,36698.5,44443.1,54534.4
449,8.73543,33501.8,38572.3,44859.3,57097.1
450,8.75484,33501.8,36833.7,44911.5,53143.5
451,8.77399,33501.8,36992.4,44914.8,55073.4
452,8.79348,33501.8,37336.8,44898.6,56451.2
453,8.81303,33501.8,36849.1,44775.9,53435
454,8.83233,33501.8,36880.5,45029.2,57389
455,8.85134,33501.8,37150,44979.8,55247.9
456,8.87067,33501.8,38010.5,44879.8,53352.8
457,8.89015,33501.8,37822.5,45433.1,55380
458,8.90967,33501.8,37008.5,45341.7,54522.3
459,8.929,33501.8,37512.4,44632.7,54268.6
460,8.9484,33501.8,37908.6,45179.1,53846.3
461,8.96777,33501.8,37892.3,45540.5,57626.2
462,8.98697,33501.8,36974.5,44944.8,54184.4
463,9.00642,33501.8,38076.4,45157.6,57492.9
464,9.02573,33501.8,37716.4,44679.3,56877.5
465,9.04501,33501.8,36341.5,44693.9,54001
466,9.06447,33501.8,38409.7,45087.5,59084.9
467,9.08341,33501.8,36566.2,44683.5,62446.7
468,9.10284,33501.8,36902.4,44856.8,55844.2
469,9.12217,33501.8,37073.8,44950.4,58997
470,9.14152,33501.8,37551.9,44533.7,55018.8
471,9.16091,33501.8,37997.5,44990,57717
472,9.18048,33501.8,38051.5,45302.2,60832.1
473,9.19971,33501.8,39145.9,44881.3,53474
474,9.2191,33501.8,37196.3,44800.8,54516
475,9.23841,33501.8,37545.1,44548.1,53835.6
476,9.2578,33501.8,36507.6,44852.4,56332
477,9.27723,33501.8,34844.9,44608.2,54909
478,9.29699,33501.8,37852.9,44957.5,62689.3
479,9.31629,33501.8,37533.8,44547.9,54772.1
480,9.3352,33501.8,35805.9,44786.4,55310
481,9.35431,33501.8,35420.7,44470.2,52830.8
482,9.37348,33501.8,36349.5,44859.8,54041.6
483,9.39253,33501.8,36747.4,44721.9,53499.1
484,9.41185,33501.8,37190.2,44699,54563.5
485,9.43108,33501.8,36713.2,44957.5,55186.1
486,9.45024,33501.8,37416.5,44825.5,57250.9
487,9.46956,33501.8,36994.7,44971.1,53818.9
488,9.48865,33501.8,38252.8,44729.5,54250
489,9.50793,33501.8,37050.3,44402.9,53908.7
490,9.52705,33501.8,37278.8,44637.7,55912.7
491,9.54619,33501.8,37490.2,44821.8,53985.1
492,9.56525,33501.8,38200.7,45257.8,57421.9
493,9.5847,33501.8,37013.4,44926.4,54872.2
494,9.60404,33501.8,37389.2,44693,54550.1
495,9.62325,33501.8,36831.7,45196.4,53759.6
496,9.64255,33501.8,38825.9,45218.1,56383.4
497,9.66182,33501.8,36879.6,44792.8,53683.3
498,9.68097,33501.8,36727.7,44990.1,53620.7
499,9.70004,33501.8,36265,44979.4,58208.9
500,9.71939,33501.8,37922.7,45065.4,55793.4
501,9.73837,33501.8,35372.8,44949.6,54237.8
502,9.75751,33501.8,37061.1,44873,55399.2
503,9.7767,33501.8,37211.4,44738.3,57336.5
504,9.79597,33501.8,37207.7,44633.9,52371
505,9.81526,33501.8,37272.6,44749.6,56666
506,9.83455,33501.8,37650.6,45140.9,54725.3
507,9.85363,33501.8,34230.8,45027.2,55612.1
508,9.87283,33501.8,38234.1,44834.5,55577.4
509,9.89202,33501.8,36465.4,45091.8,56264.8
510,9.91127,33501.8,37464.1,45050.1,55088.1
511,9.93052,33501.8,37316.3,44948.6,56032.9
512,9.95022,33501.8,38099.8,45139,53999.4
513,9.96949,33501.8,36538.4,45339.2,55894
514,9.98875,33501.8,37539.9,44704.7,53505.1
515,10.0079,33501.8,36083.1,45095,54614.2
516,10.0272,33501.8,35614.5,45156.4,56432
517,10.0466,33501.8,37805.3,44723.9,54470.4
518,10.0657,33501.8,38708.7,45087.2,62468.5
519,10.0854,33501.8,37075.6,44971.7,54997.6
520,10.1048,33501.8,36894.2,45308.1,56657.6
521,10.1241,33501.8,37761.3,44856.1,56326
522,10.1433,33501.8,37388.2,45052.9,53999.7
523,10.1627,33501.8,38454.3,44958.8,57347.6
524,10.1822,33501.8,36782.6,44975.6,57542
525,10.2016,33501.8,35905,44497.1,55404.2
526,10.2206,33501.8,37725.2,44799.8,55987.8
527,10.2399,33501.8,35972.1,44816.3,54520.8
528,10.259,33501.8,36919.8,44700.3,56412.6
529,10.278,33501.8,38396.9,45071.4,54366.4
530,10.2973,33501.8,37360.6,45219.8,55034.5
531,10.3166,33501.8,38797.2,45156.8,56830.2
532,10.3357,33501.8,38410.4,44679.3,54107.4
533,10.3549,33501.8,36371.5,44790.8,53797
534,10.3742,33501.8,37141.4,44604.5,53109.7
535,10.3933,33501.8,38186.2,44720.9,53583
536,10.4127,33501.8,36793.3,45231.1,54270.2
537,10.432,33501.8,38571.3,45160.4,55928
538,10.4516,33501.8,37359.4,45020.9,52679.2
539,10.4709,33501.8,38061.7,44754.9,53008.7
540,10.4901,33501.8,36012.3,45081.2,52501.7
541,10.5092,33501.8,37361.3,44622.6,53917.3
542,10.5284,33501.8,37138.7,45116.7,55529.6
543,10.5476,33501.8,37336.3,44796.3,53461.3
544,10.5669,33501.8,37804.5,45060.9,55321.4
545,10.5866,33501.8,38675.9,44975.9,53223.9
546,10.6058,33501.8,38134.1,45383.4,55548.2
547,10.625,33501.8,36524.4,44931.7,53579.7
548,10.6443,33501.8,38252.7,44783.9,54804.7
549,10.6635,33501.8,37257.8,45141.4,54530.5
550,10.6827,33501.8,35920.2,45049.5,57869.1
551,10.7019,33501.8,38075.5,45190.3,56097.7
552,10.7209,33501.8,38217,44746.2,57767
553,10.7401,33501.8,36776.5,44668.8,53687.2
554,10.7595,33501.8,38043.2,45281.2,57484.3
555,10.7788,33501.8,36681.6,44737.6,54512.8
556,10.7983,33501.8,36988.4,45193.3,54625.6
557,10.8176,33501.8,37734.4,45122.9,55195
558,10.8368,33501.8,36482.3,45018.7,55150.8
559,10.8562,33501.8,37768.7,45117.3,52852.5
560,10.8759,33501.8,36504.5,45090.1,61750.6
561,10.8953,33501.8,38636.9,45412.8,53486.9
562,10.9146,33501.8,38122.6,45131.8,53796.8
563,10.9338,33501.8,37096.3,45236.6,55307
564,10.953,33501.8,37156.2,45585.9,56179.1
565,10.9723,33501.8,38560.5,45116.2,56625.8
566,10.9918,33501.8,37580.1,44868.8,53497.7
567,11.0111,33501.8,38899.7,44964.7,54317.2
568,11.0302,33501.8,34850,44915.9,55241.1
569,11.0493,33501.8,37899.6,44569.4,52985.2
570,11.0684,33501.8,36542,44893.9,54202.3
571,11.0877,33501.8,36861.5,45538.7,58069.8
572,11.107,33501.8,37179.5,44777.6,52973
573,11.1262,33501.8,37433.3,45161.1,57285.4
574,11.1454,33501.8,36671.3,44920.5,53047.3
575,11.1647,33501.8,35872.1,44862.6,53269.2
576,11.1841,33501.8,35097.2,45027.3,52395.9
577,11.2047,33501.8,37677.1,44664.4,54896.5
578,11.2242,33501.8,38022,44842.2,59243.5
579,11.2434,33501.8,36913.3,45262,56107.7
580,11.2628,33501.8,37436.6,45050,54824
581,11.282,33501.8,37083.6,44934,54589.7
582,11.3025,33501.8,37484.2,45432.7,64309.1
583,11.3226,33501.8,35773.9,45298.4,56540.3
584,11.3423,33501.8,36882.7,45238.8,53468.3
585,11.3618,33501.8,38276.5,44891.5,53403.4
586,11.3811,33501.8,36785.9,44664.5,53203.2
587,11.4002,33501.8,36252.9,44527.8,55301.8
588,11.4195,33501.8,38297.8,45106.6,53080.7
589,11.4387,33501.8,36035,45015.7,57319.6
590,11.4586,33501.8,37660.5,45039.1,55589.7
591,11.4778,33501.8,37265.2,44865.1,54764.3
592,11.4972,33501.8,37813.7,44910.6,55559.3
593,11.5164,33501.8,38404.4,45227.6,58466.5
594,11.5356,33501.8,36713.3,44797.7,55276.5
595,11.5548,33501.8,36645.9,44604.4,53912
596,11.5746,33501.8,37690.4,45181.4,57239.8
597,11.5938,33501.8,38093.8,44725.7,53416.5
598,11.6128,33501.8,36062.7,45109,54630
599,11.632,33501.8,36459.7,44794.1,55137.8
600,11.6514,33501.8,36742.1,45305.1,56234.7
601,11.6706,33501.8,34906.2,45554,53918.8
602,11.6899,33501.8,37680.8,45457.4,54027.2
603,11.709,33501.8,36962.5,45097.1,53673.5
604,11.7283,33501.8,38352.8,44955.8,53409.5
605,11.7476,33501.8,38465.6,45539.4,55349.3
606,11.7668,33501.8,37297.9,45519.6,54953.6
607,11.7861,33501.8,38658.8,45288.7,53468
608,11.8052,33501.8,37297.5,45041.4,53635.3
609,11.8244,33501.8,38201.4,45088.8,57024.1
610,11.8436,33501.8,37106.3,45148.4,52410.3
611,11.8627,33501.8,37863.5,45155.1,54298.5
612,11.8818,33501.8,37978.9,44694.4,55758.9
613,11.901,33501.8,37504.3,44928.4,54049
614,11.9202,33501.8,37471.8,44827.6,52368
615,11.9392,33501.8,37299.7,44554.4,53139.8
616,11.9587,33501.8,38009.5,45416.1,58436.5
617,11.9777,33501.8,37770.1,44562.3,53218.8
618,11.9969,33501.8,36878.8,44698.1,54793.3
619,12.0162,33501.8,38502.5,45120.3,56356.6
620,12.0355,33501.8,35402.1,44441.6,53122.6
621,12.0547,33501.8,38388.2,44953.6,54413
622,12.0739,33501.8,37389,44442.3,52821.9
623,12.0932,33501.8,35565.3,45035.1,56140.5
624,12.1124,33501.8,37399,44936.3,54849.9
625,12.1318,33501.8,37528.1,44938.9,53557
626,12.151,33501.8,37552.2,44557.1,54866.1
627,12.17,33501.8,37694,44783,53634.5
628,12.1894,33501.8,36711.1,44809.1,56688.9
629,12.2086,33501.8,38132,45102.6,54180.9
630,12.2279,33501.8,37999.8,44968.9,55827.8
631,12.2471,33501.8,37511.5,45435.9,57567
632,12.2665,33501.8,38363.1,45277.2,56608.1
633,12.2858,33501.8,38026.5,44752.3,58920.9
634,12.305,33501.8,38717.2,44842.2,54565.1
635,12.3241,33501.8,38093.8,45396,57718.9
636,12.3434,33501.8,37840.8,44674.2,53289
637,12.3626,33501.8,37360.5,45393.4,53541.9
638,12.3819,33501.8,37631.4,45297.3,54069
639,12.4011,33501.8,38070.8,44594,52074.2
640,12.4204,33501.8,35932.4,44794.2,52450.5
641,12.4394,33501.8,37233.5,44462.4,52881.1
642,12.4588,33501.8,37429.4,44592.7,54834.9
643,12.478,33501.8,37026.1,44675.9,57290.5
644,12.4971,33501.8,36951.4,44679.9,55425.7
645,12.5162,33501.8,35369.3,45097.9,55387.1
646,12.5354,33501.8,36093.9,44250.9,55960.5
647,12.5548,33501.8,36948.4,44641.1,56841.8
648,12.5741,33501.8,37984.6,45028.3,58762.6
649,12.5934,33501.8,36604.4,44532.9,57289.9
650,12.6127,33501.8,35312.9,44576,53629.8
651,12.6319,33501.8,36283.6,44683.8,57808.6
652,12.651,33501.8,37946.4,44613.3,55863
653,12.6702,33501.8,37770.7,44448.5,52834.4
654,12.6894,33501.8,37034.5,44627,55635.5
655,12.7086,33501.8,37070.4,44391.9,56033.8
656,12.7277,33501.8,34012.8,44627.2,52964
657,12.7469,33501.8,37331.6,44712.4,56871.7
658,12.7661,33501.8,37345,44381.8,56034.2
659,12.7852,33501.8,37190.3,44518.5,53381.2
660,12.8045,33501.8,36561.6,44426.1,56514.4
661,12.8237,33501.8,38795.8,44591.8,51506.2
662,12.8428,33501.8,37029.8,44367.2,56470.9
663,12.862,33501.8,37009.6,44537.6,55560.4
664,12.8813,33501.8,37071.2,44866.4,55972.6
665,12.9006,33501.8,37142.8,44639.9,55287.4
666,12.9198,33501.8,37904,44658.3,55023.5
667,12.939,33501.8,36073.2,44559.2,54628.9
668,12.9582,33501.8,38089.3,44985.7,53613.1
669,12.9775,33501.8,38844.3,44928.4,53966.5
670,12.9968,33501.8,38750,45279.7,56374.1
671,13.0161,33501.8,36734.9,45102,54100.4
672,13.0354,33501.8,37915.7,44685.7,54586.8
673,13.0545,33501.8,36342.6,44591.9,53374.4
674,13.0738,33501.8,37379.2,44818.5,54278.9
675,13.0931,33501.8,37270.6,45188.3,55762.3
676,13.1124,33501.8,36677.5,44757.5,54601.4
677,13.1317,33501.8,38132,44980.3,56776.4
678,13.1511,33501.8,38329,45189.2,56372.1
679,13.1702,33501.8,35132.9,44400.9,54122.7
680,13.1894,33501.8,36564.9,44731.3,52106.2
681,13.2085,33501.8,38637,44798,54232.3
682,13.2278,33501.8,36924.1,44632.8,52781.9
683,13.247,33501.8,37381.4,45031.1,56339.7
684,13.2661,33501.8,37414.9,44908.9,55939.9
685,13.2851,33501.8,38357.1,44720.8,55061.5
686,13.3042,33501.8,36140.2,44880,58483.4
687,13.3233,33501.8,37137.2,45003.2,54987.6
688,13.3425,33501.8,36952.1,44681.6,53799.6
689,13.3618,33501.8,37275.3,44965.9,54093.5
690,13.3811,33501.8,38821.4,44903.6,53954
691,13.4003,33501.8,37252.5,44482.9,56153.8
692,13.4195,33501.8,36972.9,45308.1,54080.9
693,13.4389,33501.8,37061.5,45141.2,54728.4
694,13.4582,33501.8,37946.6,45027.8,56933.6
695,13.4776,33501.8,37483.4,45444,56491.3
696,13.4968,33501.8,36628.6,44833.8,57436
697,13.5161,33501.8,37807.6,45088.9,54246.1
698,13.5353,33501.8,37440.4,44931.3,55046.3
699,13.5547,33501.8,36978.1,45102.9,56232.8
700,13.5741,33501.8,37161.4,45199.3,53493.6
701,13.5934,33501.8,37652.4,45413,56408.4
702,13.6127,33501.8,37454.8,44849,54323.7
703,13.632,33501.8,36521.6,45061.1,53667.8
704,13.6515,33501.8,37245,44757.8,56111.7
705,13.6708,33501.8,37595.3,44803,56019.6
706,13.69,33501.8,37776.9,44514,53948.6
707,13.7091,33501.8,36966.6,44377,51590.5
708,13.7283,33501.8,38526.3,44838.5,55006
709,13.7476,33501.8,36671.6,44977,55448.6
710,13.767,33501.8,36718.4,45152.2,55881.6
711,13.7862,33501.8,36663.5,45193.9,56864.7
712,13.8057,33501.8,36187.2,44908.7,58812
713,13.8251,33501.8,38123.7,45036.8,53495.9
714,13.8444,33501.8,37624.6,45084.1,54854.5
715,13.8637,33501.8,37967.3,44830.3,52937.1
716,13.883,33501.8,38347.4,45388.8,56271.9
717,13.9023,33501.8,37264.8,45025.3,54524.1
718,13.9215,33501.8,38000.3,44721.9,52695.4
719,13.9408,33501.8,37941.1,44668.9,56881.9
720,13.9601,33501.8,38501.3,44946.1,56917
721,13.9792,33501.8,37457,44783.9,56661.1
722,13.9984,33501.8,38342.4,44715.6,57598.8
723,14.0177,33501.8,37257.3,45138.1,58981.1
724,14.0371,33501.8,37293.3,45094.9,55869.6
725,14.0564,33501.8,36867.3,44469.8,55489.4
726,14.0758,33501.8,36809.8,45322.6,55185.1
727,14.0951,33501.8,37788.4,45048.4,55714.9
728,14.1144,33501.8,36512,45180.7,56080.3
729,14.1337,33501.8,37468.2,45265,61460
730,14.1529,33501.8,37689.1,45140.6,55273.9
731,14.1724,33501.8,38188.9,45015.4,52905.8
732,14.1918,33501.8,38706.2,45417.5,55704.6
733,14.2111,33501.8,38044.9,45210.2,56715.9
734,14.2303,33501.8,38126.7,45184.2,54901.5
735,14.2496,33501.8,37706.6,45465.8,56447.7
736,14.2688,33501.8,37173.5,45224.1,53880.6
737,14.288,33501.8,38526.7,44800.7,54493.9
738,14.3075,33501.8,38042.5,44954.2,55199.7
739,14.3269,33501.8,37744.4,45107.7,54276.8
740,14.3464,33501.8,38237.4,44957.2,53543.3
741,14.3658,33501.8,37863.3,44699.9,54435.1
742,14.3851,33501.8,37030.9,44692.4,53838.9
743,14.4044,33501.8,37549.5,44900.3,55158.9
744,14.4237,33501.8,36804.7,44993.8,55814.5
745,14.4431,33501.8,37024.5,44919.6,55013.1
746,14.4621,33501.8,37654.2,44793,56721
747,14.4815,33501.8,36855.2,44775.6,54035.3
748,14.5007,33501.8,38230.3,45218.7,58098.8
749,14.52,33501.8,38261.7,45279.2,53734.3
750,14.5393,33501.8,37749.6,44521.6,56812.5
751,14.5587,33501.8,36148.6,45107.9,58313.7
752,14.578,33501.8,37113.3,45351.1,56200
753,14.5974,33501.8,37345.6,45199.1,58023.3
754,14.6167,33501.8,37748.5,44741.4,54636.8
755,14.6359,33501.8,38144.6,45101.5,54492.7
756,14.6552,33501.8,38147.7,44779.9,54792.4
757,14.6747,33501.8,36723.1,44741,53660.6
758,14.6938,33501.8,38349.1,44548.1,54538.1
759,14.7129,33501.8,36813.7,44383.4,53708.1
760,14.7323,33501.8,38080.7,44872.6,54905.7
761,14.7517,33501.8,36322.4,44636.3,53201.9
762,14.7708,33501.8,37129.9,44593.8,53111.9
763,14.79,33501.8,36946.4,44924,54595.2
764,14.8091,33501.8,36433.9,44924.7,53710.1
765,14.8284,33501.8,36796.3,44864.9,55662.8
766,14.8476,33501.8,37389.1,44722.7,53263.1
767,14.8669,33501.8,37242.5,45355,57790.2
768,14.886,33501.8,37041.6,44792.5,52598
769,14.9053,33501.8,36817.9,44984.7,54751.6
770,14.9246,33501.8,36991.1,44884.2,54873.4
771,14.9438,33501.8,37067.6,44458.7,52605.7
772,14.9631,33501.8,37340.7,45492.3,58295.5
773,14.9825,33501.8,38131.7,45056.3,55220.4
774,15.0017,33501.8,36455.8,44916.2,55658.5
775,15.0209,33501.8,37528.4,44868.8,58793.9
776,15.0401,33501.8,35703.7,45274,58519.6
777,15.0595,33501.8,37814.5,45017.7,54179.8
778,15.0787,33501.8,37735.3,44900.6,58107.8
779,15.0977,33501.8,37594,44501.1,54261.4
780,15.117,33501.8,38005.2,44599.8,62062.2
781,15.1363,33501.8,37755,45122.9,59168.4
782,15.1555,33501.8,37882.9,45030.2,53059.1
783,15.1748,33501.8,35325.8,45138.6,53592
784,15.1941,33501.8,37654.7,45002.1,56849.3
785,15.2133,33501.8,37318.7,44783.9,54214.2
786,15.2327,33501.8,36541.4,44655.3,54819.3
787,15.252,33501.8,36483.4,44384.7,53712.9
788,15.2713,33501.8,37883.9,44708,52164.1
789,15.2905,33501.8,37312.4,44774.5,53669.5
790,15.3098,33501.8,37408.6,44982.6,54018.2
791,15.3292,33501.8,36553.6,44946.5,53158.5
792,15.3485,33501.8,35681.1,44896.3,53589.3
793,15.3676,33501.8,36882.8,44619.3,54319.9
794,15.3872,33501.8,36852.3,44688.5,55858.5
795,15.4066,33501.8,37571.7,44615.9,55239.8
796,15.4267,33501.8,37786.2,44745.4,60322
797,15.4463,33501.8,36921.2,44567,53931.7
798,15.4658,33501.8,37185.7,45280.2,53800
799,15.4853,33501.8,37927.4,45060.9,56115.8
800,15.5048,33501.8,36097,44884.2,55654.2
801,15.5242,33501.8,38198,44752.2,54513.8
802,15.5434,33501.8,36936.3,44486,54425.3
803,15.5627,33501.8,36326.9,44634.8,55409.8
804,15.5822,33501.8,36209.3,44831,52429.4
805,15.6015,33501.8,36755.9,44947.9,56896.9
806,15.6209,33501.8,36945.8,44858.9,53522.1
807,15.6403,33501.8,35932.3,44816.8,52621.2
808,15.6596,33501.8,38206.7,44682.9,53218.3
809,15.6789,33501.8,38098.9,44843.6,56599.5
810,15.6989,33501.8,36913,44745.7,57795
811,15.7181,33501.8,37632.7,44586.8,52486.4
812,15.7377,33501.8,37572.7,45001.8,52610.7
813,15.7572,33501.8,36516.3,45016.2,54597.2
814,15.7764,33501.8,36853.4,45065.8,55206.3
815,15.7957,33501.8,37222.3,44789.4,56198
816,15.8153,33501.8,38764.4,44643.1,57151.9
817,15.8347,33501.8,37403.8,44583.3,53744.5
818,15.8539,33501.8,38132.7,44717.5,53427.9
819,15.8733,33501.8,36805,45007.5,53537.6
820,15.8927,33501.8,38104.6,44736.9,51554.2
821,15.9119,33501.8,36989.7,44457.4,54318.9
822,15.9312,33501.8,36161.1,44271.2,54180.7
823,15.9503,33501.8,37550.9,45462.1,57434.5
824,15.9695,33501.8,36893.6,44737.4,53213.3
825,15.9889,33501.8,37163.5,45050.7,53457.1
826,16.0081,33501.8,38110.7,44939.9,57394.7
827,16.0274,33501.8,37712.7,45056.8,57850.3
828,16.0468,33501.8,37928.6,44896.9,54829.9
829,16.066,33501.8,37976.9,44637.3,55459.2
830,16.0853,33501.8,36906.3,45197.4,56494
831,16.1045,33501.8,36268.8,45273,55986.4
832,16.1238,33501.8,36820.4,45020.4,54491.2
833,16.143,33501.8,38278.8,44891.2,55537.7
834,16.1624,33501.8,35716.8,44620,53653.4
835,16.1818,33501.8,38612.2,45132.6,54713.9
836,16.2012,33501.8,38602.1,45053.9,56428.6
837,16.2208,33501.8,37695.6,45103.2,54214.5
838,16.2398,33501.8,36497.6,44907.8,53770.6
839,16.2592,33501.8,38814.8,45055.4,54694.2
840,16.2785,33501.8,38482.4,45150.1,55312.9
841,16.2979,33501.8,38597,44978.2,55300.9
842,16.3172,33501.8,38327.3,45016.4,56514.5
843,16.3365,33501.8,38688,44713,52967.9
844,16.3557,33501.8,37666.7,45021.5,57417.7
845,16.375,33501.8,37592.1,45053.6,54791.5
846,16.3942,33501.8,36930.4,44751.8,54799.2
847,16.4134,33501.8,37119.2,44811.6,57641.4
848,16.4327,33501.8,36711,44693.9,55124.2
849,16.452,33501.8,37207.7,44576.8,55630.4
850,16.4714,33501.8,37809.4,44658.8,53005.4
851,16.4905,33501.8,38005.1,44670.7,59513.5
852,16.5096,33501.8,37824.3,44855.9,56679.5
853,16.5289,33501.8,38473.4,44692.4,56394.1
854,16.5483,33501.8,37492.8,44766,54322.4
855,16.5677,33501.8,37632.1,44684.5,52427.5
856,16.5871,33501.8,38361.6,44951.4,53678.2
857,16.6065,33501.8,37495,44628.6,55427.9
858,16.6258,33501.8,36743.9,44634.8,52169.4
859,16.645,33501.8,37421.5,44805.6,55411.9
860,16.6644,33501.8,36413.2,44789.4,56254
861,16.6837,33501.8,37782.8,44799.1,53459.7
862,16.7031,33501.8,37240.6,45404,54896.8
863,16.7223,33501.8,36990.2,44897,55369.2
864,16.7416,33501.8,37501.2,44527.8,54847.3
865,16.7607,33501.8,37918.3,44644.9,54450.9
866,16.7802,33501.8,38044,44749.2,56608.2
867,16.7995,33501.8,35641.1,44551.5,54310.3
868,16.8189,33501.8,38272.4,44954.5,54590.9
869,16.8382,33501.8,36860.4,44782.2,55332.9
870,16.8575,33501.8,37846.9,44931.9,60378.8
871,16.8769,33501.8,37928.1,44733.9,55340.2
872,16.8963,33501.8,36045.1,45101.6,56454.4
873,16.9157,33501.8,36501.2,45078.2,53808.2
874,16.9348,33501.8,36286.5,45110.7,54797.4
875,16.9541,33501.8,37446.8,44785.7,54429.9
876,16.9733,33501.8,38356.3,44473,53718
877,16.9926,33501.8,37733.2,44946.5,53728.3
878,17.0119,33501.8,37985.4,44901.6,53689
879,17.0313,33501.8,37533.4,44818.3,54294.5
880,17.0508,33501.8,37480.5,44626.9,56503.8
881,17.0702,33501.8,35547.2,44749.9,56482.2
882,17.0893,33501.8,33743.1,44298,53313.2
883,17.1087,33501.8,36269,44430.2,55646.6
884,17.128,33501.8,37161.8,44501.2,58224.1
885,17.1474,33501.8,38752.9,44841.7,53883.2
886,17.1666,33501.8,35702.1,44376.1,54006
887,17.1859,33501.8,36737.8,44726.2,57660.9
888,17.2052,33501.8,37981.6,44500.2,55830.3
889,17.2246,33501.8,38139.7,44960,57085.5
890,17.244,33501.8,37288.5,44817.5,56914.3
891,17.2633,33501.8,37673.2,44712.8,58421.9
892,17.2831,33501.8,37413.8,44593,60209.3
893,17.3023,33501.8,36728.6,45158,61428.4
894,17.3215,33501.8,35400.9,44727.6,52879.8
895,17.3409,33501.8,38788.4,44898.7,55758.8
896,17.3602,33501.8,36898.4,45046.8,55026.5
897,17.3796,33501.8,37406.4,44478.2,54455.7
898,17.399,33501.8,37470.4,44667.3,53945
899,17.4185,33501.8,36538,44581.5,60362.3
900,17.4379,33501.8,38025.7,44787.2,59184.6
901,17.4572,33501.8,38038.8,44724.9,55058.5
902,17.4766,33501.8,35708.6,44696.9,55919.8
903,17.4959,33501.8,37760.3,44662.3,57546.7
904,17.5152,33501.8,37907.8,44855.9,56236.1
905,17.5346,33501.8,37368.3,44542.3,53365.3
906,17.5538,33501.8,36554.8,44412.4,56729.5
907,17.5733,33501.8,37262.9,44930.9,53342.3
908,17.5925,33501.8,36516.2,44674.3,52758.2
909,17.6118,33501.8,38176.4,44561.5,57567.4
910,17.631,33501.8,37853.5,44607.1,57723.6
911,17.6504,33501.8,37280.2,44740.3,52689
912,17.6695,33501.8,36967.8,44915.9,54157.4
913,17.6888,33501.8,35760.8,44540.3,56604.1
914,17.7081,33501.8,35683.1,44524.1,52018.2
915,17.7273,33501.8,37449.3,44488.4,52600.2
916,17.7461,33501.8,36899.9,44635.5,55394.5
917,17.7651,33501.8,37193.1,44638.8,54495
918,17.7846,33501.8,38056.2,45159.4,53998.9
919,17.8039,33501.8,36023.7,44665.2,53600.2
920,17.8233,33501.8,37794.6,44459.2,54068
921,17.8425,33501.8,37183.4,44422.1,52792.8
922,17.8618,33501.8,36509.1,44291,56540.4
923,17.8812,33501.8,37879.5,44912.2,56630.1
924,17.9004,33501.8,36894.1,44813.2,54324
925,17.9198,33501.8,38904.6,44727.9,55643.2
926,17.9391,33501.8,37539.3,44699.5,54995.4
927,17.9583,33501.8,36938.2,44360.7,51880.1
928,17.9775,33501.8,38741.9,44775.8,53184.9
929,17.9969,33501.8,38628,44788.4,54010.3
930,18.0162,33501.8,38832.7,45064.8,55100.9
931,18.0353,33501.8,36450.6,44313.5,54362.4
932,18.0545,33501.8,38071.6,44540,58044.5
933,18.0739,33501.8,36173.2,44593.6,52595.4
934,18.0931,33501.8,36662.2,44772.9,52562.3
935,18.1124,33501.8,36379.1,44672.4,54389.6
936,18.1318,33501.8,36815.7,44653.9,57756.3
937,18.1512,33501.8,37944.4,45019.8,54377.3
938,18.1704,33501.8,37564.3,44930.7,55368.3
939,18.1897,33501.8,37978.5,44888,57032.1
940,18.2091,33501.8,37408.7,44916.4,56621.1
941,18.2285,33501.8,37354,44540.1,53502.8
942,18.2477,33501.8,36882.3,44900.3,55105
943,18.2666,33501.8,37232.9,44538.3,55503.7
944,18.2856,33501.8,36944.4,44972.9,54347.7
945,18.3049,33501.8,37415,45076.9,57808.1
946,18.3241,33501.8,36463,44803.6,56982.1
947,18.3431,33501.8,38074.7,44774.7,52255.9
948,18.3621,33501.8,37018.2,44261.8,54013.5
949,18.3812,33501.8,37360.9,44734.8,56126.2
950,18.4003,33501.8,37788.6,44792.8,54719.4
951,18.4195,33501.8,36661.5,44728.7,59140.7
952,18.4384,33501.8,36827.3,44359,53225.1
953,18.4574,33501.8,37032.6,44489.5,54765.6
954,18.4764,33501.8,36668.6,44733.3,57083.5
955,18.4955,33501.8,36592.2,44529.3,55618.4
956,18.5145,33501.8,36843.4,44675.2,53031.7
957,18.5335,33501.8,36406.3,44777.5,53616.5
958,18.5526,33501.8,38018.5,44516.8,55288.1
959,18.5717,33501.8,36531.4,44320.1,53671.9
960,18.5908,33501.8,36475.1,44403.3,55921.8
961,18.6099,33501.8,35040.2,44540,55557.8
962,18.629,33501.8,37033.8,44596.4,56056.1
963,18.6482,33501.8,37799.4,44416.6,55189.4
964,18.6672,33501.8,35718.9,44673.6,55242.8
965,18.6863,33501.8,36957.4,44338.6,53764.6
966,18.7052,33501.8,38155.5,44817.4,57008.4
967,18.7243,33501.8,36633.4,44733.5,53505.1
968,18.7435,33501.8,37590.2,44695.5,52628.1
969,18.7623,33501.8,36381.9,44723.9,57029.5
970,18.7814,33501.8,37506.2,44772.6,52651.9
971,18.8003,33501.8,37444.9,44303.7,53827.1
972,18.8194,33501.8,38211.7,44619.4,53194.4
973,18.8385,33501.8,38127.6,44961.7,54559.3
974,18.8577,33501.8,37133.6,44466.2,53858.3
975,18.8768,33501.8,37229.5,44518.8,54654.5
976,18.8957,33501.8,39016.9,44620.1,53199.9
977,18.9147,33501.8,35793,44366.8,54819.5
978,18.9336,33501.8,36960.5,44534.3,55309.2
979,18.9527,33501.8,36860.6,44917.1,55849.4
980,18.9717,33501.8,38029.5,44674.3,53328.5
981,18.9908,33501.8,36762.8,44733,53501.9
982,19.0101,33501.8,37083.5,45103.6,55251.1
983,19.029,33501.8,38320,44831.5,53877
984,19.048,33501.8,36142.3,44762,56110.5
985,19.067,33501.8,37127.1,44665.3,53916.6
986,19.086,33501.8,37956.6,44913.2,54313.6
987,19.1049,33501.8,36505.4,44894.5,52657
988,19.1242,33501.8,37706.1,44633.3,55919.9
989,19.1433,33501.8,37451.4,44561.9,53844.3
990,19.1622,33501.8,38200.2,44725.6,52758.3
991,19.1813,33501.8,37402.4,45264.9,59679.9
992,19.2003,33501.8,37809.4,45249.5,56869.7
993,19.2195,33501.8,37563.3,45032.4,55420.9
994,19.2386,33501.8,36258.4,44817.3,55194
995,19.2578,33501.8,36586.6,44749.6,54284.1
996,19.277,33501.8,36896.6,44513.4,53746.7
997,19.296,33501.8,38511.8,45042.8,55221.6
998,19.3152,33501.8,38231.1,44880.9,55110.7
999,19.3344,33501.8,37836.8,44707.9,58752
1000,19.3535,33501.8,35978.9,44921.9,55761.7
1001,19.3726,33501.8,38326.5,44866.2,56223.9
1002,19.3917,33501.8,38645.6,44544.1,52710.6
1003,19.4109,33501.8,37068.9,44782.7,55430.4
1004,19.43,33501.8,37589.2,44981.6,53763.4
1005,19.4492,33501.8,35888.6,44793.6,59671.6
1006,19.4683,33501.8,37719.5,44792.1,60510.2
1007,19.4874,33501.8,37103.9,44999.9,54753.8
1008,19.5066,33501.8,37623.3,45045.4,55599.6
1009,19.5259,33501.8,37426.1,45106.2,56452.2
1010,19.5452,33501.8,37107.9,44736.7,56292.1
1011,19.5648,33501.8,38588.9,45337.5,57386.7
1012,19.5842,33501.8,36876.7,44937.6,54735.3
1013,19.6037,33501.8,36699.1,44728.9,55511.1
1014,19.6232,33501.8,37122,44683,57417.7
1015,19.6427,33501.8,38120.9,45017.5,56828.5
1016,19.6626,33501.8,38425.9,44927.2,53184.3
1017,19.6818,33501.8,36196.4,44798.1,55502.9
1018,19.701,33501.8,38560.7,44629.3,55520
1019,19.7201,33501.8,37337.2,44351.3,51947.2
1020,19.7395,33501.8,37092.3,45179.2,56504.2
1021,19.7587,33501.8,37833.8,44569.5,53516.5
1022,19.7778,33501.8,38188.3,45312.4,59934
1023,19.7969,33501.8,38621,44913.3,58187.6
1024,19.8161,33501.8,37912.3,44664.4,54327.3
1025,19.8353,33501.8,35599.4,44829.7,54028.3
1026,19.8544,33501.8,36359.9,45058.7,55759.7
1027,19.8735,33501.8,35783.5,44839.1,54885.5
1028,19.8927,33501.8,36736.3,44969.3,58318.2
1029,19.9119,33501.8,37647.7,44954.5,54362.1
1030,19.9314,33501.8,37551.5,44862.6,58575.6
1031,19.9506,33501.8,37524.8,44347,54647.2
1032,19.97,33501.8,36578.5,44856.8,54474.3
1033,19.9892,33501.8,36116,45027.5,55665.9
1034,20.0082,33501.8,36769.5,44651.5,55927.4
1035,20.027,33501.8,37249.8,44719,57331.5
1036,20.0461,33501.8,35752.8,44426.8,57405.3
1037,20.0652,33501.8,37902.4,44910.8,54284
1038,20.0841,33501.8,37875.1,44825.4,54322.4
1039,20.1033,33501.8,37081.1,45072.5,54831.8
1040,20.1225,33501.8,37939.1,45165.5,54654
1041,20.1415,33501.8,37105,44566.6,60628.7
1042,20.1604,33501.8,37838.3,44502.3,53623.8
1043,20.1795,33501.8,37969.4,44800.1,58805.9
1044,20.1985,33501.8,37570.6,44654,55991.4
1045,20.2179,33501.8,37095.6,44924,56002.7
1046,20.2371,33501.8,37220.3,44616.3,54088.5
1047,20.2561,33501.8,36577.3,44573.8,57663.9
1048,20.2752,33501.8,38254.6,44841.3,56711.4
1049,20.2941,33501.8,37610.5,44625.4,58271.7
1050,20.3132,33501.8,37398.2,44520.4,52481.9
1051,20.3325,33501.8,37014.7,45021.4,57900
1052,20.3518,33501.8,37509.8,44763.5,57681.6
1053,20.371,33501.8,36091.5,44746.1,55516.2
1054,20.3902,33501.8,36204.8,44931.6,56278.9
1055,20.4094,33501.8,37574.9,45286.7,55211
1056,20.4288,33501.8,36558.5,44717.8,52873.4
1057,20.448,33501.8,37603.1,45010.2,58011.6
1058,20.4673,33501.8,37915.2,45106.8,58153.4
1059,20.4867,33501.8,35944.8,44928.9,57280.2
1060,20.5062,33501.8,37947.6,44913.6,53776.1
1061,20.5255,33501.8,38025.8,44655.3,56746.2
1062,20.5448,33501.8,36169.7,44908.2,52589.1
1063,20.5643,33501.8,38321.7,44863.7,53289.1
1064,20.5837,33501.8,38306.7,44791.6,55202.6
1065,20.6032,33501.8,37459.2,45199.3,55269
1066,20.6224,33501.8,37349.8,44764.7,55662.6
1067,20.6417,33501.8,38015,45024.4,58966.4
1068,20.661,33501.8,36479.7,44654.7,57453.9
1069,20.6803,33501.8,37247.3,45072.4,55339.7
1070,20.6995,33501.8,37783.6,44815.3,52467.5
1071,20.7188,33501.8,37272,44553,54501.1
1072,20.7382,33501.8,37899.6,44970.2,58764.6
1073,20.7574,33501.8,37263.4,44839,55153.7
1074,20.777,33501.8,37960.6,44893.4,52466.4
1075,20.7964,33501.8,37719.4,45269.3,54366.7
1076,20.8158,33501.8,36550.6,44707.4,52889.1
1077,20.8351,33501.8,37364.4,44436,54326.4
1078,20.8546,33501.8,38403.7,45247.1,54303.1
1079,20.874,33501.8,36941.5,44819.6,54622.2
1080,20.8938,33501.8,38071.9,45503.6,54494.8
1081,20.913,33501.8,36522.2,45015.4,54590.7
1082,20.9325,33501.8,36332.8,44799.7,53637.5
1083,20.9519,33501.8,35648,44726.7,54157
1084,20.9713,33501.8,37741.8,45229.4,54888.6
1085,20.9906,33501.8,36769,44900,56564.4
1086,21.01,33501.8,36245.1,44638.4,54442.2
1087,21.0294,33501.8,36959.5,44268.7,55909.5
1088,21.0492,33501.8,38417.6,45041.3,56021.8
1089,21.0687,33501.8,37653.1,44617.4,57578.8
1090,21.088,33501.8,37841.6,44507.5,53932.5
1091,21.1073,33501.8,36441.7,44568.6,53185
1092,21.1267,33501.8,37502.3,44805.4,55342.6
1093,21.1458,33501.8,38493.4,45178.1,55630.3
1094,21.1651,33501.8,37156.4,44458.6,54643.2
1095,21.1844,33501.8,37277.8,45017,55757.1
1096,21.2037,33501.8,35756.8,45191.2,54154.6
1097,21.223,33501.8,37828.8,45125.1,55215.6
1098,21.2424,33501.8,38294,45511.9,57500.9
1099,21.2616,33501.8,38136.7,44945.7,53421.8
1100,21.2808,33501.8,37140.2,45187,56909.9
1101,21.3002,33501.8,35377.2,44751.8,53975
1102,21.3193,33501.8,36946.1,44282.3,53584.7
1103,21.3386,33501.8,36451.6,44752.6,59353.7
1104,21.3578,33501.8,37168.1,44769.6,52271
1105,21.3772,33501.8,37653.8,44829.4,55240.6
1106,21.3964,33501.8,37726.9,44602.1,55730.2
1107,21.4159,33501.8,37712.9,44939.1,59171.9
1108,21.4351,33501.8,37118.4,44621.5,56813.1
1109,21.4544,33501.8,36328,44640.7,54461.8
1110,21.4737,33501.8,36865.9,45036.8,59920.8
1111,21.493,33501.8,37296.1,44957.2,56111.3
1112,21.5125,33501.8,36402.4,45217.7,56802.7
1113,21.5318,33501.8,36292.1,45026.3,58301.5
1114,21.5512,33501.8,37945,45070.7,57501.1
1115,21.5706,33501.8,38510.2,45039.5,56897.6
1116,21.5899,33501.8,37045.3,44873.2,56668.7
1117,21.6093,33501.8,37479.9,44514.1,51823.2
1118,21.6285,33501.8,38494.9,45023.1,55955.9
1119,21.648,33501.8,37001.6,44821.4,54134.9
1120,21.6672,33501.8,38217.7,45301,53751.7
1121,21.6866,33501.8,37921.7,45238.5,57998.8
1122,21.706,33501.8,34221.7,44622.5,54651.7
1123,21.7251,33501.8,37505.2,45041.2,57118.1
1124,21.7443,33501.8,36453.9,44718.9,54488.3
1125,21.7634,33501.8,37027.6,44587.4,54349.7
1126,21.7829,33501.8,36835,44689.4,53223.7
1127,21.8021,33501.8,38279.2,44737.8,56757.4
1128,21.8213,33501.8,38572.2,45103.3,60744.6
1129,21.8406,33501.8,37033,44601.6,52942.3
1130,21.8599,33501.8,37308.8,44946.8,54375
1131,21.8793,33501.8,37787.3,45012.5,55423.3
1132,21.8986,33501.8,36368.4,44902.2,56311.4
1133,21.918,33501.8,37912.6,45475.3,54731.2
1134,21.9374,33501.8,36489.3,44675.3,55854.4
1135,21.9566,33501.8,37613.7,44833,55108.1
1136,21.976,33501.8,37698.6,44677.5,55430.6
1137,21.9952,33501.8,35822.9,44722.6,55337.9
1138,22.0145,33501.8,36718.9,44783.5,54524.8
1139,22.0336,33501.8,37680.6,44567.4,55297.2
1140,22.053,33501.8,37486.6,44871.9,53134.8
1141,22.0722,33501.8,37488.9,44299.1,54728.7
1142,22.0915,33501.8,35929.5,44612.4,54114.6
1143,22.1109,33501.8,37505.9,45039.9,56306.1
1144,22.1303,33501.8,37435.1,44799.6,54816.8
1145,22.1497,33501.8,38515.2,45046.8,54640.5
1146,22.169,33501.8,37694.1,44746.5,52875.7
1147,22.1884,33501.8,36412.5,44618.8,53403.8
1148,22.2079,33501.8,36681,44816.3,54193.3
1149,22.2272,33501.8,36621.8,44796.3,54389.2
1150,22.2465,33501.8,37309,44772,54595.3
1151,22.2659,33501.8,36502.2,44821.7,53429.1
1152,22.2851,33501.8,35703.1,44619.9,59730.7
1153,22.3042,33501.8,37282.9,44630,52252.3
1154,22.3238,33501.8,36691.4,44821.6,53974.9
1155,22.343,33501.8,36552.7,44840.1,55289.2
1156,22.3623,33501.8,37674.2,44774.9,51924.5
1157,22.3816,33501.8,38161.6,44744.9,54359.3
1158,22.401,33501.8,37508.9,44979.3,56373.2
1159,22.4202,33501.8,37537.1,44787.3,54677.7
1160,22.4397,33501.8,36294.3,44736.8,57887.5
1161,22.4593,33501.8,37016.5,44855.6,61386.4
1162,22.4781,33501.8,36609.7,44492.9,53196.5
1163,22.4972,33501.8,39361.3,44903.9,54941.3
1164,22.5164,33501.8,37171.9,44551.5,51866.8
1165,22.5358,33501.8,36933.7,44700.6,54735.6
1166,22.5552,33501.8,36544.5,44426.4,53029
1167,22.5747,33501.8,38720.7,44686.8,56780
1168,22.5941,33501.8,37497.6,44579.3,56145.1
1169,22.6136,33501.8,38065.3,44918.9,58285.4
1170,22.6332,33501.8,37665,44721.2,54128.5
1171,22.6526,33501.8,37047.6,44500.1,55180.9
1172,22.672,33501.8,36288.3,44207.1,53818.3
1173,22.6916,33501.8,36849.2,44951.8,56988.1
1174,22.7109,33501.8,36143.4,44730.9,54388.2
1175,22.7302,33501.8,37419.6,44813.5,53464
1176,22.7498,33501.8,37054.9,44801.3,54557.7
1177,22.7695,33501.8,36573.9,44774.1,57644.6
1178,22.7889,33501.8,37472.4,44261.1,57136.2
1179,22.8083,33501.8,37166.3,44508.8,55246.2
1180,22.8278,33501.8,36048.3,44489.3,52600.6
1181,22.8473,33501.8,35901.7,44662,54473.3
1182,22.8669,33501.8,38078.6,44736.6,52415.5
1183,22.8863,33501.8,36125,44362.1,52086.2
1184,22.9057,33501.8,35778.7,44760,54203.2
1185,22.9251,33501.8,35362.2,44488.9,53670.3
1186,22.9446,33501.8,35738.3,44518.1,54321.3
1187,22.9642,33501.8,38482.2,44410.6,59106.2
1188,22.9837,33501.8,36127.7,44494.7,54381.8
1189,23.0032,33501.8,37411.1,44632.9,54703.3
1190,23.0227,33501.8,37693.1,44577.7,54426.5
1191,23.042,33501.8,37795.7,44802.3,56152.1
1192,23.0606,33501.8,36301.4,44535.8,53979.6
1193,23.0803,33501.8,37547.4,44747.5,53175
1194,23.0998,33501.8,37334.6,44783,54101.7
1195,23.1196,33501.8,36475.5,45213.1,59687.1
1196,23.1392,33501.8,37679.7,45113.9,52863.2
1197,23.1588,33501.8,38981.1,45310.2,55610.1
1198,23.1783,33501.8,36749.5,44919.5,52696.9
1199,23.1977,33501.8,36896.3,44904.9,55709.8
1200,23.2175,33501.8,37586.2,44593.4,51980.5
1201,23.2375,33501.8,37529.3,45305.7,58240.7
1202,23.257,33501.8,37226.8,44290.6,53291.4
1203,23.2769,33501.8,37998.3,44980.3,56211.7
1204,23.2973,33501.8,36574.2,44978,58492
1205,23.3173,33501.8,35839.3,44569.2,54869.6
1206,23.337,33501.8,37559.7,44919.7,56347.6
1207,23.3564,33501.8,37966.2,45080.7,54193.4
1208,23.3759,33501.8,37725.3,44797.8,57784.1
1209,23.3953,33501.8,37750.3,45034.2,56447.7
1210,23.4148,33501.8,37587.6,44614.5,56659.6
1211,23.4353,33501.8,36296.2,44934.8,57303.4
1212,23.4545,33501.8,36243.3,44246.6,57737.6
1213,23.4742,33501.8,38015.6,44750.9,58524.4
1214,23.4936,33501.8,37989.7,44673.7,54845.3
1215,23.5135,33501.8,37517.5,44554.5,54831.9
1216,23.5335,33501.8,39008.9,45148.2,56946.2
1217,23.553,33501.8,37194.7,44905.9,55792.3
1218,23.5723,33501.8,37561.8,44794.9,53997.7
1219,23.5917,33501.8,37440.6,44743.8,55190.4
1220,23.611,33501.8,37543.5,44950.8,54224.7
1221,23.6303,33501.8,36122.7,44712.4,61518.7
1222,23.6493,33501.8,36643,44793.2,56085.2
1223,23.6684,33501.8,37671.3,45117.8,54332.2
1224,23.6881,33501.8,38369.9,45104.4,59734.1
1225,23.7079,33501.8,38491.3,44798.5,55842
1226,23.7276,33501.8,36998.7,44916.6,56768.8
1227,23.7473,33501.8,37426.3,45478.7,58058.4
1228,23.7669,33501.8,37018,44361.9,53321.7
1229,23.7865,33501.8,36783.1,44559,52958
1230,23.8063,33501.8,37037.5,44532.7,54384
1231,23.8259,33501.8,37473.8,44845.4,56864.7
1232,23.8454,33501.8,37530.5,44317.9,54172.9
1233,23.8652,33501.8,37103.1,44592.4,53069.7
1234,23.8861,33501.8,37866.6,44842.8,54760
1235,23.9066,33501.8,37185.4,44784.5,53930.4
1236,23.9262,33501.8,37540.5,44546,53083
1237,23.9458,33501.8,33574.2,44338,53272
1238,23.9654,33501.8,37124.4,44583,55567.3
1239,23.9852,33501.8,37026.4,44763.9,55613.4
1240,24.0049,33501.8,38348,44809.2,53631.3
1241,24.0249,33501.8,36883.6,44680.1,55462.2
1242,24.0448,33501.8,37745.7,44594.7,53576.6
1243,24.0644,33501.8,35471.4,44742.7,53222.9
1244,24.0838,33501.8,36590,44396.9,53861.1
1245,24.1033,33501.8,38095.2,44192.6,53794.1
1246,24.123,33501.8,36788.9,44830.6,59147.7
1247,24.1425,33501.8,39164.3,44721.2,54691.7
1248,24.1623,33501.8,37724.7,44909.5,54379.8
1249,24.1821,33501.8,37526.5,44541.3,55504.4
1250,24.2016,33501.8,34726.8,44497.9,56639.9
1251,24.2211,33501.8,37550,44881.7,53141.2
1252,24.241,33501.8,37437.8,45015.7,54593.2
1253,24.2604,33501.8,37089.4,45004.4,53638.9
1254,24.2798,33501.8,36881.1,44978.4,55458.1
1255,24.2994,33501.8,37896.7,45004.8,54693.6
1256,24.319,33501.8,38326.2,45061.5,56111.8
1257,24.3385,33501.8,36029.4,45123.6,57228.4
1258,24.3579,33501.8,37989,44755.2,53537.8
1259,24.3775,33501.8,36706.6,45038.9,53045.2
1260,24.3972,33501.8,36929,45060.7,61137.6
1261,24.4168,33501.8,37725.2,45018.4,53609.3
1262,24.4363,33501.8,38345.8,44815.4,55630.9
1263,24.4558,33501.8,36645.5,44756.3,55181.9
1264,24.4753,33501.8,38442.3,45072.7,59810.9
1265,24.495,33501.8,38419.8,44868.9,54605.9
1266,24.5149,33501.8,38411,44930,54881.7
1267,24.5345,33501.8,38264.1,44703.1,55901.1
1268,24.5538,33501.8,37016,44526.6,52852.8
1269,24.5742,33501.8,37073.8,44878.4,52915.3
1270,24.5935,33501.8,37585.7,44696.4,53732
1271,24.6131,33501.8,35422.1,44875.1,54349.5
1272,24.6326,33501.8,36281.8,44906.5,54720.1
1273,24.6524,33501.8,38123.9,44764.3,55891.8
1274,24.6719,33501.8,37184.2,44735.1,56875.4
1275,24.6915,33501.8,36486.7,44612.8,54866.2
1276,24.7111,33501.8,35383,44442.9,54563.3
1277,24.7307,33501.8,36812.8,44754.6,54071.5
1278,24.7503,33501.8,37781.1,44458.8,53577.9
1279,24.7701,33501.8,37151.6,44622,53894.8
1280,24.7896,33501.8,35506,44487.6,55427.7
1281,24.8091,33501.8,37185.1,44931.1,56060
1282,24.8286,33501.8,38305.3,45293.1,56649.3
1283,24.848,33501.8,36862.1,44554.7,54262.6
1284,24.8677,33501.8,35851.7,44661.3,56253.2
1285,24.8872,33501.8,36954.1,44793.3,55262.1
1286,24.9068,33501.8,37192.5,45013.8,55325
1287,24.9264,33501.8,37525.8,44876.9,58717.1
1288,24.946,33501.8,37373.5,45228.2,57370.9
1289,24.9655,33501.8,36321,45193.5,54645.6
1290,24.9849,33501.8,37214.5,44786.6,52990
1291,25.0049,33501.8,37744.5,45000,54545.3
1292,25.0243,33501.8,37563.4,44754.7,55559.7
1293,25.0437,33501.8,36137.4,44300.8,53877.4
1294,25.0634,33501.8,36862.5,44709.9,53234.7
1295,25.0833,33501.8,37477.3,45335.1,54556.4
1296,25.104,33501.8,37039.8,45221,54813.4
1297,25.1235,33501.8,37265.5,44998.6,58821
1298,25.1439,33501.8,36515.5,44954.4,53539.8
1299,25.1635,33501.8,36293.5,44983,55750.7
1300,25.1845,33501.8,36882,45133.8,55473.9
1301,25.2049,33501.8,37507.8,45212.6,56246.2
1302,25.2246,33501.8,38101.4,45475.7,55069.9
1303,25.245,33501.8,36626.8,45293.7,56638.6
1304,25.2655,33501.8,37111.8,45107.4,54986.3
1305,25.2855,33501.8,37211.8,45098.1,53462
1306,25.3062,33501.8,37094.2,44808.8,58474
1307,25.3258,33501.8,38592,44992.8,60053.5
1308,25.3453,33501.8,38999.3,45082.9,57276.3
1309,25.3648,33501.8,37789.4,44901.7,53966
1310,25.3844,33501.8,38777.6,45136.4,56157.9
1311,25.4041,33501.8,37561.2,45113.6,52340.9
1312,25.4237,33501.8,37847.9,45191.3,55968.7
1313,25.4433,33501.8,37283.8,45125,59043
1314,25.4628,33501.8,37864,45004.2,54395.1
1315,25.4826,33501.8,37558.5,45160.7,58695.9
1316,25.5023,33501.8,37473.7,45245.3,56765.1
1317,25.522,33501.8,37886.8,45191.3,58784.6
1318,25.5414,33501.8,36944.5,44888.9,56569.8
1319,25.561,33501.8,37661.8,45124.2,57048.7
1320,25.581,33501.8,36920.9,45051.3,53621.6
1321,25.6019,33501.8,38308.7,45278.5,54168.6
1322,25.6217,33501.8,37781.6,45428.1,55825.4
1323,25.6417,33501.8,37214.1,45237,54854.2
1324,25.6613,33501.8,38962.7,45321.8,53192.3
1325,25.6816,33501.8,37496.4,44773.2,54613.5
1326,25.7014,33501.8,38111.6,45318.4,54135.1
1327,25.7211,33501.8,39004.8,45637.9,55140.4
1328,25.7413,33501.8,37509.3,45076.9,52883.3
1329,25.7608,33501.8,37157.4,45137.2,53314.6
1330,25.7809,33501.8,38164.2,45599.5,56424.9
1331,25.8009,33501.8,37698.8,44941.5,54151.3
1332,25.8209,33501.8,37969.8,45422.2,56352.5
1333,25.8411,33501.8,37820.9,44975.5,53954.9
1334,25.8611,33501.8,38527.3,44822.9,54083.2
1335,25.8815,33501.8,36428.8,45378.8,54170.7
1336,25.9013,33501.8,37977.2,45141.8,54301.1
1337,25.921,33501.8,35657.2,44919.5,53410.7
1338,25.9407,33501.8,37353.4,45217.2,55181.4
1339,25.9603,33501.8,37232.2,45046.1,57410.2
1340,25.9801,33501.8,37493.2,45185.7,54568.4
1341,25.9997,33501.8,37935.3,45149.3,55191.8
1342,26.0193,33501.8,38875.8,45412.8,55514.9
1343,26.039,33501.8,38517.8,44968.4,54683.9
1344,26.0586,33501.8,36670.6,45026.1,59112.6
1345,26.0781,33501.8,35963.6,45494.1,55484.3
1346,26.0975,33501.8,37412.8,45237.9,55435.6
1347,26.1171,33501.8,36597.9,45113.7,54657.3
1348,26.1368,33501.8,38221.4,45206.4,53388
1349,26.1564,33501.8,37053.1,45029.9,55947
1350,26.1758,33501.8,37660.7,45010.5,55154.1
1351,26.1952,33501.8,36405.3,44950.9,56987.9
1352,26.2147,33501.8,37465.5,45090.7,57847.8
1353,26.2345,33501.8,38450.9,44860.8,57048.1
1354,26.2541,33501.8,36724.2,45172.8,54483.8
1355,26.2742,33501.8,38259.3,45469.3,57128.7
1356,26.2938,33501.8,37343.8,45064.5,54884.9
1357,26.3134,33501.8,37555.2,44832.6,54701.8
1358,26.3329,33501.8,35605.3,44871.4,56597
1359,26.3524,33501.8,38085.6,45012.8,54541.5
1360,26.372,33501.8,37071.8,45038,56407.9
1361,26.3916,33501.8,37771.9,44670.4,53241.4
1362,26.4113,33501.8,37621.5,45202.8,57353.2
1363,26.4308,33501.8,38063.3,44821.9,55158.8
1364,26.4504,33501.8,37589.2,44837.5,52477.9
1365,26.47,33501.8,37239.8,44794.5,54794
1366,26.4896,33501.8,37245.4,44885.6,55525
1367,26.5091,33501.8,37239.6,45128.3,54570
1368,26.5288,33501.8,36840,45061.3,54652.8
1369,26.5484,33501.8,37310.6,45418.4,54466.4
1370,26.5677,33501.8,37578.6,44748.3,56448.5
1371,26.5879,33501.8,37821.1,45432.1,57139
1372,26.6076,33501.8,38526.1,45459.9,56484.7
1373,26.6272,33501.8,36942.5,45184.6,53031.7
1374,26.647,33501.8,36698.2,45180.3,57593
1375,26.6667,33501.8,37998,45033.5,54174.6
1376,26.6863,33501.8,38769.9,44795.3,56531.6
1377,26.7058,33501.8,36880.5,45491.6,56707.1
1378,26.7253,33501.8,34386.3,45219.4,54627.4
1379,26.745,33501.8,37192.1,45296.3,56222.2
1380,26.7647,33501.8,37153.9,45301,55068.7
1381,26.7844,33501.8,37349,45281.3,53361.6
1382,26.804,33501.8,37970.4,45244.4,59162.5
1383,26.8235,33501.8,36227.2,44986.5,54778.7
1384,26.8431,33501.8,38503.3,45443.6,54920.7
1385,26.8627,33501.8,36272.9,45029.9,55635
1386,26.8823,33501.8,37391.1,45128.5,54720
1387,26.9018,33501.8,36889.4,44700.3,53283.5
1388,26.9214,33501.8,35597.3,44909.8,57945.3
1389,26.9409,33501.8,37153.2,44865.4,55434.7
1390,26.9609,33501.8,36228.4,44781.1,53142.1
1391,26.9806,33501.8,38549.1,45447.1,58804.8
1392,27.0002,33501.8,36225.6,44842,53446.2
1393,27.0198,33501.8,37778.3,44890,59955.6
1394,27.0394,33501.8,38001.1,44964.7,55336.3
1395,27.059,33501.8,38223.2,45368.3,56194.5
1396,27.0785,33501.8,37685.1,45239.6,56287.7
1397,27.0982,33501.8,37263.7,44867.8,53046.1
1398,27.1177,33501.8,36727.4,45105.6,56611.5
1399,27.1371,33501.8,34023.3,44774.4,53430.7
1400,27.1567,33501.8,38207.4,45014.1,54449.3
1401,27.1764,33501.8,38601.9,45256.8,57727.9
1402,27.196,33501.8,37393,44885,52207
1403,27.2156,33501.8,38537.8,45095.5,55440.9
1404,27.2351,33501.8,38427.6,44923.4,54103
1405,27.2555,33501.8,37458.9,45476.6,56233.1
1406,27.2754,33501.8,38237.8,45169.7,52758.7
1407,27.2958,33501.8,38548.6,45120.1,55161.5
1408,27.317,33501.8,38100.9,45127.9,56762.4
1409,27.3393,33501.8,38337.8,45388.9,55000.6
1410,27.3591,33501.8,37871.6,44867.2,55942.2
1411,27.3785,33501.8,36985.4,45184.6,55751.5
1412,27.3981,33501.8,37566.4,45216.9,56973
1413,27.4176,33501.8,37796.2,45248.9,56449.7
1414,27.437,33501.8,36683.5,45045.1,54965.9
1415,27.4565,33501.8,37317.7,45132.3,53815.2
1416,27.4761,33501.8,37406.6,45100.8,54851.1
1417,27.4956,33501.8,38926.8,45597.4,55732.2
1418,27.5151,33501.8,37826.9,45167.7,56817.8
1419,27.535,33501.8,37028.8,45661.1,54146
1420,27.5547,33501.8,38161.9,45180.2,56031.2
1421,27.575,33501.8,36892.9,45209.8,54980.6
1422,27.5955,33501.8,35793.8,44830.5,54354.7
1423,27.6154,33501.8,36848.1,44965.6,53282.7
1424,27.6349,33501.8,36210.7,44822.1,54329.6
1425,27.6545,33501.8,38015,45366.4,56956.7
1426,27.6742,33501.8,36433.5,45288.5,53223.1
1427,27.6936,33501.8,37172.4,45065,58926.1
1428,27.7132,33501.8,37348.5,45334.2,57228.4
1429,27.7328,33501.8,37065.8,45063.9,56759.4
1430,27.7523,33501.8,35761.4,44452.6,53151
1431,27.7719,33501.8,37736.7,45003.5,58566.7
1432,27.7913,33501.8,37011.8,45243.9,56581.4
1433,27.8108,33501.8,37425.8,44944.7,54281.3
1434,27.8305,33501.8,38417.3,45160.3,54792.4
1435,27.8499,33501.8,36831.9,45042.9,58511.1
1436,27.8693,33501.8,37767.1,45306.4,54312.4
1437,27.8888,33501.8,36308.5,45274.8,56124.1
1438,27.9082,33501.8,36625.8,45272.9,57333.3
1439,27.9278,33501.8,39017.5,45074.9,54311
1440,27.9474,33501.8,38253.5,45260.7,54173.4
1441,27.9669,33501.8,36932.5,44990,55151.4
1442,27.9863,33501.8,36747.3,44959.8,54347.9
1443,28.0059,33501.8,36513.2,44844.5,52306
1444,28.0254,33501.8,37984.9,44773.7,56859.6
1445,28.0452,33501.8,37424.5,44949.5,55172.6
1446,28.0647,33501.8,37797.9,44630.4,56894.9
1447,28.0842,33501.8,37188.9,45173.5,53307
1448,28.1039,33501.8,38360.3,45393.7,57434.3
1449,28.1234,33501.8,37623.9,45261.6,53623.3
1450,28.143,33501.8,37602.3,44875,53003.6
1451,28.1626,33501.8,37814.1,45281.9,53443.1
1452,28.1822,33501.8,37736.2,44894.7,58350.2
1453,28.2016,33501.8,37753.4,44881.2,55194.3
1454,28.2211,33501.8,37182.9,45041.4,56566.3
1455,28.2405,33501.8,37446.1,45066.5,57193.2
1456,28.26,33501.8,35918.1,44646,52688.1
1457,28.2796,33501.8,37557.4,45366,60359.9
1458,28.2993,33501.8,37016.8,45155.5,54540.8
1459,28.319,33501.8,38113.8,44867.3,54205.2
1460,28.3385,33501.8,37458.6,44788,52670
1461,28.3581,33501.8,38228.6,44838.7,54194.2
1462,28.3775,33501.8,37214.2,44561,54284.4
1463,28.3971,33501.8,37935,44862.9,55657.9
1464,28.4166,33501.8,38029.7,44879.9,53895.4
1465,28.4361,33501.8,37400.1,44951.6,59963.1
1466,28.4558,33501.8,36635.7,45270.8,55474.7
1467,28.4754,33501.8,37165,44912.2,54483
1468,28.4951,33501.8,37489.6,45006.1,55034.7
1469,28.5147,33501.8,37974.5,45334,57308.9
1470,28.534,33501.8,38257.8,44930.2,55463.3
1471,28.5534,33501.8,36311.5,44873.7,56070.9
1472,28.5737,33501.8,35909.7,44984.5,52362
1473,28.5935,33501.8,38008.8,45131.9,56321.2
1474,28.613,33501.8,36167.2,45029.4,51801.5
1475,28.6324,33501.8,38092.2,45087.6,56198.4
1476,28.6519,33501.8,38056.7,45163.6,59966.3
1477,28.6714,33501.8,37922.8,45247,54486.1
1478,28.6909,33501.8,37552.1,45004.8,55281.4
1479,28.7105,33501.8,38264.4,45376.3,56133.1
1480,28.73,33501.8,36839,45190.2,53647.9
1481,28.7496,33501.8,36541.2,44688,53613
1482,28.7692,33501.8,38558.8,45558.2,54027.9
1483,28.7889,33501.8,36541.9,45421.1,55949.9
1484,28.8085,33501.8,38329.6,45723.1,56135.5
1485,28.8281,33501.8,38159.4,45312.1,55921.4
1486,28.8478,33501.8,38172.2,45266,56618.2
1487,28.8678,33501.8,38909.9,45158.2,59492.2
1488,28.8873,33501.8,35754.5,45358,55146.8
1489,28.9073,33501.8,36987.8,45392,55701.6
1490,28.9275,33501.8,37907.1,45590.5,62723.5
1491,28.9472,33501.8,38956,45256.5,55101.4
1492,28.9667,33501.8,37393.1,45440.7,55395.6
1493,28.9864,33501.8,37395.5,45363.5,53737
1494,29.006,33501.8,38666.4,45342.6,57535
1495,29.0256,33501.8,34644,45286.1,58028.7
1496,29.0452,33501.8,37465.6,45213.2,53017.6
1497,29.0649,33501.8,36833.2,45194,55541.5
1498,29.0845,33501.8,37852.7,45321.5,58498.7
1499,29.1042,33501.8,38945.1,45133,56832.2
1500,29.1239,33501.8,38158.6,45456.9,54195.5
1501,29.1436,33501.8,37194.5,45133.6,56892.5
1502,29.1633,33501.8,37320.3,44972.8,56098.7
1503,29.183,33501.8,38280.5,45074.1,54600.2
1504,29.2027,33501.8,37605.6,44984.6,54892.5
1505,29.2227,33501.8,36976.7,44977.1,53275.2
1506,29.2426,33501.8,37521.2,45125.6,56728.4
1507,29.2622,33501.8,36875.9,44985.2,54228.2
1508,29.2818,33501.8,37839.9,45123.9,55972.1
1509,29.3015,33501.8,36888.8,45179.4,54540
1510,29.3211,33501.8,38360.5,45079.7,56666.9
1511,29.3406,33501.8,37391.4,44486.3,51674.8
1512,29.3602,33501.8,37792.6,44816.5,55538.3
1513,29.3797,33501.8,37867.9,45202.9,56553.3
1514,29.3994,33501.8,37887.7,44986,54808.2
1515,29.419,33501.8,37711.8,44975.8,54778.1
1516,29.4386,33501.8,36948.9,44457.9,52426.6
1517,29.4583,33501.8,36624.1,44796.3,53399
1518,29.4778,33501.8,37467.2,44771.7,54048
1519,29.4978,33501.8,37272.7,45176.8,53761.4
1520,29.5173,33501.8,36782.1,44948.1,54613.7
1521,29.537,33501.8,38610.5,44780.7,55280.6
1522,29.5565,33501.8,37766.1,44655.7,54139
1523,29.5767,33501.8,38084.1,44987.8,54693.6
1524,29.5962,33501.8,38009.2,44872.8,52674.6
1525,29.6157,33501.8,37007.6,44910.2,55786.1
1526,29.6354,33501.8,36663.4,45462.2,58594.8
1527,29.6549,33501.8,36682,44744.3,53583
1528,29.6745,33501.8,35494.1,44779.8,55749.9
1529,29.6942,33501.8,37622.5,45198.9,57034.9
1530,29.7139,33501.8,36803.2,45542.9,57595.2
1531,29.7335,33501.8,39111.7,45194,54084.5
1532,29.753,33501.8,37709.1,45309.7,57041.9
1533,29.7734,33501.8,38639.5,45302.3,55809.7
1534,29.7931,33501.8,38315.9,45183.8,57154
1535,29.8128,33501.8,36832,45220.8,55943.6
1536,29.8324,33501.8,38388.6,45318.5,57382.8
1537,29.852,33501.8,37262.5,45554.4,54563
1538,29.8717,33501.8,37177.1,45153.3,52609
1539,29.8913,33501.8,38399.1,44977.1,55105
1540,29.9112,33501.8,37604.1,45236.1,54704.6
1541,29.931,33501.8,38991.1,45276.6,56215.2
1542,29.9505,33501.8,37011.3,45364.5,56354.1
1543,29.9704,33501.8,37437,45196.1,52309.1
1544,29.9899,33501.8,36342.1,44953.9,54558.5
1545,30.0098,33501.8,39477.7,45015.2,55255.4
1546,30.0294,33501.8,35637.8,44845.1,54431.5
1547,30.0497,33501.8,39328.9,45296.3,58139.3
1548,30.0693,33501.8,33925.8,45165.7,56512.9
1549,30.089,33501.8,37700.8,44487.3,53385.7
1550,30.1086,33501.8,36193.9,44853,55756.2
1551,30.1282,33501.8,35704.8,45297.2,55236.2
1552,30.1479,33501.8,36846.6,44848.1,54520.3
1553,30.1675,33501.8,37857.8,45344.2,53073.7
1554,30.1872,33501.8,35950.7,44630,53658.5
1555,30.2069,33501.8,37777.1,45004.3,55537.1
1556,30.2264,33501.8,35744.4,44502.6,53834.8
1557,30.2461,33501.8,36305.1,44725.3,54574.4
1558,30.2655,33501.8,37447.1,44737.9,53957.3
1559,30.2852,33501.8,37721.6,45134,59509.2
1560,30.3048,33501.8,37133.3,44792.2,52910.2
1561,30.3243,33501.8,37949.4,45158.6,54637.2
1562,30.3438,33501.8,37007.3,45182.1,56614.5
1563,30.3633,33501.8,38763.5,44676,56147.1
1564,30.3829,33501.8,35719,44657.5,53242.5
1565,30.4026,33501.8,37367.1,44956,54764.1
1566,30.4221,33501.8,37928.2,45128,54648
1567,30.4417,33501.8,37769.9,45122.6,55834.2
1568,30.4613,33501.8,36677.4,45059.1,53468.9
1569,30.4809,33501.8,38362.2,44789.1,56586.3
1570,30.5005,33501.8,38127.6,45095,52972.8
1571,30.5199,33501.8,37762.7,45255.3,53758.8
1572,30.5397,33501.8,37220.3,44757.7,52944.1
1573,30.5592,33501.8,37419.8,44814.2,54866.9
1574,30.5795,33501.8,37659.9,44856.7,59063.8
1575,30.5992,33501.8,37126.1,44316.5,54912.3
1576,30.6188,33501.8,36928.3,44640.2,53624.7
1577,30.6383,33501.8,37843.5,44759.5,60517.9
1578,30.6578,33501.8,36818.4,45112.1,54231.8
1579,30.6776,33501.8,38145.4,45268.4,55155.1
1580,30.6973,33501.8,38021.2,45105.7,57743
1581,30.7166,33501.8,37954,45106.8,54560.1
1582,30.7363,33501.8,39412.2,45224,59101.4
1583,30.7561,33501.8,37444.4,45066.8,54232.1
1584,30.7756,33501.8,37072.9,44593.3,54169
1585,30.7953,33501.8,38355.9,44928.4,56237.3
1586,30.8149,33501.8,35755,44915.8,52738.2
1587,30.8344,33501.8,37559,44997.5,56268.6
1588,30.8538,33501.8,37007.5,44788.8,52873.8
1589,30.8732,33501.8,36385.4,44730,57996.8
1590,30.8929,33501.8,36780.4,44890.2,59525.8
1591,30.9126,33501.8,37012.8,44795.6,54405
1592,30.9322,33501.8,37714.9,45197.2,55802.8
1593,30.9517,33501.8,37890.2,44775.2,55202.6
1594,30.9713,33501.8,37288,45224.4,56546.7
1595,30.9909,33501.8,38007.9,44653.2,54104
1596,31.0103,33501.8,35454.7,44894.8,57559.3
1597,31.0298,33501.8,36674.9,44957.8,53448.8
1598,31.0494,33501.8,38825.4,45580.1,54287
1599,31.0692,33501.8,37811.2,45143.6,57640.1
1600,31.0891,33501.8,37644.9,44958.7,60578.8
1601,31.1085,33501.8,38378.3,45039.7,54166.2
1602,31.1282,33501.8,37281,45320,60657.1
1603,31.1479,33501.8,37780.5,45193.7,56655.4
1604,31.1677,33501.8,37201.6,44855,54210
1605,31.1876,33501.8,37628.7,44875.4,52566.5
1606,31.2076,33501.8,34726.4,45458.9,56352.7
1607,31.228,33501.8,35918.8,45134.9,56113.2
1608,31.2486,33501.8,35587,45092.9,54796.7
1609,31.2684,33501.8,37928.4,44631.8,52590.9
1610,31.2885,33501.8,37128,44519.5,54190.2
1611,31.3078,33501.8,36306.5,44922.8,54599.8
1612,31.3274,33501.8,36335.4,45078.2,57511.6
1613,31.3471,33501.8,37046.8,44998.8,58049.9
1614,31.3666,33501.8,36619.1,44831.2,55061.9
1615,31.3861,33501.8,37598.7,44845.5,55029.3
1616,31.4056,33501.8,37167.7,45179.8,55105.5
1617,31.4253,33501.8,37552.6,45409.5,58914
1618,31.4449,33501.8,37785.3,44862.8,58223.3
1619,31.4646,33501.8,38897.3,45389.5,61915.4
1620,31.4841,33501.8,37723.2,44880.1,54409.7
1621,31.5037,33501.8,38023.6,44958.8,56557.5
1622,31.5232,33501.8,37148.5,45346.3,58131
1623,31.543,33501.8,37945.2,45009.7,54015.9
1624,31.5628,33501.8,38307.4,45245.9,52398.8
1625,31.5825,33501.8,37672.3,44693.4,57084.8
1626,31.6019,33501.8,38135.6,45094.9,54477.5
1627,31.6213,33501.8,37842,45394.1,57305.5
1628,31.6409,33501.8,37258,44842.2,54251.4
1629,31.6605,33501.8,37113.6,44985,55112.1
1630,31.6801,33501.8,36796,44717.5,54263.1
1631,31.7,33501.8,37495.6,45252.4,57825.5
1632,31.7196,33501.8,37234.6,44937.8,54376.4
1633,31.7394,33501.8,37344.7,44832.5,53789.4
1634,31.7591,33501.8,36945.6,45115.6,53326.9
1635,31.7787,33501.8,37005.6,44623.7,54486.2
1636,31.7982,33501.8,35976.1,44776.6,54306.9
1637,31.8177,33501.8,37291.3,44967,55477.4
1638,31.8372,33501.8,37077.1,45068,55010.3
1639,31.8568,33501.8,36701.3,44724.1,56928.3
1640,31.8766,33501.8,37423.8,44943.8,56327.4
1641,31.8961,33501.8,34003.8,44736.1,53976.7
1642,31.9157,33501.8,35591.3,44601.1,52874.7
1643,31.935,33501.8,37028.2,44370,53308.6
1644,31.9546,33501.8,36951.6,44940.8,55436.5
1645,31.9741,33501.8,37889.9,45311.4,57428.5
1646,31.9937,33501.8,38075.4,44775.8,54846.2
1647,32.0133,33501.8,36921.5,44975.5,55243
1648,32.0327,33501.8,37111.4,44504.7,52365
1649,32.0522,33501.8,37622.8,44689.8,51729.1
1650,32.0717,33501.8,37120.2,44553.3,51676.8
1651,32.0912,33501.8,36427.7,44700.4,55298.2
1652,32.1107,33501.8,38492.6,45230,57092.9
1653,32.1302,33501.8,36473.9,44689,52673.8
1654,32.1498,33501.8,37803.6,44966.6,56330.3
1655,32.1695,33501.8,36546.5,44923.4,54946.7
1656,32.1892,33501.8,38447.3,45305.1,56169.2
1657,32.2086,33501.8,38809.2,45194.4,53256.3
1658,32.2282,33501.8,36563.3,45043.1,54881.8
1659,32.2478,33501.8,37951.4,45166,54443.1
1660,32.2675,33501.8,38343.6,45430.1,54910.8
1661,32.2871,33501.8,38423,44702,53974.3
1662,32.3068,33501.8,37513.2,44701.4,55591.9
1663,32.3265,33501.8,38147.6,45437.2,57018.5
1664,32.3461,33501.8,37743.7,45050,53451.5
1665,32.3658,33501.8,36388.3,44897.2,54119.4
1666,32.3853,33501.8,37476.9,44822.5,55380.6
1667,32.4049,33501.8,38206.2,45289.2,56276.2
1668,32.4246,33501.8,36509.7,45138.2,54238.1
1669,32.4443,33501.8,37953.1,45076.4,55289.4
1670,32.4639,33501.8,36582.7,45333.7,56756.9
1671,32.4834,33501.8,38260.6,44952.2,56808.8
1672,32.503,33501.8,37687.2,45077,54311.8
1673,32.5227,33501.8,35771,45068.1,54280.5
1674,32.5422,33501.8,39020.2,45132.9,56107.2
1675,32.5618,33501.8,38398.1,45025.5,54026.4
1676,32.5813,33501.8,37075.2,44774.1,52239.3
1677,32.6009,33501.8,37072.7,45330.1,55074.4
1678,32.6205,33501.8,39102.1,44978.4,55790.5
1679,32.64,33501.8,37856.6,45215.1,54303.7
1680,32.6596,33501.8,36428,44737.2,57591.6
1681,32.6793,33501.8,36390,45175.6,55937.8
1682,32.6989,33501.8,35825.4,44599.6,53684.4
1683,32.7183,33501.8,38555.6,45084.5,55410.2
1684,32.7377,33501.8,36992.3,44795.2,55225.1
1685,32.7571,33501.8,37143.1,44775.8,54769.2
1686,32.7765,33501.8,37632.9,44911.8,56396.9
1687,32.7961,33501.8,35512.2,45176.4,56211.8
1688,32.8156,33501.8,36634.2,44765.8,53407
1689,32.835,33501.8,36424.6,45068.3,54504
1690,32.8546,33501.8,36279.5,45079.1,54889.1
1691,32.874,33501.8,38396.8,45142.5,52922.8
1692,32.8935,33501.8,38861.4,45032,57744.7
1693,32.9129,33501.8,38906.7,44723.9,53724.1
1694,32.9326,33501.8,38381.9,45250,56682.1
1695,32.9519,33501.8,36890.6,44840.6,54936.2
1696,32.9715,33501.8,35556.2,44942.8,52659.2
1697,32.9912,33501.8,37409.8,44846.9,55619.2
1698,33.0108,33501.8,36698.6,44809.9,58617.4
1699,33.0312,33501.8,38770,45461.7,56169.4
1700,33.051,33501.8,38517.2,45696.5,55261.1
1701,33.0709,33501.8,36655.9,44993.4,57943.1
1702,33.0908,33501.8,36629.4,45289.4,54731.4
1703,33.1103,33501.8,37584,45593.5,56873.2
1704,33.1296,33501.8,36605.3,44677.1,54181.1
1705,33.1489,33501.8,37726.9,45035.7,55619.8
1706,33.1684,33501.8,36800.6,44966.7,54744.5
1707,33.188,33501.8,36567.8,44895.4,55010.5
1708,33.2073,33501.8,34994.2,45000.3,53536.3
1709,33.2269,33501.8,37355.1,44989.7,55772.7
1710,33.2465,33501.8,37477.5,45146.2,56922.4
1711,33.2661,33501.8,37112.5,44963,54720.9
1712,33.2854,33501.8,37735.2,45032.2,56891.6
1713,33.3052,33501.8,36447.2,45004.3,56525.9
1714,33.3248,33501.8,38098,45232,54531.4
1715,33.3443,33501.8,36481.6,44817.6,53504.4
1716,33.3642,33501.8,36912.5,45083,55225.7
1717,33.3838,33501.8,36719.5,44932.7,55470.9
1718,33.4032,33501.8,38178.9,44633.8,55633.7
1719,33.4227,33501.8,36142.1,44915.9,57122.3
1720,33.4425,33501.8,37110.7,44665.4,52728.2
1721,33.4621,33501.8,36574.3,44902.9,56668
1722,33.4815,33501.8,36219.7,44643.1,53388.1
1723,33.501,33501.8,36087.6,45089,54829.3
1724,33.5207,33501.8,37747.4,45592.4,58338.7
1725,33.5401,33501.8,36957.9,45129.9,58920.6
1726,33.5597,33501.8,36252.2,44876.7,58126.7
1727,33.5793,33501.8,37753.6,45296.1,55480.4
1728,33.5991,33501.8,36198.5,45157.9,59317
1729,33.6188,33501.8,37398.7,44918,57473.8
1730,33.6383,33501.8,36544.9,45246.8,53766.3
1731,33.6579,33501.8,37455.1,44999.9,55003.1
1732,33.6774,33501.8,38222,44843.7,54711.7
1733,33.6969,33501.8,36832.1,44968.1,60894
1734,33.7164,33501.8,36028.4,44862,59072.4
1735,33.7358,33501.8,37754.6,45097.8,54342.3
1736,33.7556,33501.8,35614.9,44912.5,54970.2
1737,33.7756,33501.8,38087.5,44953.8,55476.1
1738,33.7951,33501.8,37717.4,45461,53658.5
1739,33.8146,33501.8,37497.2,45160.6,54340.8
1740,33.8343,33501.8,36390.5,44922,54175.1
1741,33.854,33501.8,36467,45256.4,58550.6
1742,33.8735,33501.8,37897.5,45120,56364.8
1743,33.8932,33501.8,37429,44663.5,55470.2
1744,33.9127,33501.8,36784.6,45011.5,59125.1
1745,33.9323,33501.8,37586.9,45115.4,54640.4
1746,33.9518,33501.8,36962.5,45123.9,55471
1747,33.9718,33501.8,39193.1,45192.2,56421.5
1748,33.9922,33501.8,36482.1,44671.7,57448.6
1749,34.0118,33501.8,37414.4,45198.2,53834.8
1750,34.0313,33501.8,36958.6,44886,54918.7
1751,34.051,33501.8,38469.3,45213.3,55694.8
1752,34.0715,33501.8,37554.2,44991.5,54573.5
1753,34.091,33501.8,36088.1,44770.3,53224.2
1754,34.1106,33501.8,38077.7,45135.9,58383.8
1755,34.13,33501.8,37676.7,45019.4,54650.5
1756,34.1497,33501.8,37674.7,45374.3,58862.5
1757,34.1694,33501.8,37739.6,44758.5,54437.2
1758,34.1889,33501.8,37377.2,44342.9,53040.7
1759,34.2086,33501.8,36444.8,45205.9,56828.4
1760,34.2284,33501.8,37229.3,45218.6,54307.8
1761,34.248,33501.8,35999.2,44728.8,55055.8
1762,34.2676,33501.8,37376.5,45191.7,56995.1
1763,34.2875,33501.8,38597.8,45027.7,56552.2
1764,34.3071,33501.8,37737.7,44800.6,56260.1
1765,34.327,33501.8,36861.1,44955.2,54258.2
1766,34.3467,33501.8,36853,44628,55493.5
1767,34.3662,33501.8,37790.9,44965.8,53767.6
1768,34.3859,33501.8,37368.1,44987.1,55667.2
1769,34.4054,33501.8,37887.6,44742.4,55006
1770,34.4253,33501.8,37953.7,44793,54220.7
1771,34.445,33501.8,37731.1,44992.3,55436.6
1772,34.4647,33501.8,37906.9,44837.1,54455.8
1773,34.4842,33501.8,37401,45150.4,52501.2
1774,34.5038,33501.8,38299.3,45108.9,54428.9
1775,34.5234,33501.8,37429.7,45266.7,56837.9
1776,34.5428,33501.8,37454.6,45091,54442.1
1777,34.5626,33501.8,36439.9,45255.2,55520.6
1778,34.5823,33501.8,37142,45117.2,57905.9
1779,34.602,33501.8,38638.2,45422,53586.7
1780,34.6217,33501.8,38927.1,45190.7,53678.4
1781,34.6415,33501.8,37540.6,45218.6,55296.8
1782,34.6612,33501.8,37285.5,45265.8,56541.9
1783,34.681,33501.8,37369.7,45140.9,53246
1784,34.7005,33501.8,37216.6,45516.5,54450.5
1785,34.7202,33501.8,37422.2,44750.1,53137.3
1786,34.7396,33501.8,38579,44919.8,55083
1787,34.7594,33501.8,38828.1,45041.6,54402.2
1788,34.7791,33501.8,37541.3,44754.3,55529.1
1789,34.7988,33501.8,37523.9,45059.9,56353.3
1790,34.8188,33501.8,37748.3,45189.9,54289.5
1791,34.8384,33501.8,37782.5,45227.5,57090.7
1792,34.8581,33501.8,36588.2,44920.4,53789.8
1793,34.8776,33501.8,37234.6,44779,54411.3
1794,34.8973,33501.8,38529.9,45133.4,54370.2
1795,34.9167,33501.8,37615.7,45046.1,54452.8
1796,34.9363,33501.8,36955,44821,55133.3
1797,34.9559,33501.8,36336,45197.5,53859.9
1798,34.976,33501.8,37038.8,44946.4,54515.4
1799,34.9956,33501.8,36066.8,44656.7,54836.6
1800,35.0154,33501.8,37953.3,44715.3,58985.6
1801,35.0348,33501.8,38838.1,45201.6,56855.6
1802,35.0547,33501.8,36738.3,45380,55031.4
1803,35.0743,33501.8,39214,45154,54837.5
1804,35.094,33501.8,37250.6,45020.2,54775.1
1805,35.1135,33501.8,37625,44796.6,53171.5
1806,35.1332,33501.8,36490.2,44838.4,54102.3
1807,35.1528,33501.8,35347.9,44746.4,56275.8
1808,35.1724,33501.8,38118,45515.9,56717.4
1809,35.1918,33501.8,36944.5,45129.9,57047.9
1810,35.2116,33501.8,38370.2,45401.4,55723.7
1811,35.2313,33501.8,36905,45199.1,55183.7
1812,35.251,33501.8,38300.8,45024.7,57446.6
1813,35.2706,33501.8,36472.7,44858.5,54660.2
1814,35.2903,33501.8,37497.3,45256.2,56642.7
1815,35.3099,33501.8,37787.9,45377.4,52229.4
1816,35.3298,33501.8,37193.9,45388.3,54857.9
1817,35.3495,33501.8,37403.6,45522.2,60878.6
1818,35.3692,33501.8,36553.6,44836.8,54224.2
1819,35.3888,33501.8,37681.2,45210.5,54415.9
1820,35.4086,33501.8,36612.9,45338,54113.8
1821,35.4289,33501.8,37664.2,44952.4,53763.2
1822,35.449,33501.8,37644.4,45128.1,54443.6
1823,35.469,33501.8,37504.7,45214.3,56945.1
1824,35.4889,33501.8,37491,45588,54346.5
1825,35.5083,33501.8,38480.5,45568.2,58225.1
1826,35.5284,33501.8,38108.4,45342.7,54536.6
1827,35.548,33501.8,38066.9,45188.5,58248.7
1828,35.5676,33501.8,37070.5,44906.8,54730.7
1829,35.5875,33501.8,38908.1,45887.5,54607.2
1830,35.6076,33501.8,37871.3,45195.3,55786.6
1831,35.6274,33501.8,37747.5,45383.8,54328.9
1832,35.6474,33501.8,36994.8,45025.9,54266.6
1833,35.6674,33501.8,38119.3,45557.1,54665.2
1834,35.6873,33501.8,36569.1,45161.5,54646.2
1835,35.7075,33501.8,38882.3,45347.5,57415.6
1836,35.7271,33501.8,36693.2,45396,57057.4
1837,35.7466,33501.8,38718.7,44972.1,55736.6
1838,35.7663,33501.8,37444.8,45100.3,56226.2
1839,35.7861,33501.8,38172.3,45579.3,54127.2
1840,35.8063,33501.8,37430.3,44936,54570.1
1841,35.8259,33501.8,38970.3,45154.6,55405.3
1842,35.8455,33501.8,36049.7,45083.8,55745.9
1843,35.865,33501.8,36974.7,44699.9,51248.4
1844,35.8847,33501.8,38752.6,44865.6,53720.9
1845,35.9045,33501.8,35696.7,45459.8,57268.4
1846,35.9242,33501.8,38091,45548.9,58927.2
1847,35.944,33501.8,38364.2,45662.5,58804.6
1848,35.9638,33501.8,37964.8,45656.9,54165.5
1849,35.9835,33501.8,38368.2,45294.6,56586.5
1850,36.0032,33501.8,38832.5,45138.6,56959.2
1851,36.0228,33501.8,37606.6,44828,52399.5
1852,36.0424,33501.8,37292.4,45141.5,53640.4
1853,36.0619,33501.8,36264,44815.2,58370.9
1854,36.0815,33501.8,35600.5,44658.5,56632.7
1855,36.1011,33501.8,36639.3,45413.1,54087.1
1856,36.121,33501.8,38190.9,44971.8,53816.7
1857,36.1407,33501.8,37457.7,45085.9,53837.6
1858,36.1603,33501.8,38531.6,45046,55308
1859,36.1799,33501.8,37877.5,45276,53647.4
1860,36.1996,33501.8,38332.6,45138.2,55086.1
1861,36.2192,33501.8,35641.7,45006.8,57089.6
1862,36.2388,33501.8,37177.8,44756.3,54539.6
1863,36.2585,33501.8,38434.6,45075.8,55816.5
1864,36.2782,33501.8,37354.4,44564,56601.1
1865,36.2977,33501.8,39036.5,44698.1,54840.6
1866,36.3174,33501.8,35513.1,44693.7,53479.6
1867,36.3371,33501.8,37229.6,44794.6,54760.7
1868,36.3571,33501.8,38554.4,44791,58493.8
1869,36.3767,33501.8,37174.3,44863.9,54535.3
1870,36.3962,33501.8,38283.7,44931.1,54126
1871,36.4158,33501.8,37406.5,44858.2,54496.9
1872,36.4356,33501.8,37405.8,44787.2,54056
1873,36.4551,33501.8,36055.4,44902.8,54704.6
1874,36.4747,33501.8,37948,44634.2,54807
1875,36.4943,33501.8,37000.2,44977.7,54084.3
1876,36.5138,33501.8,36706.8,44469.2,52151
1877,36.5334,33501.8,37496,45011.3,54319.5
1878,36.553,33501.8,36873.5,45051.7,53396.7
1879,36.5731,33501.8,36916,45045.6,55257.2
1880,36.5928,33501.8,37848.5,44916.7,53527.4
1881,36.6123,33501.8,37826.8,45442.9,54651.8
1882,36.6318,33501.8,38725.1,45484.2,56033.1
1883,36.6516,33501.8,38235.8,45269.9,53801.9
1884,36.6711,33501.8,38978,44953.7,54546.9
1885,36.691,33501.8,36218.7,44923.6,55279.8
1886,36.7105,33501.8,37454.1,44920.5,55841.8
1887,36.7302,33501.8,36713.7,45390.7,54546.5
1888,36.7498,33501.8,36184.7,44766.2,54040.3
1889,36.7696,33501.8,36198.2,45072.5,56211.7
1890,36.7893,33501.8,36836.7,44955.4,58343.6
1891,36.8088,33501.8,37744.4,45016.3,54897.7
1892,36.8286,33501.8,37680.1,45001.5,54749.3
1893,36.8482,33501.8,37501.1,44791.3,54827.8
1894,36.8678,33501.8,37584.3,44820.4,55529.9
1895,36.8872,33501.8,37411.8,44716.8,53236.3
1896,36.9067,33501.8,37018.2,45007.8,58666.3
1897,36.9262,33501.8,38339.9,44838.3,53541.9
1898,36.9457,33501.8,37682.8,44486.1,53776.7
1899,36.9652,33501.8,38122.8,44592.2,55050.2
1900,36.9854,33501.8,36275.4,44565.6,52591.6
1901,37.0049,33501.8,36397.9,44960.4,57177.2
1902,37.0243,33501.8,36126.7,44573.6,53420.8
1903,37.0439,33501.8,38003.6,45177.5,54840.2
1904,37.0637,33501.8,37932.6,44841,54147
1905,37.0833,33501.8,37894.4,44869.5,55954.9
1906,37.1029,33501.8,36882.8,44560.5,52442.6
1907,37.1227,33501.8,38672.9,45319.3,62444.1
1908,37.1423,33501.8,38035.5,45128.8,52867.7
1909,37.1619,33501.8,38084.8,45094,53755.3
1910,37.1816,33501.8,37685.7,45234.6,57093
1911,37.2011,33501.8,36872.8,44888.6,56210.2
1912,37.2207,33501.8,37723.2,45574.3,53762.8
1913,37.2403,33501.8,38914.2,44886.8,52816.8
1914,37.2601,33501.8,36202,44968.9,53547.6
1915,37.2797,33501.8,35873.5,45057.5,55203.8
1916,37.2992,33501.8,37142,45374.5,57633
1917,37.319,33501.8,38575.2,44954.2,53641.6
1918,37.3385,33501.8,38082.3,45021.2,54748.5
1919,37.3581,33501.8,36796.1,45105.9,56571.7
1920,37.378,33501.8,37651.8,44947,56860.1
1921,37.3975,33501.8,37440,45316.3,58178
1922,37.4172,33501.8,37047.3,45217,56235.4
1923,37.4368,33501.8,37780.8,44648.6,54520.8
1924,37.4563,33501.8,38899.8,44993.7,56486
1925,37.4761,33501.8,38547.8,44621.2,52446.3
1926,37.4958,33501.8,38269.2,44979.2,55551.4
1927,37.5158,33501.8,34192.4,45221,55366.8
1928,37.5354,33501.8,37016.7,44927.6,54971.8
1929,37.5549,33501.8,37817.6,44734,56819.8
1930,37.5751,33501.8,36612.3,44899.1,54454
1931,37.5947,33501.8,38423.1,45286.8,53187.6
1932,37.6145,33501.8,37171.5,44600,59236
1933,37.6341,33501.8,37522.6,45360.5,53681
1934,37.6539,33501.8,36909,45279.8,55525.9
1935,37.6735,33501.8,38246.7,45226.9,54503.7
1936,37.6931,33501.8,38038.5,44949.5,54061.1
1937,37.7127,33501.8,38292.4,45327.4,57475.9
1938,37.7324,33501.8,37088,44710.2,54710.2
1939,37.7519,33501.8,36030.7,44673.4,52852.2
1940,37.7719,33501.8,39255.9,45455.4,55058.6
1941,37.7917,33501.8,38308.5,45121.6,60441.1
1942,37.8112,33501.8,37600.1,45342,55725.4
1943,37.8309,33501.8,38019.7,44755.9,55965.1
1944,37.8506,33501.8,38112,44990.7,53503.6
1945,37.8705,33501.8,37738.4,44909.2,56443.5
1946,37.8901,33501.8,38515.4,45123.4,55554.1
1947,37.9096,33501.8,35905.4,45064.7,53401.6
1948,37.9295,33501.8,38410.6,44869.1,52427.8
1949,37.9495,33501.8,38456.8,45560.4,56834.3
1950,37.969,33501.8,37346.4,44791.8,54848.2
1951,37.9888,33501.8,37398.4,45172.2,55191.5
1952,38.0088,33501.8,37935.5,45599.4,59809.8
1953,38.0288,33501.8,38732.4,45461.4,54421.5
1954,38.0483,33501.8,37214.6,45257.9,54544.8
1955,38.0681,33501.8,38767.9,45269.1,54476
1956,38.0877,33501.8,36640.7,44921,53582.3
1957,38.1074,33501.8,36673,45506.7,56637.5
1958,38.1272,33501.8,36376.4,44888.2,56033
1959,38.1466,33501.8,37589.9,45002.9,56108.3
1960,38.1664,33501.8,38851.6,45061.5,59145.3
1961,38.186,33501.8,36855,45231.3,56265.6
1962,38.2056,33501.8,37692.2,44855.4,53408.1
1963,38.2253,33501.8,36250.4,44697.3,54826.4
1964,38.2453,33501.8,36407.3,45179.6,56568.4
1965,38.265,33501.8,37487.6,44883.9,55371.5
1966,38.2847,33501.8,38682.3,45576.9,56180.3
1967,38.3044,33501.8,39272.2,45585.5,53662.1
1968,38.3241,33501.8,38110,44719.5,56305.2
1969,38.3439,33501.8,38271.6,45085.9,54735.3
1970,38.3637,33501.8,38341.7,45208.9,55824.3
1971,38.3834,33501.8,37807.6,44789.6,55431
1972,38.403,33501.8,37140.6,45082.2,56565.5
1973,38.4228,33501.8,37475.9,44863.9,56265
1974,38.4424,33501.8,37970.6,45118.6,52722.8
1975,38.462,33501.8,35495.2,44767.5,53475.1
1976,38.4817,33501.8,37744.3,44861.6,54188.8
1977,38.501,33501.8,36143.4,45092.8,54462.2
1978,38.5198,33501.8,39228.3,45212.4,57112.8
1979,38.5392,33501.8,37361.4,45393.5,55767
1980,38.5589,33501.8,37875,44960.3,54262.3
1981,38.5788,33501.8,37361,45209,56321.7
1982,38.5988,33501.8,37398.1,44845,56698.5
1983,38.6182,33501.8,36119.6,45130.7,55597.6
1984,38.6379,33501.8,38603.3,45390.8,56903.8
1985,38.6575,33501.8,35207,44988.7,55096
1986,38.6771,33501.8,38185.7,45179.8,56690.7
1987,38.6965,33501.8,37691.4,45107.2,54181
1988,38.7161,33501.8,37107.1,44993.5,54627.7
1989,38.7355,33501.8,35961.1,44706,54411.9
1990,38.7552,33501.8,38002.4,45144.4,56645.8
1991,38.7749,33501.8,38084.9,44656.8,54212.1
1992,38.7945,33501.8,38341.6,44932.1,53377.8
1993,38.8139,33501.8,35863.6,44629,54427.8
1994,38.8332,33501.8,37089.8,44759.6,55764.5
1995,38.8528,33501.8,37700.1,44669.1,55297.9
1996,38.8724,33501.8,35808,45043.7,54447.4
1997,38.8918,33501.8,34833,44684,58906.5
1998,38.9114,33501.8,38086.8,44833.8,54865.3
1999,38.9308,33501.8,37896.4,45008.1,53242.1
2000,38.9505,33501.8,36795.4,44960.6,54322.2
2001,38.97,33501.8,37361.5,44652,56229.6
2002,38.9896,33501.8,37131.6,44612.9,52133
2003,39.0093,33501.8,35756.2,44711.3,57001
2004,39.0287,33501.8,37709.5,44925.1,53179.7
2005,39.0482,33501.8,38456.3,44681.1,56627.9
2006,39.0676,33501.8,37955.3,45016.5,56984.8
2007,39.0871,33501.8,38635,44617.6,58389
2008,39.1066,33501.8,38134,44733.8,53902.4
2009,39.1261,33501.8,38273.3,44234,54659.7
2010,39.1455,33501.8,36970.8,44763.2,55007
2011,39.1649,33501.8,37890.3,44903,53723.5
2012,39.1845,33501.8,37376.2,44631.5,60873.9
2013,39.2041,33501.8,38377,45183,55304.3
2014,39.2236,33501.8,36724.7,44775.2,55673.7
2015,39.243,33501.8,38712,45107.6,53495
2016,39.2628,33501.8,39067.4,45031.4,54315.4
2017,39.2823,33501.8,36428.6,45253.7,54365.8
2018,39.3018,33501.8,36063.6,44963.6,54675.6
2019,39.3214,33501.8,37839.2,44996.8,54810.1
2020,39.341,33501.8,37673.6,44824,54021.2
2021,39.3604,33501.8,37389.8,44673.3,53078.1
2022,39.38,33501.8,37727.9,44955.1,55933.3
2023,39.3997,33501.8,38069.1,44777.8,52399.4
2024,39.4192,33501.8,38516.6,44694.2,55343.8
2025,39.4388,33501.8,37044.1,45062.1,55641.1
2026,39.4587,33501.8,37132.9,45362.2,56411.1
2027,39.4785,33501.8,37586.1,45281.6,56597.2
2028,39.4981,33501.8,35851.4,45045.1,56625.2
2029,39.518,33501.8,36932.1,45118.3,56558.2
2030,39.5376,33501.8,38935.6,45235,55369.6
2031,39.5573,33501.8,38810.7,45176.9,53367.7
2032,39.5771,33501.8,36375.1,45207.5,58128.7
2033,39.5969,33501.8,36890,44694.1,52787.5
2034,39.6165,33501.8,37716.8,45403.4,56705.7
2035,39.6363,33501.8,37001.9,45074.4,55288.1
2036,39.6557,33501.8,37471.6,44463.1,53612.6
2037,39.6751,33501.8,37039.3,45162.9,55588.9
2038,39.6945,33501.8,36226.5,44555,54924.8
2039,39.7142,33501.8,36479.9,44856.7,57727.5
2040,39.7339,33501.8,36076.6,44710.9,54287.4
2041,39.7534,33501.8,39279.8,44963.4,53316.2
2042,39.773,33501.8,36659.5,44873.3,54188.4
2043,39.7927,33501.8,36555.5,44613.8,55885.4
2044,39.8123,33501.8,39046.5,44907.7,52884.9
2045,39.8319,33501.8,37504.7,44501.5,58370.2
2046,39.8515,33501.8,36751.9,44554.6,53067.4
2047,39.8711,33501.8,36671,45052.3,54680.7
2048,39.8907,33501.8,37138.2,44953.4,56719
2049,39.9103,33501.8,37579.3,44672.7,52328.1
2050,39.9298,33501.8,37033.6,44596,54584.3
2051,39.9492,33501.8,38063.1,44918.6,55186.7
2052,39.9687,33501.8,38263,44685.4,53922.6
2053,39.9885,33501.8,37498,44941,57669.1
2054,40.008,33501.8,37949,45005.7,53726.4
2055,40.0276,33501.8,35328.4,44617.1,54178.2
2056,40.047,33501.8,37667.1,44614.9,56319
2057,40.0664,33501.8,37363.5,44807,53529.2
2058,40.0859,33501.8,38978.2,44981.8,54909.9
2059,40.1053,33501.8,37658.6,44798.8,57453.9
2060,40.1249,33501.8,36791,45239.9,57504.4
2061,40.1444,33501.8,38213.2,45339,55232
2062,40.164,33501.8,36348.6,44850.3,53341
2063,40.1835,33501.8,37432.5,44726.6,54242.8
2064,40.2031,33501.8,37514.7,44849.9,54512.9
2065,40.2227,33501.8,37930.5,44891,57590.6
2066,40.2422,33501.8,38745.5,44546.5,54328.1
2067,40.2616,33501.8,36608.5,44806,54085.1
2068,40.2812,33501.8,37805.2,44417.2,61593.1
2069,40.3005,33501.8,36493.6,44626.6,53532.4
2070,40.32,33501.8,38311.7,44765.2,54284.6
2071,40.3395,33501.8,36405.8,44617.5,54341.9
2072,40.359,33501.8,37471.3,44686.1,55850.5
2073,40.3785,33501.8,36360.1,44654.1,55958.5
2074,40.398,33501.8,37634.1,44734.8,54136.6
2075,40.4175,33501.8,34881.4,45240.8,56421.3
2076,40.4371,33501.8,37185.6,44772.7,56422.7
2077,40.4567,33501.8,37913.1,44757.7,54547.2
2078,40.4761,33501.8,36881,44665.7,52037.7
2079,40.4955,33501.8,39081.9,44731.8,56558.6
2080,40.515,33501.8,38060.6,44826.5,56378.1
2081,40.5345,33501.8,37363.2,44608.6,53583.9
2082,40.5541,33501.8,38340,44939.5,53449.3
2083,40.5738,33501.8,36199.7,44510.4,56368.6
2084,40.5935,33501.8,37877.8,44948.4,56538.8
2085,40.6132,33501.8,37692.8,44983.6,53313.9
2086,40.6326,33501.8,37615.3,44994.2,56896.7
2087,40.6521,33501.8,37262.1,44824.4,54515.4
2088,40.6716,33501.8,36445.8,44874.1,53683.3
2089,40.691,33501.8,37569.9,44762.3,54591.8
2090,40.7106,33501.8,38320.5,45245.9,56649.4
2091,40.7301,33501.8,36319.3,45468.9,56429
2092,40.7503,33501.8,37651.6,44773.5,55652.9
2093,40.7697,33501.8,35944.4,44708.9,53892
2094,40.7894,33501.8,37026.1,44768.4,55384.9
2095,40.8086,33501.8,37625.7,44370.9,54823.5
2096,40.8283,33501.8,35906.6,44805.9,52493.2
2097,40.8481,33501.8,39369.1,45396.3,57507
2098,40.8677,33501.8,35365.9,44925.1,54563.4
2099,40.8874,33501.8,36852.6,44978.3,53242.5
2100,40.907,33501.8,38738.4,44948.9,54045.1
2101,40.9267,33501.8,38193.9,45140.9,55566.1
2102,40.9464,33501.8,37050.7,45170.7,54254.6
2103,40.9659,33501.8,38383.3,44355.9,53929
2104,40.9854,33501.8,37550,44801.8,53866.1
2105,41.0048,33501.8,36623.4,44840.4,53550.5
2106,41.0242,33501.8,36737.6,45175.7,55276.3
2107,41.044,33501.8,37204.3,44986.9,56330.8
2108,41.0634,33501.8,37870,44802.1,56225
2109,41.083,33501.8,37072.8,44843.7,53876.7
2110,41.102,33501.8,38041.4,44937.4,53728.3
2111,41.1218,33501.8,35883.9,44801.4,57740
2112,41.1412,33501.8,37671.2,45107.9,54606.5
2113,41.1608,33501.8,36142,44724.1,54180.9
2114,41.1804,33501.8,37429.2,44956.7,59946.5
2115,41.2001,33501.8,37547.8,44848.2,55961
2116,41.2203,33501.8,37807.3,44696.9,54578.5
2117,41.2398,33501.8,37448.7,44959.4,56690.7
2118,41.2596,33501.8,37575.8,44733.5,56678.9
2119,41.2791,33501.8,36808.6,44865.7,54231.5
2120,41.2987,33501.8,36222.9,45046.9,62926.9
2121,41.3188,33501.8,36935,45025.7,57380.3
2122,41.3385,33501.8,37588.5,44644.1,57877.8
2123,41.3582,33501.8,36512.9,44651.1,52932.4
2124,41.3774,33501.8,37569.5,44769.8,58996.5
2125,41.397,33501.8,35954.4,45067.6,54576.5
2126,41.4165,33501.8,36151.8,44617.5,54359.7
2127,41.4359,33501.8,37166.1,44820.8,52695.4
2128,41.4553,33501.8,38570.6,44840.3,54024.7
2129,41.4749,33501.8,36435.1,45042.6,59318
2130,41.4943,33501.8,36972,44839,53847
2131,41.5137,33501.8,35618.8,44814.9,53915.2
2132,41.5331,33501.8,37253.4,44732,55598.1
2133,41.5526,33501.8,37705.3,44571.5,54555.2
2134,41.5722,33501.8,37238,44838.9,52301.7
2135,41.5918,33501.8,36294.5,44703.2,54064.1
2136,41.6114,33501.8,36796.1,44108,56316.2
2137,41.6308,33501.8,36596.2,44464.9,54887.7
2138,41.6501,33501.8,36638.1,44395,54390.9
2139,41.6694,33501.8,37017.7,44503,52958
2140,41.6887,33501.8,37276.2,44757.2,53859.3
2141,41.7076,33501.8,38063.3,45124.8,57441.2
2142,41.7265,33501.8,37607.1,44635.6,52928.9
2143,41.7459,33501.8,37406.5,44892.8,56630.4
2144,41.7651,33501.8,38340.7,44782.9,52448
2145,41.7845,33501.8,38259,45200.6,54262.4
2146,41.804,33501.8,36547.4,44893.8,53735.6
2147,41.8235,33501.8,39102.1,45252.6,54565.4
2148,41.8431,33501.8,38450.9,45244.9,57681.9
2149,41.8625,33501.8,37613,45193.4,54994.6
2150,41.882,33501.8,38013.3,45164.6,56321.9
2151,41.9015,33501.8,37817.2,44887.9,54239.5
2152,41.9211,33501.8,37006.7,45049.2,58921.3
2153,41.9407,33501.8,37917.3,45449.5,55828.9
2154,41.9602,33501.8,38618.9,44792.2,53910.2
2155,41.9796,33501.8,37749.7,44805,57001.1
2156,41.999,33501.8,36063.7,44937.4,55813.5
2157,42.0183,33501.8,36076,44682.6,54637.7
2158,42.0377,33501.8,38546.7,45246.2,55427
2159,42.0572,33501.8,35938.9,45089.1,55867
2160,42.0767,33501.8,37408.2,44524.4,54390.7
2161,42.096,33501.8,37458.4,44737,58615.8
2162,42.1155,33501.8,36965.2,45017.3,54698.1
2163,42.135,33501.8,38579.7,45416,57386.5
2164,42.1544,33501.8,36065.7,44297.7,52740.2
2165,42.174,33501.8,38588.8,45179.6,54908.4
2166,42.1936,33501.8,36999.3,45002.4,55803.5
2167,42.2132,33501.8,37226,44922.4,54728.3
2168,42.2327,33501.8,37837.7,45032.6,55123.2
2169,42.2524,33501.8,38781.2,45310.5,54771.5
2170,42.2722,33501.8,37110.2,45360.5,56112.5
2171,42.2918,33501.8,37391.9,45142.8,55144.2
2172,42.3114,33501.8,36762,45122.8,53690.7
2173,42.3309,33501.8,38242.4,45317.8,54589.1
2174,42.3504,33501.8,37190,44973.7,56195.8
2175,42.3698,33501.8,37584.5,44852,53115.3
2176,42.3894,33501.8,37888.2,44995.2,53150.6
2177,42.4088,33501.8,36693.5,44706.5,54142.7
2178,42.4283,33501.8,37505.2,44778.7,52980.3
2179,42.4478,33501.8,36553.3,45233.2,56319.4
2180,42.4673,33501.8,37664.4,45173,54789.9
2181,42.4868,33501.8,36731.3,45141.2,54786.8
2182,42.5063,33501.8,36911.7,44553.7,52268.9
2183,42.5259,33501.8,37881.1,44922.1,57575.8
2184,42.5456,33501.8,38610.1,45142.1,54938.3
2185,42.5651,33501.8,37761.7,44906.2,56683.6
2186,42.5848,33501.8,37013.3,45036,57263.5
2187,42.6043,33501.8,34881.6,45021.9,57923.6
2188,42.6239,33501.8,36329,45203.1,57118.5
2189,42.6434,33501.8,38589.4,45016.8,53457.3
2190,42.6629,33501.8,36118.7,45030.2,57489.4
2191,42.6823,33501.8,37909.2,44803.1,54348.2
2192,42.7017,33501.8,38932.6,44755,54469.4
2193,42.7212,33501.8,37551.2,44832.4,60611.6
2194,42.7408,33501.8,38467.2,45077.8,54244.7
2195,42.7602,33501.8,38306.9,44971.5,54222.3
2196,42.7796,33501.8,37543.2,45235.4,53850.2
2197,42.7991,33501.8,36982.7,45515.7,57126.9
2198,42.8184,33501.8,35764.3,44985.8,58251.3
2199,42.8375,33501.8,37821.3,44687.1,54391.9
2200,42.857,33501.8,38103.6,45608.5,56460.1
2201,42.8763,33501.8,37843.6,45386,56058.6
2202,42.8958,33501.8,37697.7,45037.9,55468.1
2203,42.9151,33501.8,38189.1,45363.1,55446.7
2204,42.9345,33501.8,38746.9,45244.5,55832.9
2205,42.954,33501.8,39022.3,45070.6,53442.8
2206,42.9736,33501.8,37316,44953.5,52801.9
2207,42.993,33501.8,37512.6,45151.1,54011.4
2208,43.0125,33501.8,36907.1,45637.7,58444.3
2209,43.0322,33501.8,37838.8,44863.5,53256.5
2210,43.0517,33501.8,36576.8,45177.5,56806.1
2211,43.0713,33501.8,36803.1,44593,54687.4
2212,43.0906,33501.8,37256.6,44765.9,52600.5
2213,43.1101,33501.8,36896.7,44798.9,61516.6
2214,43.1296,33501.8,38885.8,45234.1,56477.8
2215,43.149,33501.8,35980.1,44951.7,51165.5
2216,43.1684,33501.8,37573.6,44925.3,57078.9
2217,43.1881,33501.8,38719.1,45202.1,52499
2218,43.2075,33501.8,37196,44995.5,52881.7
2219,43.2274,33501.8,35528.9,45242.4,54678.7
2220,43.247,33501.8,37022.4,44810.5,57128.2
2221,43.2665,33501.8,38129.2,44987,54989.6
2222,43.286,33501.8,37668.1,44785.7,53396.2
2223,43.3057,33501.8,37217,44843.4,53316.5
2224,43.3252,33501.8,37748,44838.8,54101.4
2225,43.3447,33501.8,37173.2,45023.2,57294.6
2226,43.3642,33501.8,38580.1,45306.1,57325.2
2227,43.3839,33501.8,38324.2,45414.5,52964.1
2228,43.4036,33501.8,37626.3,45018.7,55182.4
2229,43.4234,33501.8,37464.5,44918.1,56144.1
2230,43.4436,33501.8,39028.4,45120.5,54151.2
2231,43.4632,33501.8,38790,44981.4,53400.8
2232,43.4829,33501.8,37687.1,45558.5,57465.6
2233,43.5023,33501.8,36224.6,44876.4,55057.6
2234,43.5218,33501.8,36401.6,44945.7,54032.4
2235,43.5413,33501.8,39212.6,45129.4,56210.2
2236,43.561,33501.8,37906.9,45082.1,53267
2237,43.5806,33501.8,38157.3,45286,55251.4
2238,43.6003,33501.8,36329,45028.6,54154.4
2239,43.62,33501.8,38795.8,45254.6,56193.8
2240,43.6396,33501.8,36281.4,44869.7,54112.2
2241,43.6592,33501.8,36780.5,45352.1,54677.9
2242,43.6788,33501.8,36972.1,45273.4,57030
2243,43.6984,33501.8,38056.2,45297.7,55904.2
2244,43.718,33501.8,36888.6,45332.5,56471.2
2245,43.7374,33501.8,38828.8,45712.9,54141.3
2246,43.7568,33501.8,37250.8,45445.2,56767.4
2247,43.7763,33501.8,37505.9,45189.1,57266.8
2248,43.7956,33501.8,37288.5,45134.8,57362.8
2249,43.8151,33501.8,37433.4,45094.7,53696.4
2250,43.8345,33501.8,37005.3,45056.8,54436.9
2251,43.854,33501.8,38534.2,44922.1,56112.1
2252,43.8735,33501.8,37379.7,45066.4,53373
2253,43.8932,33501.8,37742.8,45421.6,57976.1
2254,43.9127,33501.8,37517,45099.6,57161.1
2255,43.9323,33501.8,37574.1,45189.1,55486.8
2256,43.9522,33501.8,35252.3,45010.9,53436.1
2257,43.9717,33501.8,37025.1,45184.8,55565.5
2258,43.9912,33501.8,36541.7,44997,55259.4
2259,44.0108,33501.8,37897.1,44885.7,53318.5
2260,44.0304,33501.8,35545.8,45468.1,55578.2
2261,44.05,33501.8,36962.6,45027,56001
2262,44.0696,33501.8,38014.8,45233.8,54981.1
2263,44.0892,33501.8,37835.1,45370.8,55527
2264,44.1088,33501.8,37929.7,45149,54244.5
2265,44.1284,33501.8,38868.7,44921.1,57924
2266,44.148,33501.8,36031.6,45314.6,58467.5
2267,44.1676,33501.8,37612.8,44883.3,56684.4
2268,44.187,33501.8,36651.1,44844.3,55424.1
2269,44.2063,33501.8,37211,44909.2,55267.9
2270,44.2259,33501.8,37190.6,44886.4,54788.7
2271,44.2455,33501.8,38275,45158.2,56660.8
2272,44.2649,33501.8,37478.3,44955.7,56296.3
2273,44.2844,33501.8,37547.2,45209.3,55508.6
2274,44.3041,33501.8,37392.2,44885.6,52099.5
2275,44.3236,33501.8,35458.5,44579.4,56629.4
2276,44.3432,33501.8,37371.8,45006.4,52785.2
2277,44.3627,33501.8,37693.6,45115.5,53216.7
2278,44.3822,33501.8,36066.5,44717.1,53531.1
2279,44.4015,33501.8,37226.6,44436.1,52789.6
2280,44.4212,33501.8,36859.8,44838.1,55269.1
2281,44.4405,33501.8,36217.4,44961.2,53506.6
2282,44.46,33501.8,37968.3,45124.9,55680.1
2283,44.4793,33501.8,35907.4,44785,53091
2284,44.4988,33501.8,36580.6,45222.8,55539.9
2285,44.5183,33501.8,37577.1,45104.9,54313.3
2286,44.5377,33501.8,38185.5,44831,56722.5
2287,44.5573,33501.8,37566.4,45321.8,57634
2288,44.5769,33501.8,36248.6,45234.9,57534.2
2289,44.5964,33501.8,37465.2,45293.2,52805.6
2290,44.6159,33501.8,37847.6,45297.9,54109.9
2291,44.6352,33501.8,37019.6,45021,55250.5
2292,44.6547,33501.8,38292.3,44930.5,54715.1
2293,44.674,33501.8,37607,44635.6,53838
2294,44.6936,33501.8,38264.4,45230.7,56709
2295,44.7131,33501.8,37824.4,45040.6,56748.2
2296,44.7325,33501.8,38283.4,44896.7,54043.2
2297,44.752,33501.8,38310,45411.2,54304
2298,44.7714,33501.8,37429.1,45055.2,53078.3
2299,44.7908,33501.8,38715.8,44936.1,53663.2
2300,44.8103,33501.8,36790.7,45335.1,53825.2
2301,44.8299,33501.8,37907.2,45125.2,55955.2
2302,44.8495,33501.8,38354.4,45131,54365.2
2303,44.869,33501.8,37398,45557.9,54671.2
2304,44.8887,33501.8,38154.8,45479.6,57024.1
2305,44.9084,33501.8,35922.9,45441.9,55776.2
2306,44.9282,33501.8,37999,45525.1,55264.8
2307,44.9478,33501.8,37890.6,45082.4,53687.6
2308,44.9674,33501.8,37586.2,45232.4,54154.6
2309,44.9868,33501.8,37081.1,45038.9,57268.3
2310,45.0065,33501.8,38478.7,45263.9,52489.4
2311,45.026,33501.8,37166.6,45240.1,57278.7
2312,45.0457,33501.8,38914.8,45427.2,55404.2
2313,45.0652,33501.8,37565.3,45064.4,55369.7
2314,45.0845,33501.8,37347.6,45425,55964.8
2315,45.104,33501.8,37542.5,45146.8,55684.1
2316,45.1236,33501.8,38235.3,45505.9,58073.4
2317,45.1431,33501.8,37568.1,45421.8,56519.9
2318,45.1624,33501.8,37971.4,45176.7,53966.6
2319,45.1817,33501.8,38614.9,44962.7,54990.2
2320,45.2013,33501.8,37176.3,45013.8,54445.8
2321,45.2208,33501.8,36771.4,45228.6,55549.3
2322,45.2406,33501.8,36554.7,45645,55836.7
2323,45.2601,33501.8,38696.9,45130.1,56045.6
2324,45.2795,33501.8,37332.4,44763,52371.3
2325,45.2989,33501.8,37565.9,45075.2,58973.1
2326,45.3185,33501.8,37111.2,44876.3,57979.6
2327,45.338,33501.8,35212.2,44804.3,55537.9
2328,45.3575,33501.8,37611.5,44850.9,56093.9
2329,45.3771,33501.8,37494.7,44855.9,53488.1
2330,45.3968,33501.8,38070.5,45071.6,54843.2
2331,45.4163,33501.8,36222.9,45319.2,58979.2
2332,45.4357,33501.8,36924.1,44808.6,59076.1
2333,45.4553,33501.8,37329.2,45013.3,54893.2
2334,45.4748,33501.8,36113.2,44746.7,53660.4
2335,45.4942,33501.8,37503.1,45000.7,52684.5
2336,45.5136,33501.8,37790.2,44880.9,55590.7
2337,45.5332,33501.8,37722.5,44824.4,54699.6
2338,45.5527,33501.8,36839.9,44474.4,56231.3
2339,45.5723,33501.8,37731.4,44846.2,54050.4
2340,45.5921,33501.8,38677.1,45263.6,55031.3
2341,45.6116,33501.8,38470.6,45021.2,57909.4
2342,45.631,33501.8,37140.9,44869.5,55271.1
2343,45.6505,33501.8,36609.4,45107.6,56627.8
2344,45.67,33501.8,37349,45197.4,57350.2
2345,45.6896,33501.8,38075.1,44561.8,55619
2346,45.7091,33501.8,37478,44882.4,53077.6
2347,45.7285,33501.8,38314,44921.3,58540.2
2348,45.748,33501.8,36053.2,45026.7,57385.7
2349,45.7674,33501.8,37137.1,44786.1,53921.5
2350,45.787,33501.8,38054.4,45090,55159.8
2351,45.8064,33501.8,36040.6,44373.7,52116.3
2352,45.8259,33501.8,37170.2,44424.3,53693.3
2353,45.8454,33501.8,36172,44574.1,55550.6
2354,45.8647,33501.8,35726.8,44813.5,59334.1
2355,45.8844,33501.8,36480.4,44984.8,53758.1
2356,45.9039,33501.8,37316.9,44863,55155.1
2357,45.9232,33501.8,37963.4,44794.8,57117.8
2358,45.9428,33501.8,38393.5,44737.7,52531.3
2359,45.9622,33501.8,36246.5,44986,55460.1
2360,45.9819,33501.8,38543.6,44843.3,56699.1
2361,46.0016,33501.8,39642.9,45180.2,51431.7
2362,46.0209,33501.8,36518.1,44973,57676.1
2363,46.0405,33501.8,36761.6,45141.6,57969
2364,46.0601,33501.8,36403.9,45350.7,53931.3
2365,46.0795,33501.8,36415.9,45070.9,52781.1
2366,46.0992,33501.8,35184.9,45081.4,53498.6
2367,46.1187,33501.8,37062.2,45219.7,53863.8
2368,46.1382,33501.8,38495.7,45289.2,55149.1
2369,46.1577,33501.8,37667.9,45351.3,55662.5
2370,46.177,33501.8,38217.3,45520.4,56364.3
2371,46.1967,33501.8,37107.1,45300.9,56646.1
2372,46.2161,33501.8,37276.4,45194.9,58664.9
2373,46.2358,33501.8,39077.1,45121.3,54123.6
2374,46.2553,33501.8,36199.6,45180.4,56773.7
2375,46.2754,33501.8,38403.4,45373.1,58203.8
2376,46.2953,33501.8,35783.7,44880.3,53738.8
2377,46.3148,33501.8,38283,45346.9,52555.5
2378,46.3344,33501.8,37708.7,45091.2,53347.1
2379,46.3539,33501.8,37819.6,45011.4,55641.2
2380,46.3732,33501.8,37393,44490.1,54552.6
2381,46.3929,33501.8,38245.8,45232.7,54799.2
2382,46.4125,33501.8,37691.1,45238.5,56232
2383,46.4318,33501.8,37868.4,45102.4,56854.5
2384,46.4512,33501.8,36931.6,45348.8,57871.2
2385,46.4708,33501.8,37986.8,45268,54163.6
2386,46.4904,33501.8,38760.2,45427.4,55089.4
2387,46.51,33501.8,38724.1,45267,57816.3
2388,46.5295,33501.8,38420.3,45489.3,56002.1
2389,46.5491,33501.8,38175.9,45351.5,57698.5
2390,46.5688,33501.8,38002.4,45407.9,54392.5
2391,46.5886,33501.8,36458.8,45240.7,53192.8
2392,46.6082,33501.8,35946.4,45065.8,53074.8
2393,46.6279,33501.8,36865.2,45431.1,55044.6
2394,46.6473,33501.8,37734.1,45344.2,54762
2395,46.6668,33501.8,37575.9,45028.2,53049.2
2396,46.6863,33501.8,36521.9,44738.1,54894.6
2397,46.7059,33501.8,35537.1,45145.7,54350
2398,46.7254,33501.8,37736.5,45025.8,55568.4
2399,46.745,33501.8,37409.5,45612.4,54297
2400,46.7647,33501.8,37673.2,45068.9,55539.9
2401,46.7843,33501.8,39208.1,45100.9,57543.6
2402,46.8039,33501.8,36121.3,45093.3,56293
2403,46.8234,33501.8,37135.6,44869.6,54954.2
2404,46.8431,33501.8,36290,45270.2,55043.5
2405,46.8625,33501.8,35636.4,45037.3,53699
2406,46.8821,33501.8,37353.6,45320.8,53530.7
2407,46.9017,33501.8,39426.7,45066.4,55860.3
2408,46.9213,33501.8,37270.5,45599.8,54806.7
2409,46.9409,33501.8,38006.6,45117.1,53878.5
2410,46.9604,33501.8,37086.7,44970.1,54366.2
2411,46.9798,33501.8,37041.6,44979.6,56908.2
2412,46.9995,33501.8,36966.3,45110.7,55729
2413,47.019,33501.8,38289.6,45480.2,56275.2
2414,47.0385,33501.8,36556,45336,56240.3
2415,47.058,33501.8,37685.7,45368.5,56134.3
2416,47.0774,33501.8,37594.6,45173.8,55907.1
2417,47.097,33501.8,38073.2,45235.4,53363.2
2418,47.1165,33501.8,38304.6,45622.1,56502.5
2419,47.1361,33501.8,37358.2,45325.8,56851.8
2420,47.1556,33501.8,37443.6,45099.5,55525.2
2421,47.1751,33501.8,38685.9,44814.2,54609.9
2422,47.1946,33501.8,37977.3,45125.5,54848.4
2423,47.2141,33501.8,37795.2,45133.9,55172.3
2424,47.2337,33501.8,37348.6,45203.3,59263
2425,47.2533,33501.8,38969.6,45529.7,53866.2
2426,47.2729,33501.8,36201,45170.5,54236.9
2427,47.2926,33501.8,36955.2,45318.8,56278.3
2428,47.3123,33501.8,36736.5,45349.9,59274
2429,47.332,33501.8,37438.7,45352.9,54715.9
2430,47.352,33501.8,34976.9,44867.7,55911.7
2431,47.3719,33501.8,36408.2,45170.1,55659.9
2432,47.3916,33501.8,37525.2,45196.2,52249.7
2433,47.411,33501.8,37658.5,44489.1,55592.7
2434,47.4306,33501.8,37919,44861,56219.4
2435,47.4502,33501.8,38371.6,45201,53639.9
2436,47.4696,33501.8,35104.9,44648.9,54189.2
2437,47.489,33501.8,36331.6,45027.3,57054.4
2438,47.5085,33501.8,37196.4,45266.4,56194.1
2439,47.528,33501.8,37997.9,44684.1,54599.4
2440,47.5477,33501.8,37111.2,44709.2,53340.7
2441,47.5672,33501.8,36246.4,44482.6,53510.7
2442,47.5866,33501.8,37500.7,44803.8,53043.2
2443,47.606,33501.8,37489,45023.5,58390.1
2444,47.6255,33501.8,37331,44758.4,54266.5
2445,47.6451,33501.8,36680.4,44955.6,54060.9
2446,47.6647,33501.8,37273.9,45232.1,59688.1
2447,47.6842,33501.8,36197.5,44844.4,53357.7
2448,47.7035,33501.8,37363.5,44769.6,55902.2
2449,47.7229,33501.8,37442.9,44740.2,52059.9
2450,47.7425,33501.8,37682.2,44759,53393.4
2451,47.7622,33501.8,38037.5,45062.3,55045
2452,47.7819,33501.8,38614.2,45075.6,54661.9
2453,47.8014,33501.8,37931,44611.5,52476.8
2454,47.8208,33501.8,37634.3,44695.2,54286.6
2455,47.8403,33501.8,38333.8,45252.3,55490.7
2456,47.8598,33501.8,37062.2,44857.5,53746
2457,47.8793,33501.8,37866,44951.1,55966.8
2458,47.8989,33501.8,37167,44938.3,56027.1
2459,47.9183,33501.8,38215,44852,55237.1
2460,47.9379,33501.8,38714.9,45108.9,55652.8
2461,47.9574,33501.8,37080.3,44796.9,53963.2
2462,47.9771,33501.8,37283.7,45142.4,55613.8
2463,47.9966,33501.8,36889.8,44734.8,51755.3
2464,48.0162,33501.8,36741.9,44942.5,55332.5
2465,48.0356,33501.8,37062.3,44835.4,54886
2466,48.0551,33501.8,37741.3,44827.9,54128
2467,48.0748,33501.8,37491.9,44825.2,56180.7
2468,48.0942,33501.8,35773.4,44846.3,55274.3
2469,48.1138,33501.8,37053.4,44851.6,55599.1
2470,48.1334,33501.8,37641.7,45217.9,53790.4
2471,48.1529,33501.8,38213.1,44740,54511.6
2472,48.1722,33501.8,37376.5,44959.7,56273.2
2473,48.1918,33501.8,37653.3,44978.9,54547.6
2474,48.2113,33501.8,37018,45093,57426.5
2475,48.2308,33501.8,36725.2,44804.1,55797.8
2476,48.2503,33501.8,36246.3,45453.2,55535.2
2477,48.2698,33501.8,37865.5,45264.4,55423.4
2478,48.2893,33501.8,38265.5,44832.6,54765.5
2479,48.3088,33501.8,37660.6,44957.1,55873.9
2480,48.3283,33501.8,38129.3,44839,55281.9
2481,48.3477,33501.8,37301.6,44933.4,59989.7
2482,48.3674,33501.8,37842,44926.5,56064.6
2483,48.3869,33501.8,37328.2,44621.3,55034.1
2484,48.4064,33501.8,37919.8,45550.7,57385.8
2485,48.426,33501.8,38841,45030.2,51645.7
2486,48.4455,33501.8,36539.1,44907.7,55347.3
2487,48.465,33501.8,36880.3,44885.2,55854.8
2488,48.4844,33501.8,39100.1,45138.6,58519.7
2489,48.504,33501.8,38447.3,45249.4,54460.7
2490,48.5236,33501.8,37022.2,44843.5,55069.9
2491,48.5432,33501.8,37665.7,45307.4,55234.8
2492,48.5628,33501.8,37788.7,45145.1,55882.7
2493,48.5823,33501.8,37091,44755.7,54313.3
2494,48.6019,33501.8,37730.4,45450.2,55316.1
2495,48.6214,33501.8,37405.4,44846.1,53049.5
2496,48.6408,33501.8,35277.8,45215.4,55124.5
2497,48.6604,33501.8,38400.7,45321.7,53489.3
2498,48.68,33501.8,38279,45555.3,55702.9
2499,48.6996,33501.8,37340.3,45354.3,55386.5
2500,48.7192,33501.8,36644.8,44877,52946
2501,48.7388,33501.8,36483.3,45349.5,57599.5
2502,48.7582,33501.8,36572.2,44857.5,55189.6
2503,48.7779,33501.8,38795.7,45200.2,56278.7
2504,48.7975,33501.8,37501.9,45463.6,54914.3
2505,48.8171,33501.8,38135.9,45147,55937.4
2506,48.8365,33501.8,35811.1,45184.7,54983.5
2507,48.8559,33501.8,37519.2,44941.7,55984.7
2508,48.8755,33501.8,37523.4,45080.8,53750.8
2509,48.8948,33501.8,36597.4,44976.7,52273.8
2510,48.9143,33501.8,37668.7,45068.8,55428.9
2511,48.9337,33501.8,37216,45032.1,57166
2512,48.9532,33501.8,37839.7,44998.3,54966.6
2513,48.9727,33501.8,38544.6,44988.5,54299.2
2514,48.9921,33501.8,38088.7,45338.9,53331.5
2515,49.0115,33501.8,38045.1,45338,57706.8
2516,49.0309,33501.8,37751.3,45101.3,54298
2517,49.0502,33501.8,37442.7,45291.2,55703.6
2518,49.0696,33501.8,37841.1,45234.5,55184.1
2519,49.089,33501.8,37135,44930.5,55657.4
2520,49.1084,33501.8,37488.3,45557.9,53224.9
2521,49.128,33501.8,37695.1,45502.8,55896
2522,49.1474,33501.8,37933.5,45309.9,54688.7
2523,49.1669,33501.8,38613.8,45621.4,55824.7
2524,49.1864,33501.8,36530.4,45383.2,60993.4
2525,49.2058,33501.8,37177.3,45174.5,54705.9
2526,49.2253,33501.8,36935.1,45336.9,57365.5
2527,49.2448,33501.8,36753.8,45346.6,56825.9
2528,49.2644,33501.8,37681,45290.6,55864.6
2529,49.2841,33501.8,37790.8,45233.8,57210.5
2530,49.3034,33501.8,37047.6,45409.2,57808.1
2531,49.3229,33501.8,37381.9,45390.1,57879.7
2532,49.3426,33501.8,38160.1,45515.5,56028.8
2533,49.3622,33501.8,37618.9,45261.6,54864.7
2534,49.3817,33501.8,37390.9,45745.4,53593.2
2535,49.4012,33501.8,36593.4,45187.6,55339.2
2536,49.4207,33501.8,36997.1,45180.5,56935.9
2537,49.4402,33501.8,38264.3,45462.2,54014
2538,49.4596,33501.8,37639.9,45574.2,55150.8
2539,49.4792,33501.8,37485.3,45490.4,55836.2
2540,49.4986,33501.8,38125.4,45278.9,55023.3
2541,49.518,33501.8,37689.6,45060.6,56256.7
2542,49.5375,33501.8,37005.2,45326.9,54712.7
2543,49.557,33501.8,37643.9,44922.7,57364.2
2544,49.5765,33501.8,37537.8,45304.1,53856.1
2545,49.5959,33501.8,36500.4,44904,55747.8
2546,49.6152,33501.8,37448.7,44990.9,53516.8
2547,49.6346,33501.8,36981.6,44681.9,54951.1
2548,49.6542,33501.8,37995.4,44891.1,55259.2
2549,49.6737,33501.8,38695.9,45028.7,53652.9
2550,49.6931,33501.8,37629.9,45063.4,56757.2
2551,49.7125,33501.8,35955.9,45355.4,58509.8
2552,49.732,33501.8,37873,45004.2,56400.2
2553,49.7519,33501.8,37940.1,45060.6,51475
2554,49.7712,33501.8,38604.5,45400.1,57468.4
2555,49.7909,33501.8,39871.4,45786.4,54947.9
2556,49.8105,33501.8,37997.9,45188.7,54601
2557,49.83,33501.8,39048,45217.8,54529.6
2558,49.8495,33501.8,38525.1,44857.7,53281.4
2559,49.8691,33501.8,35645.6,45066.8,56802.1
2560,49.8887,33501.8,37223.9,45396.7,55862.5
2561,49.9081,33501.8,38460.4,45243.1,53040.7
2562,49.9277,33501.8,37280.1,45252.3,54650.9
2563,49.9471,33501.8,37173.1,44895.5,54006.1
2564,49.9668,33501.8,37593.7,45374.6,53884.3
2565,49.9862,33501.8,38110.7,45280.1,55540.6
2566,50.0057,33501.8,38169.5,44977.9,58364.8
2567,50.025,33501.8,37339.5,45245.7,57155.6
2568,50.0447,33501.8,36767.9,44807.7,58516.9
2569,50.0644,33501.8,36801.1,45031.6,55072.6
2570,50.084,33501.8,38357.1,45399.5,55237.2
2571,50.104,33501.8,37016.5,45396.8,58151.7
2572,50.1234,33501.8,37410,44991.3,55899.6
2573,50.143,33501.8,39072.3,45196,55065.8
2574,50.1627,33501.8,38131.6,45337,61277.9
2575,50.1821,33501.8,38335.5,45263,53611
2576,50.2018,33501.8,36389.8,45025.1,54749.1
2577,50.2214,33501.8,37447,45090.6,56023.8
2578,50.2409,33501.8,35426.2,44978.8,54309.2
2579,50.2605,33501.8,37210.6,44930.4,54053.4
2580,50.2799,33501.8,36844.1,44565.1,52148.1
2581,50.2994,33501.8,38797.2,45550.1,57014.4
2582,50.319,33501.8,37681.9,44902.4,54316.7
2583,50.3383,33501.8,36234.8,44632.3,52499.2
2584,50.3577,33501.8,37838.5,44814.6,54509
2585,50.377,33501.8,37905.1,44768.9,55468.5
2586,50.3963,33501.8,37263.9,44482.2,54135.6
2587,50.4157,33501.8,37815.9,44918.5,55687.2
2588,50.435,33501.8,36151.4,44699.6,53803.6
2589,50.4542,33501.8,38042.3,44504.5,54292.1
2590,50.4734,33501.8,37570,44800.3,57763.6
2591,50.4927,33501.8,36904.6,45277.9,52558.6
2592,50.5119,33501.8,36725.6,45302.3,56576.2
2593,50.5311,33501.8,35274.9,44795,53037.7
2594,50.5503,33501.8,38087.4,45235.5,60456.2
2595,50.5697,33501.8,38887.7,45076.3,55435.1
2596,50.5891,33501.8,38826.5,45638.6,56343.3
2597,50.6083,33501.8,37172.1,44937.3,53784.3
2598,50.6276,33501.8,39062.8,45398.6,54445.7
2599,50.6469,33501.8,37625.1,45072,55156.7
2600,50.6662,33501.8,36954.6,44985.8,55472.3
2601,50.6854,33501.8,38626.1,44825.3,53893.8
2602,50.7047,33501.8,37224.8,44881.3,54954.3
2603,50.7239,33501.8,37331.7,44729.9,56417.9
2604,50.7432,33501.8,37481.1,45242.1,55598.2
2605,50.7627,33501.8,39140.4,45411.9,55391.6
2606,50.782,33501.8,36868.6,45222.7,55052.4
2607,50.8011,33501.8,36393.8,44982,55052.5
2608,50.8205,33501.8,38275,45475.4,54751.5
2609,50.8399,33501.8,37389.4,45218.9,61395.5
2610,50.859,33501.8,38396.6,45507.7,56046.2
2611,50.8782,33501.8,37946.7,45339.4,55823.4
2612,50.8976,33501.8,36875.2,45141.2,56109.8
2613,50.917,33501.8,38476.4,45224.2,54469.9
2614,50.9362,33501.8,37219.2,45477.4,57025.6
2615,50.9554,33501.8,37655.6,45288,54245.1
2616,50.9746,33501.8,38434.6,45354.9,55120.8
2617,50.9939,33501.8,37865.3,45532.4,54458.6
2618,51.0131,33501.8,38153.5,45155.4,55822.1
2619,51.0323,33501.8,37301.3,45168.1,60389.3
2620,51.0517,33501.8,37188.3,45583,54746.1
2621,51.0709,33501.8,38357.2,45323.4,54249.3
2622,51.0901,33501.8,37039.1,45338.7,53507.8
2623,51.1093,33501.8,37948.3,45147.2,56740.4
2624,51.1285,33501.8,36974.9,45120.4,56565.8
2625,51.1477,33501.8,37717.4,44994,55429.2
2626,51.167,33501.8,36976.5,44922.7,53260.5
2627,51.1863,33501.8,37188.6,45022.5,55427.3
2628,51.2055,33501.8,35702,44873.9,56935.6
2629,51.2249,33501.8,36769.7,44765,56168.2
2630,51.2442,33501.8,35938.5,44968.3,53719.9
2631,51.2635,33501.8,38577.1,45143,59699.9
2632,51.283,33501.8,38826.5,45248.5,59018.4
2633,51.3022,33501.8,38374.7,45250.3,54973.8
2634,51.3216,33501.8,38208.7,45258.5,55026.6
2635,51.3411,33501.8,36661.4,45097.9,55836.7
2636,51.3601,33501.8,36378,44943.2,54808.3
2637,51.3792,33501.8,36781.3,44930.7,57344.5
2638,51.3984,33501.8,37647.1,45181.9,55436
2639,51.418,33501.8,37305.3,45453.1,56560.5
2640,51.4373,33501.8,37795,45138.2,57232.8
2641,51.4564,33501.8,38257,44935.9,55065.5
2642,51.4756,33501.8,37368.4,45317.2,55334.4
2643,51.495,33501.8,38350.1,45151.2,54369.6
2644,51.5143,33501.8,38151,45130.1,55283.3
2645,51.5338,33501.8,37493.1,44936.3,56205.1
2646,51.553,33501.8,38770.2,45343.2,56850
2647,51.5724,33501.8,38523.1,45364.4,55559.6
2648,51.5919,33501.8,37655.7,44934.7,58081.2
2649,51.6112,33501.8,38431.4,45341.2,54519.1
2650,51.6306,33501.8,36953.2,44943.7,53197.8
2651,51.6498,33501.8,37332.8,45182.7,57696.1
2652,51.6692,33501.8,38189.2,45117.1,53650.7
2653,51.6886,33501.8,38273.8,45670.1,54518.2
2654,51.7078,33501.8,38637.7,45387.9,54999.9
2655,51.7272,33501.8,38499,45276.3,54687.7
2656,51.7465,33501.8,37210.8,45022.4,56636.1
2657,51.7659,33501.8,38576.5,45530.2,56767.1
2658,51.7851,33501.8,36780.6,44829.9,58420
2659,51.8043,33501.8,35940,44827.6,55581.3
2660,51.8235,33501.8,36352.3,45319.1,53891.1
2661,51.8426,33501.8,38418.6,45731.2,54141.9
2662,51.8617,33501.8,37578.2,45250.7,55139
2663,51.8808,33501.8,38004.8,45170.9,60446.3
2664,51.9,33501.8,35385.9,45029,53604.6
2665,51.9193,33501.8,36335.5,45113.7,54270.1
2666,51.9385,33501.8,37832.4,44960.9,55357.2
2667,51.9578,33501.8,36113.9,44829.3,53622
2668,51.9769,33501.8,36145,44777.2,55747.4
2669,51.9961,33501.8,36046.4,44644.9,53400.1
2670,52.0154,33501.8,37133.3,45157.4,56446.9
2671,52.0347,33501.8,35850.7,44573.7,54823
2672,52.0539,33501.8,36907.4,44632.5,54290.1
2673,52.0731,33501.8,37866.9,44934.3,53609.1
2674,52.0924,33501.8,37441.4,45229.8,54816.4
2675,52.1115,33501.8,37573,45131.3,55201.4
2676,52.1305,33501.8,37928.6,45025.6,53786
2677,52.1499,33501.8,38220.1,45024.1,54556.4
2678,52.1691,33501.8,36755.6,45303.8,54087
2679,52.1882,33501.8,38076.4,44883.3,56498.1
2680,52.2077,33501.8,38725.1,44966,53509.6
2681,52.2271,33501.8,37134.6,45352.9,54209.4
2682,52.2464,33501.8,35166.4,45287.8,55826.8
2683,52.2656,33501.8,38143.3,45353.5,55602.8
2684,52.2849,33501.8,36720.7,45449.9,57856.2
2685,52.3043,33501.8,34282.8,45113.6,54143.7
2686,52.3236,33501.8,38060.8,45264.8,53351.8
2687,52.3428,33501.8,38085.7,45347,55944.3
2688,52.362,33501.8,38090.9,45350.3,53688
2689,52.382,33501.8,37589,45320.9,55636.9
2690,52.402,33501.8,38541,45618.2,53787.2
2691,52.4215,33501.8,37840.7,44574.1,52870.8
2692,52.4413,33501.8,36305.1,45170.3,54021.1
2693,52.461,33501.8,37769.3,45013.3,53414.8
2694,52.481,33501.8,35277.9,45179,53490.1
2695,52.5007,33501.8,36076,45234.6,58404.9
2696,52.5204,33501.8,36328.3,45050.3,55933.1
2697,52.5401,33501.8,35759.1,45049.3,57168.8
2698,52.5598,33501.8,38573.2,45008.4,55637.5
2699,52.5798,33501.8,37784.9,45403.7,52884.3
2700,52.5997,33501.8,38796,45624.7,55058.4
2701,52.6194,33501.8,37145.4,45464.2,53922.3
2702,52.6392,33501.8,38102.6,45301.2,58097.3
2703,52.6589,33501.8,39145.5,45000.1,55174.1
2704,52.6785,33501.8,35464.7,45077.6,56204.7
2705,52.698,33501.8,37219.9,44366.1,52576.7
2706,52.7178,33501.8,36917.9,44886.9,55548.2
2707,52.7374,33501.8,36577.4,44687.1,52966.7
2708,52.7572,33501.8,37497.6,44924.6,53360
2709,52.7769,33501.8,38234.6,45158.2,53960.3
2710,52.7967,33501.8,36536.2,45169.1,55362.5
2711,52.8164,33501.8,36997.4,45291.6,57025.3
2712,52.836,33501.8,35749.9,44727.9,54665.3
2713,52.8559,33501.8,37785.1,45376.1,58148.8
2714,52.8755,33501.8,37563.4,45202.4,55259.6
2715,52.8954,33501.8,37439.6,45046.2,54881.7
2716,52.9152,33501.8,38351.6,45075.1,54234.8
2717,52.935,33501.8,37233,45223.2,55421.8
2718,52.9547,33501.8,36400.8,45179.5,54479.7
2719,52.9744,33501.8,38342.2,45033.4,54130.8
2720,52.994,33501.8,36254,45247.3,56344.7
2721,53.0138,33501.8,38087.9,45110.4,53483.8
2722,53.0336,33501.8,38862.9,45261.9,57018.4
2723,53.0533,33501.8,36999.1,45024.4,53939.1
2724,53.0728,33501.8,38264.5,45020,52212.6
2725,53.0925,33501.8,37674.4,45117.6,59230.7
2726,53.1123,33501.8,35791.3,44985.1,54557.7
2727,53.1321,33501.8,38135.5,44963.1,55026.8
2728,53.1518,33501.8,38715.3,45100.5,57382.2
2729,53.1716,33501.8,36531.7,44887.7,54681.5
2730,53.1913,33501.8,38749,44432.9,53282
2731,53.2111,33501.8,36963,44951.4,54860.7
2732,53.2308,33501.8,36715.4,44884.6,52950.9
2733,53.2506,33501.8,38095.7,45030.9,58063.1
2734,53.2702,33501.8,36411.8,44964.1,55183.6
2735,53.2899,33501.8,36999.2,45002.9,56993.2
2736,53.3095,33501.8,37241,44598.2,56000.7
2737,53.3294,33501.8,37858.4,45105,53410
2738,53.3491,33501.8,35977.3,44471.7,52429.9
2739,53.3689,33501.8,38135.3,45174.2,56019.2
2740,53.3886,33501.8,37173.5,45004,53904.7
2741,53.4084,33501.8,38760.8,45125.4,55912.3
2742,53.4281,33501.8,37911.8,45198.4,55727.1
2743,53.4479,33501.8,36770.4,44867.2,54823.5
2744,53.4677,33501.8,37159.2,44807.8,53350.6
2745,53.4874,33501.8,37469.9,45278.6,59504.2
2746,53.5071,33501.8,36448.3,44992.9,56404.4
2747,53.5269,33501.8,36232.5,45279.4,59906.3
2748,53.5466,33501.8,37788.1,45705.3,61263.3
2749,53.5665,33501.8,39155.1,45246.8,55134.8
2750,53.5863,33501.8,37622,45592.6,59667.7
2751,53.6062,33501.8,38201.6,45552.5,53817.5
2752,53.626,33501.8,36606.2,45335.4,57757.3
2753,53.6459,33501.8,37968.8,45379.8,55581.2
2754,53.666,33501.8,37876.7,45493.5,55809
2755,53.6857,33501.8,37648.1,45390.2,56566.2
2756,53.7057,33501.8,38015.8,45628.6,56268.1
2757,53.7254,33501.8,36726.1,45134.2,54322.4
2758,53.7451,33501.8,35786.7,45169,54437
2759,53.7652,33501.8,36675.8,45116.3,53181.9
2760,53.7852,33501.8,38976.1,45065,53291.1
2761,53.8048,33501.8,38260.9,44727,54804
2762,53.8247,33501.8,37327.7,45093.4,56515.2
2763,53.8445,33501.8,38501.7,45231.6,57266.6
2764,53.8642,33501.8,37519.9,45433.5,56376
2765,53.8838,33501.8,37045.4,45000.5,54245.7
2766,53.9038,33501.8,37943.8,45602,61613.8
2767,53.9237,33501.8,38255,45171.7,60410.1
2768,53.9436,33501.8,36370.2,45486.4,54723.3
2769,53.9634,33501.8,37721,45453.2,57531.8
2770,53.9834,33501.8,39582.3,45462.2,55477.2
2771,54.0031,33501.8,38215.5,45347.8,53205.8
2772,54.023,33501.8,37581.7,44866.8,53787.2
2773,54.0425,33501.8,37487.1,45222.2,57659.1
2774,54.0624,33501.8,38361.2,45324.4,53327.5
2775,54.0823,33501.8,37823,45324.9,56206.4
2776,54.1021,33501.8,37743.6,45410.8,54924.2
2777,54.1219,33501.8,36494.3,44976.8,55974.2
2778,54.1416,33501.8,36893.1,44848.1,54651.8
2779,54.1613,33501.8,37264.4,45035.7,55932.3
2780,54.1813,33501.8,37403.6,44840.1,56276.7
2781,54.2012,33501.8,38182.5,45339.6,56677.4
2782,54.2209,33501.8,34287.9,45226.3,57354.9
2783,54.2408,33501.8,38012.8,44742.3,56096.2
2784,54.2606,33501.8,36770.4,45187.6,54035.1
2785,54.2807,33501.8,34922.5,44708.2,53423.6
2786,54.3005,33501.8,38472.6,45537.7,55162.3
2787,54.3203,33501.8,38188,45313.7,53868.1
2788,54.34,33501.8,38880.3,45312.1,59008
2789,54.3599,33501.8,36864.4,45254.2,56262.7
2790,54.3797,33501.8,37099.2,44863.4,55214.5
2791,54.3995,33501.8,37946.2,45326.2,54719.4
2792,54.4193,33501.8,35894,45079,55134.4
2793,54.4393,33501.8,38206.7,44801.9,54847.6
2794,54.4592,33501.8,38570.1,45252.9,54834.3
2795,54.4792,33501.8,36791.8,45149.8,54537.2
2796,54.4989,33501.8,36823.5,45033.2,56310.4
2797,54.5186,33501.8,37338.1,44922.6,56396.3
2798,54.5386,33501.8,38134.7,45359.9,59060.9
2799,54.5583,33501.8,37953.7,44869.1,55613.3
2800,54.5781,33501.8,38304.7,45058.5,56379.5
2801,54.5979,33501.8,38621.4,45050.7,56538.7
2802,54.6176,33501.8,37919.1,44822.4,52992
2803,54.6374,33501.8,38001,45109.1,56395.8
2804,54.657,33501.8,37129.4,45047.9,58340.1
2805,54.6766,33501.8,37671.6,44883.6,55247.7
2806,54.6964,33501.8,39048.9,45012.2,55350.9
2807,54.716,33501.8,36483.7,44902.6,54725.1
2808,54.7358,33501.8,38395,44647.4,55414.5
2809,54.7555,33501.8,35716,45023.8,52902.9
2810,54.7754,33501.8,38428.5,44515.1,54810.5
2811,54.7951,33501.8,38131.3,44649.7,55382.4
2812,54.8147,33501.8,37624.2,44909.2,53150
2813,54.8345,33501.8,37447.1,45047.6,56514.7
2814,54.8543,33501.8,37817.9,44945.8,53711.3
2815,54.874,33501.8,37613.3,44707.3,55788.2
2816,54.8938,33501.8,38404,45153,54203.6
2817,54.9134,33501.8,37349.7,45580.9,56501
2818,54.9332,33501.8,36937.1,44941.9,54007.9
2819,54.953,33501.8,37742.7,45041.9,55144
2820,54.9728,33501.8,38049.4,44686,54407.3
2821,54.9926,33501.8,36747.6,45111.7,54773.7
2822,55.0123,33501.8,36255.1,44843.4,56272.1
2823,55.0322,33501.8,37539.1,45115.3,58815.7
2824,55.052,33501.8,37706.6,45466.6,55487.6
2825,55.0719,33501.8,36364.3,45154.6,53228.2
2826,55.0915,33501.8,38695.6,44685.6,55416.5
2827,55.1114,33501.8,36449.4,44733.7,54921
2828,55.1312,33501.8,37051.2,44987.6,57634.2
2829,55.1509,33501.8,36864.5,45055.4,55870.1
2830,55.1707,33501.8,37685,45021.1,55976.1
2831,55.1903,33501.8,38318.7,44790.5,52378
2832,55.2102,33501.8,37214.7,44489.9,53174.9
2833,55.2301,33501.8,37335.7,45156.9,57103
2834,55.2498,33501.8,37506.7,44661.6,54879.4
2835,55.2697,33501.8,37375.2,44903,55816.1
2836,55.2895,33501.8,37186.4,44896.5,53716.2
2837,55.3092,33501.8,36883.3,45125.2,54849.9
2838,55.3288,33501.8,37897.8,45366.3,55971.2
2839,55.3486,33501.8,37855,45097.3,53837.6
2840,55.3684,33501.8,37890.3,45216,53276.9
2841,55.3882,33501.8,36386.9,45083.2,54812.1
2842,55.408,33501.8,37187.6,44577.8,56351.9
2843,55.4277,33501.8,37920.1,44948.4,53192.5
2844,55.4477,33501.8,37819.2,45211.8,60328.3
2845,55.4677,33501.8,38539.8,45257.4,55138.1
2846,55.4875,33501.8,38120.6,45323.6,56120.5
2847,55.5074,33501.8,38472.4,45095.8,55529.1
2848,55.5272,33501.8,38307.4,45260,55626.6
2849,55.5475,33501.8,38096.9,45466.7,54024.4
2850,55.5677,33501.8,37137.9,45730.1,56596.9
2851,55.5872,33501.8,36452.7,45294.3,58864.3
2852,55.6065,33501.8,36940.7,45086,54058.5
2853,55.6265,33501.8,37737.9,44893.2,56928.4
2854,55.6469,33501.8,37802.2,45343.1,56110.2
2855,55.667,33501.8,38222.9,44917.3,54339.1
2856,55.6885,33501.8,38133.8,44763.4,53538.5
2857,55.7082,33501.8,37837.7,44935.6,53116.9
2858,55.728,33501.8,37930.2,44865.6,54259.5
2859,55.7477,33501.8,37278.8,44818.9,54886.7
2860,55.7675,33501.8,38274.2,45234.3,53864.3
2861,55.7873,33501.8,38631.3,44926.7,55528
2862,55.807,33501.8,36997,45067.1,55391.7
2863,55.8269,33501.8,37592.8,45080.9,53525.1
2864,55.8466,33501.8,37378,44820.1,52068.4
2865,55.8664,33501.8,37986.7,45314.1,55883.5
2866,55.8863,33501.8,37344.8,45493.9,58044
2867,55.9061,33501.8,38121.9,44672.7,52895.3
2868,55.926,33501.8,35836.1,45108,55417.6
2869,55.9469,33501.8,37456.9,45027.1,54870.8
2870,55.9662,33501.8,38335.1,45627.3,54138.7
2871,55.9855,33501.8,36580.2,45298.3,55098.1
2872,56.0054,33501.8,36398.6,45072,55092.4
2873,56.0253,33501.8,38269.1,45270.9,54527.6
2874,56.0452,33501.8,35776.8,45323.7,56739.4
2875,56.0649,33501.8,36897.7,45034.6,58539.2
2876,56.0846,33501.8,37998.3,45363.9,55698.4
2877,56.1046,33501.8,37399,45114.4,55410.1
2878,56.1243,33501.8,35247.2,45520.9,53742.1
2879,56.144,33501.8,37946.5,44898.7,59725.7
2880,56.164,33501.8,36056.6,45530.8,56575.5
2881,56.1837,33501.8,37532.2,45501,55126.9
2882,56.2035,33501.8,37419.2,45648.5,58939.8
2883,56.2234,33501.8,38415.1,44517.5,55378.8
2884,56.2438,33501.8,36773.8,45466.1,54255.2
2885,56.2637,33501.8,37524.9,45338.4,54951.9
2886,56.2834,33501.8,37958.2,44980,54370.5
2887,56.3031,33501.8,38072.3,45171.2,55567.3
2888,56.3229,33501.8,37306.6,44870.8,59771.8
2889,56.3428,33501.8,36889.1,44636.9,52036.4
2890,56.3626,33501.8,36743.5,44717.1,53617.8
2891,56.3823,33501.8,39005.4,45280,58507.7
2892,56.4022,33501.8,37530.1,44895,54571.8
2893,56.422,33501.8,37218.3,44816.1,53682.5
2894,56.4419,33501.8,37101,45005.2,56249.1
2895,56.4615,33501.8,36623.1,44860.8,56529.3
2896,56.4814,33501.8,38167.3,45032.1,54659.8
2897,56.5011,33501.8,37211,45123,54082.4
2898,56.5211,33501.8,37287.8,45044.5,53300.4
2899,56.541,33501.8,37742.3,45481.7,54956.3
2900,56.5609,33501.8,38519.1,45333.2,57264.4
2901,56.5805,33501.8,37775.7,45097.3,56743.6
2902,56.6004,33501.8,37547.8,45191.3,53484.6
2903,56.6203,33501.8,37750.3,45559,58205.3
2904,56.6406,33501.8,37621.6,45499.6,54880.7
2905,56.6605,33501.8,38011.8,45336,54364.2
2906,56.6802,33501.8,37896.8,45014.9,52653.8
2907,56.7,33501.8,37962.6,45034.9,57105.6
2908,56.7197,33501.8,37761.4,45221.2,57563.9
2909,56.7395,33501.8,37012.1,45426.1,56776.2
2910,56.7594,33501.8,38140.8,45131,55034.8
2911,56.779,33501.8,38571.2,45255,53830.9
2912,56.7989,33501.8,37413.3,45081.1,52335.2
2913,56.8178,33501.8,36917.9,45521.1,54601.2
2914,56.8371,33501.8,37532.1,45308.1,56944.8
2915,56.857,33501.8,38247.8,45475.2,58311.4
2916,56.8769,33501.8,37151.7,45179.6,57089.6
2917,56.8968,33501.8,36728.7,45724,56903.5
2918,56.9164,33501.8,37510.4,44932.9,53252.6
2919,56.936,33501.8,37374.5,45057.5,55101.8
2920,56.9557,33501.8,37567,44760.2,54022.1
2921,56.9757,33501.8,38412.7,45045.3,56262.4
2922,56.9955,33501.8,37108,44978.8,58423.5
2923,57.0153,33501.8,37353.3,44851.5,55523.9
2924,57.0351,33501.8,37286.4,45159.3,56725.6
2925,57.0548,33501.8,36413.9,44697.8,55621.2
2926,57.0748,33501.8,37782.4,44908.1,58498.6
2927,57.0945,33501.8,38653.3,44965.5,55322.3
2928,57.1142,33501.8,37220.5,44885,55677.6
2929,57.134,33501.8,38179.8,44638.7,56376
2930,57.1537,33501.8,38339.8,45168.4,56450.8
2931,57.1734,33501.8,37723,45106,60351
2932,57.1931,33501.8,38718.7,45134.1,55585.5
2933,57.2129,33501.8,37454.3,45080.5,54324.4
2934,57.2327,33501.8,37091.2,45214,55914.4
2935,57.2524,33501.8,37378.5,44983.2,57723.2
2936,57.2721,33501.8,37862.7,44729.5,53517.9
2937,57.2917,33501.8,37157,45387.3,54954
2938,57.3115,33501.8,37485,44806.3,53185.5
2939,57.3314,33501.8,37481.1,44566.5,56324.9
2940,57.3514,33501.8,37607.8,45019.7,56173.4
2941,57.3713,33501.8,36531.5,44851.8,53880.7
2942,57.3911,33501.8,35863.1,44781.9,54071.8
2943,57.4108,33501.8,37369.4,44649.2,52717.9
2944,57.4306,33501.8,38113.8,44911.5,55858.6
2945,57.4503,33501.8,35842.4,44576.8,54862.7
2946,57.4702,33501.8,38035.8,45064.3,56522.9
2947,57.4898,33501.8,36994.4,44528.6,56591.8
2948,57.5097,33501.8,38560.3,44737.2,54900.4
2949,57.5294,33501.8,37886.1,44939.5,54596.6
2950,57.5493,33501.8,36599.1,44683.9,55094.6
2951,57.5689,33501.8,36742.5,45235.6,54186.6
2952,57.5894,33501.8,38462,44703.1,56022.6
2953,57.6091,33501.8,38468.2,44841.2,56140.3
2954,57.629,33501.8,36671.4,44901,56441.2
2955,57.6489,33501.8,36742.3,45095.6,55142.6
2956,57.6687,33501.8,38216.4,45034.3,55926.8
2957,57.6883,33501.8,37516.9,44740.4,55009.2
2958,57.7081,33501.8,37747.8,45402,56691.7
2959,57.7278,33501.8,37902.6,45236.4,56374.6
2960,57.7477,33501.8,37278.7,45182.6,58466.2
2961,57.7675,33501.8,37432.9,45041.8,61665.2
2962,57.7871,33501.8,36817.7,44833.5,53086.6
2963,57.8068,33501.8,35775.6,44700.3,54951.9
2964,57.8266,33501.8,38447.8,44993.9,53760.5
2965,57.8466,33501.8,37410.8,44991.7,55260.4
2966,57.8662,33501.8,37242.2,44468.9,54816.1
2967,57.8858,33501.8,38185.2,44796.7,56020.5
2968,57.9056,33501.8,36908.8,44745.9,55054.6
2969,57.9255,33501.8,38109.3,44976.5,55415.2
2970,57.9452,33501.8,38634.1,45014.5,54061.2
2971,57.9649,33501.8,37264.7,44824.2,53639.4
2972,57.9848,33501.8,37749.8,44645.5,54334.1
2973,58.0046,33501.8,38236.5,44965.9,56309.3
2974,58.0243,33501.8,36967.3,44736.6,55304.7
2975,58.0441,33501.8,37492.5,45051,53699.4
2976,58.0639,33501.8,36426.9,45217.1,57505.6
2977,58.0837,33501.8,37746.3,44693.3,55252
2978,58.1035,33501.8,37431.1,44821.6,55135.6
2979,58.1234,33501.8,38012.6,45063.9,53749.9
2980,58.1433,33501.8,34975.8,44978.2,56166.1
2981,58.1632,33501.8,38715.5,44858.4,54633.4
2982,58.183,33501.8,37415.5,45103.8,57751.6
2983,58.2028,33501.8,38349.1,45082.5,54161.5
2984,58.2226,33501.8,37524.2,44798.6,53589.3
2985,58.2425,33501.8,39261.4,44827.9,55676.7
2986,58.2623,33501.8,37843.7,44447.8,53800.2
2987,58.2822,33501.8,36907.4,44949.9,55698.5
2988,58.3021,33501.8,36249.1,44844.4,53865.4
2989,58.322,33501.8,35516.4,44657.8,52625.2
2990,58.3417,33501.8,37586.9,44790.4,53986.8
2991,58.361,33501.8,38097.5,45258.3,55574.4
2992,58.381,33501.8,36224.6,44945.1,55820.8
2993,58.4008,33501.8,36927.5,44755.1,55343
2994,58.4207,33501.8,37538.1,44963.1,59794
2995,58.4405,33501.8,36983.8,44715.5,55683.4
2996,58.4603,33501.8,36588,45047.4,56192.2
2997,58.4806,33501.8,37207.9,44823.9,58272.1
2998,58.5006,33501.8,37114,45111.6,53349.6
2999,58.5205,33501.8,36900.8,44766.9,55470.9
3000,58.5404,33501.8,36294.7,45001,54899.9
3001,58.5602,33501.8,35781.9,45077.7,54737.2
3002,58.5801,33501.8,38083.2,45201.4,54824.6
3003,58.5999,33501.8,36549,45089.8,57943.6
3004,58.6199,33501.8,37893,44851.8,60344.5
3005,58.6397,33501.8,37719.1,45381.7,55485.4
3006,58.6595,33501.8,37700.8,45323.3,57878.9
3007,58.6793,33501.8,37543.2,44789.6,56724.5
3008,58.6994,33501.8,37837,45187.1,63513.8
3009,58.7191,33501.8,38300.4,44941.3,52617.6
3010,58.739,33501.8,35833.1,45306,55679.7
3011,58.7587,33501.8,37315.4,44848.6,56187.2
3012,58.7788,33501.8,37587.5,45378.1,58825.4
3013,58.7987,33501.8,37592.2,45031.1,53065.7
3014,58.8183,33501.8,35681.5,45122.7,55131.7
3015,58.8382,33501.8,38387.5,45237,54286.6
3016,58.858,33501.8,38197.5,45024,53514.6
3017,58.8778,33501.8,36746.6,44900.8,54387.4
3018,58.8976,33501.8,36588.5,45271.6,58111.9
3019,58.9175,33501.8,37191.2,45271.1,54952.9
3020,58.9372,33501.8,37315.6,45259.7,56397.9
3021,58.957,33501.8,36756,45359.8,56896.8
3022,58.9769,33501.8,36319.7,45213.4,53772.9
3023,58.9968,33501.8,35548.1,45039.1,53835.5
3024,59.0165,33501.8,37115.8,45271.5,55143.2
3025,59.0362,33501.8,37031.9,45060.9,53354.1
3026,59.0561,33501.8,37885.6,45452,53912.4
3027,59.0759,33501.8,37886.9,45173,56226.8
3028,59.0958,33501.8,37896.2,45407.7,58954.6
3029,59.1155,33501.8,38895.9,45413.9,53551.4
3030,59.1354,33501.8,38287,45162.5,54920.1
3031,59.1552,33501.8,37461.8,45013.5,54827.1
3032,59.1749,33501.8,37247.5,44589.4,54432.4
3033,59.1947,33501.8,37285.7,44949,54540.7
3034,59.2146,33501.8,38429.4,44985.9,52934.9
3035,59.2344,33501.8,37929.7,45224.1,57084.6
3036,59.2542,33501.8,37464.7,45074.2,54620.8
3037,59.2739,33501.8,36056.3,44674.1,53418.7
3038,59.2937,33501.8,37547.3,45241,57639.8
3039,59.3136,33501.8,37110.9,45090.4,53714
3040,59.3334,33501.8,37665.3,44656,55617.6
3041,59.3531,33501.8,37499.4,44912.8,56047.6
3042,59.3728,33501.8,37981,44760.8,55202.4
3043,59.3927,33501.8,37311.6,44960.6,56183.7
3044,59.4127,33501.8,39270.4,45362.3,52909.1
3045,59.4324,33501.8,38383.7,45682.4,60866.6
3046,59.4524,33501.8,37158.6,45330.5,55985
3047,59.472,33501.8,37935.2,45272.5,53350
3048,59.4918,33501.8,36901.6,45199.9,57392.3
3049,59.5116,33501.8,35635.4,45157.3,57957.6
3050,59.5314,33501.8,36604.8,45060,55677.6
3051,59.5512,33501.8,37204.6,44886.9,54805
3052,59.571,33501.8,38711.6,44935.7,54570.7
3053,59.5918,33501.8,36843.1,45221.9,55396.5
3054,59.6116,33501.8,37963.1,45443.4,57027.5
3055,59.6313,33501.8,37990.3,44810.6,54053.6
3056,59.6511,33501.8,35553.4,45193.8,52626.4
3057,59.6708,33501.8,37065.6,45346.4,58394.8
3058,59.6906,33501.8,37799.7,44956.9,55773.2
3059,59.7105,33501.8,38660.7,45120.7,55830.2
3060,59.7303,33501.8,37432.5,45045.8,52614.5
3061,59.7501,33501.8,37769.8,45125.3,54862.4
3062,59.7701,33501.8,36518.2,45287.2,55416.2
3063,59.7899,33501.8,37391.1,45530.2,54796.2
3064,59.8096,33501.8,37965.2,45502.2,57194.9
3065,59.8295,33501.8,37986.6,45346.3,55741.7
3066,59.8495,33501.8,36969.9,45291.5,54766.9
3067,59.8694,33501.8,37812.3,45348.1,58110
3068,59.889,33501.8,38240.1,45100.9,53640.8
3069,59.9101,33501.8,38385.9,45751.1,57146.5
3070,59.9298,33501.8,37240.6,45335.7,55677.7
3071,59.9496,33501.8,38446.2,45232.4,54081.1
3072,59.9694,33501.8,37379,45155.5,54049.9
3073,59.9892,33501.8,36311,45193.9,53580.1
3074,60.009,33501.8,37104.3,45228.9,54687.2
3075,60.0288,33501.8,37768,45278.6,54726.1
3076,60.0487,33501.8,36026,44888.4,55037.8
3077,60.0684,33501.8,37455.5,45198.7,56749.4
3078,60.0883,33501.8,38585.6,45061.8,54621.9
3079,60.108,33501.8,38337.3,45544.4,55852.8
3080,60.1277,33501.8,37599.3,45308.5,54808.4
3081,60.1475,33501.8,36898.3,45133.8,53485.8
3082,60.1674,33501.8,37848.6,45375.9,58019.1
3083,60.1882,33501.8,38776.2,45500.1,55261.8
3084,60.208,33501.8,37697.3,45314.4,57956.3
3085,60.2281,33501.8,38014.8,45130.5,58174.8
3086,60.2481,33501.8,38546.4,45341.5,56703.1
3087,60.2679,33501.8,37522.2,45387.5,53686.7
3088,60.2876,33501.8,36927.3,45358.6,57222.1
3089,60.3075,33501.8,38710.2,45143.2,56140
3090,60.3271,33501.8,37721.2,45161,56461.4
3091,60.3469,33501.8,38052.8,45394.2,56781.2
3092,60.3665,33501.8,38378.8,44981.9,53523.9
3093,60.3864,33501.8,37835.8,45548.9,54933.7
3094,60.4061,33501.8,36957.2,44596.2,54949.1
3095,60.4258,33501.8,37915.1,45243.7,53442.3
3096,60.4455,33501.8,36655.1,44853.5,56953.4
3097,60.4657,33501.8,37556.1,45409.3,56039.8
3098,60.4855,33501.8,37749.6,44967.3,59533.1
3099,60.5053,33501.8,36373.4,44870,55351.1
3100,60.5253,33501.8,36712,44542,55996.4
3101,60.5451,33501.8,38543,44898.5,55436.9
3102,60.565,33501.8,38204.3,45011.9,57924.7
3103,60.585,33501.8,37971.4,44916.4,54270
3104,60.6049,33501.8,37415.8,45006.2,58089.2
3105,60.6245,33501.8,38023.6,44562,51800
3106,60.6445,33501.8,37912.3,45167.6,56717.4
3107,60.6643,33501.8,36897.4,44980.5,54584.2
3108,60.6841,33501.8,38102.4,44839.1,53551.9
3109,60.7037,33501.8,37127.2,44762.6,54060.6
3110,60.7237,33501.8,37393.8,44853.6,55191.1
3111,60.7436,33501.8,37614.9,44752.7,55658
3112,60.7634,33501.8,37427.4,44656.6,53673.6
3113,60.7833,33501.8,37828.8,44971.8,54368.6
3114,60.803,33501.8,37366.1,45005.8,52828.8
3115,60.8228,33501.8,38214.3,44620,54461.4
3116,60.8426,33501.8,37264.9,44709.9,53290.1
3117,60.8626,33501.8,38197.4,44839.7,54358.8
3118,60.8824,33501.8,37120.6,44522.8,53686.1
3119,60.9024,33501.8,37113.4,45065.2,55054
3120,60.9221,33501.8,38541.9,44951.6,53834.5
3121,60.9421,33501.8,36865.1,44757.3,53460.2
3122,60.9618,33501.8,37428.4,44794.7,52944.8
3123,60.9816,33501.8,36413.4,45082.3,56833.6
3124,61.0015,33501.8,36239.9,44378,55065.5
3125,61.0215,33501.8,36982.9,44774.4,53336
3126,61.0414,33501.8,36561.4,44502.7,51698.4
3127,61.0613,33501.8,37872.8,44970.2,55957.4
3128,61.081,33501.8,37715.1,44460.5,53505
3129,61.1009,33501.8,36014.1,44518.5,52075.7
3130,61.1206,33501.8,38055.9,44888,51537.3
3131,61.1406,33501.8,37703,45163.9,54306
3132,61.1604,33501.8,35971.1,45016.3,59456.4
3133,61.1802,33501.8,37680.4,45408.3,59684.8
3134,61.1999,33501.8,37626.2,44898.2,53321.5
3135,61.22,33501.8,37232.6,45172.2,57554.2
3136,61.2398,33501.8,36197.4,45304.2,53744.2
3137,61.2598,33501.8,36463.7,44691.3,56065.8
3138,61.2798,33501.8,36709.2,45099.7,54860.4
3139,61.2998,33501.8,36377,44903.9,53290.3
3140,61.3195,33501.8,37536.4,44920.9,54087.6
3141,61.34,33501.8,38732.1,45062.7,54529.1
3142,61.3599,33501.8,35149.1,45220.9,57265.1
3143,61.3796,33501.8,38076.1,44918.1,57559.7
3144,61.3995,33501.8,38274.5,45108.8,53685.3
3145,61.4194,33501.8,37041.7,45143.5,57034.9
3146,61.4394,33501.8,37986.1,45000,55522.6
3147,61.4593,33501.8,37319.9,44940.3,54047.6
3148,61.4792,33501.8,38100.4,45027.5,57728.4
3149,61.4989,33501.8,37877.9,44871.2,56506.7
3150,61.5186,33501.8,37673.7,44658.3,52752.7
3151,61.5384,33501.8,36176.9,45152.8,54417.7
3152,61.5582,33501.8,38230.4,45233.4,56374.7
3153,61.5785,33501.8,36626.6,45022.7,54029.8
3154,61.5986,33501.8,37172.2,45013.6,57536.9
3155,61.6183,33501.8,37888.8,44594.5,56920.2
3156,61.6381,33501.8,37269.5,44560.5,56001
3157,61.6576,33501.8,37900.5,45307.7,55451
3158,61.6774,33501.8,36825,45068.7,57057.8
3159,61.6974,33501.8,35516.4,45017.4,56710.1
3160,61.7173,33501.8,37999.8,44942.7,56206.3
3161,61.7373,33501.8,38304.1,45225.1,56374.2
3162,61.757,33501.8,37727.9,44768.3,56579.4
3163,61.7768,33501.8,36351.4,45264.9,54763.5
3164,61.7963,33501.8,37804,45173.1,55480.8
3165,61.8161,33501.8,37172.3,44752.4,52968.7
3166,61.836,33501.8,37615.8,44876.1,55968.2
3167,61.8555,33501.8,37978.2,44913.7,55827
3168,61.8753,33501.8,37650.6,45096.4,55656.7
3169,61.8952,33501.8,38109.5,44954.1,55971.8
3170,61.9149,33501.8,37433.5,45218.6,54471.1
3171,61.9346,33501.8,37894.7,44942.2,53162.8
3172,61.9544,33501.8,37611.3,44888,55752.9
3173,61.9742,33501.8,38294.6,45225.7,53942.5
3174,61.994,33501.8,38453.9,44962.7,52648.8
3175,62.0137,33501.8,38054.4,45762.3,54949.3
3176,62.0335,33501.8,37641.7,45436.1,55027.1
3177,62.0532,33501.8,36578.5,45356.1,54051.6
3178,62.073,33501.8,36998,45286.2,54179.4
3179,62.0928,33501.8,37937.2,45080.6,55775.7
3180,62.1125,33501.8,39295,45390.4,56322.9
3181,62.1324,33501.8,37847.9,45023.3,55414.2
3182,62.1524,33501.8,38428.8,45644.4,55017.2
3183,62.1725,33501.8,38076.9,45062.5,55730.8
3184,62.1923,33501.8,37967.7,45269.2,59031.2
3185,62.2122,33501.8,37700.3,45367.6,57071.2
3186,62.2322,33501.8,36066.3,45659.6,55680.4
3187,62.2522,33501.8,37368.1,45627.7,55962.8
3188,62.2719,33501.8,38951.2,45333.4,55751.9
3189,62.2917,33501.8,37116.9,45168.4,55387.4
3190,62.3116,33501.8,36341.6,45447.4,55834.7
3191,62.3314,33501.8,38137.1,45302,56531.6
3192,62.3514,33501.8,37444.8,45348.8,55157.9
3193,62.3714,33501.8,37901.4,45268.9,53959.5
3194,62.3914,33501.8,37110.3,45314.9,55965
3195,62.4113,33501.8,36591.2,45184.4,54546
3196,62.4312,33501.8,37167.9,45187.3,54731.5
3197,62.451,33501.8,38434.2,45388.6,55816.6
3198,62.4709,33501.8,37748.9,44995.6,59181.4
3199,62.4909,33501.8,38564.1,45237.4,55562.9
3200,62.5107,33501.8,37602.1,44771.5,56317.3
3201,62.5306,33501.8,38815.5,44904.2,56010.3
3202,62.5504,33501.8,37167.2,45181,58451.1
3203,62.5701,33501.8,37047,45043.3,54138.9
3204,62.59,33501.8,36442,44975.4,56667.8
3205,62.6101,33501.8,38598.4,45256.5,55117.1
3206,62.6301,33501.8,35510.1,44926.9,55468.1
3207,62.6498,33501.8,38286.9,44935.7,57757
3208,62.6695,33501.8,37215.3,44877.7,56260.4
3209,62.6893,33501.8,37561.3,45033.5,57085.2
3210,62.7091,33501.8,37767,44976.4,58179.5
3211,62.729,33501.8,37224.8,45016.1,55509.2
3212,62.7488,33501.8,38451.1,45201.1,55801.4
3213,62.7686,33501.8,37656.8,45378.9,54234.3
3214,62.7885,33501.8,36148.4,45132.7,56754.1
3215,62.8083,33501.8,38079.3,45180,53042.9
3216,62.8281,33501.8,38164.4,45360.4,53053.3
3217,62.848,33501.8,39066.9,44908.4,53376.7
3218,62.8679,33501.8,36277.9,44924.5,56248.8
3219,62.8877,33501.8,38020.3,45335.9,59850.8
3220,62.9078,33501.8,36760.1,44791,55478.4
3221,62.9277,33501.8,37202.7,44774.4,56426.2
3222,62.9473,33501.8,36700.2,44966,54354
3223,62.9671,33501.8,36086.2,45298.2,54067
3224,62.987,33501.8,36752.2,44962.9,53963.2
3225,63.0069,33501.8,38800.4,45291.7,54191.9
3226,63.0268,33501.8,37683.2,44863.7,53954.8
3227,63.0466,33501.8,38095.8,45318.3,53948.2
3228,63.0664,33501.8,38897.3,45321.2,57253.5
3229,63.0864,33501.8,36980.7,45178.5,59380.1
3230,63.1062,33501.8,36799,45294,57644.7
3231,63.126,33501.8,37354.3,45205.4,57305.8
3232,63.1459,33501.8,36905.8,44901.5,55621.1
3233,63.1657,33501.8,36879.9,44791.2,60843.3
3234,63.1855,33501.8,39105.5,44769,56192.6
3235,63.2055,33501.8,37647,44637.8,56070.3
3236,63.2254,33501.8,38153.7,45088.7,52064.2
3237,63.245,33501.8,37029.8,45233.3,56971
3238,63.2649,33501.8,36942,44948,55793
3239,63.2848,33501.8,36111.8,44740.2,53502.9
3240,63.3047,33501.8,38161.2,44562.3,54517.3
3241,63.3246,33501.8,37808.7,44915.1,54428
3242,63.3444,33501.8,36209,45117.3,54166.2
3243,63.3646,33501.8,37776.3,45042.9,54406.4
3244,63.3845,33501.8,37721.7,44479,53452.5
3245,63.4045,33501.8,36842.8,44783.7,56803.2
3246,63.4243,33501.8,36915,44603.3,58720.4
3247,63.4443,33501.8,37065.3,44905.5,57151.3
3248,63.4642,33501.8,37467.8,44927.7,57292.3
3249,63.4836,33501.8,38096,44823.1,54988.9
3250,63.5031,33501.8,37283.6,45024,55013
3251,63.5231,33501.8,36549.5,45067.8,52905.7
3252,63.5429,33501.8,39897.4,44903.7,54232.2
3253,63.5627,33501.8,37208.2,44383.6,52881.5
3254,63.5826,33501.8,37573,44872.2,56541.5
3255,63.6024,33501.8,36870.4,44900,56822.4
3256,63.6223,33501.8,35494.9,44846.9,55541.6
3257,63.6422,33501.8,36998.5,44503,53402.9
3258,63.6622,33501.8,36864,45109.4,53749.8
3259,63.6825,33501.8,37376.1,44781,54405.6
3260,63.7024,33501.8,39086.3,44984.6,53602.4
3261,63.7222,33501.8,37111.1,45136.9,54254.7
3262,63.7422,33501.8,37770.7,45362.3,60128.3
3263,63.7622,33501.8,37923.3,45162.7,53165.2
3264,63.7821,33501.8,37832.2,45301.5,56425.9
3265,63.8019,33501.8,38309,44631.5,54506.8
3266,63.8218,33501.8,37816.9,44923.7,55592.7
3267,63.8416,33501.8,36953,44709.9,56927
3268,63.8614,33501.8,37515.6,45251.4,56203.1
3269,63.8812,33501.8,38337.1,45260.7,56509.8
3270,63.901,33501.8,37332.4,45284.8,57323.4
3271,63.921,33501.8,36632.4,45036.8,57231.1
3272,63.9409,33501.8,38010.2,45298.7,54647.3
3273,63.9607,33501.8,38099.2,45069.8,53554.7
3274,63.9808,33501.8,38047.7,45124.3,56831.2
3275,64.0006,33501.8,38175.7,45028.9,53044.5
3276,64.0204,33501.8,36603.1,45035.4,56872.4
3277,64.0402,33501.8,36470.1,45526.8,56015.9
3278,64.0601,33501.8,37925.9,45132.1,56309.2
3279,64.0801,33501.8,38175.4,45164.6,57293.8
3280,64.1,33501.8,37009.5,44797.1,52679.7
3281,64.1198,33501.8,38920.6,45175.8,52862.6
3282,64.1396,33501.8,37083.1,44795.4,52357.8
3283,64.1595,33501.8,37669.4,45212,54989.8
3284,64.1794,33501.8,37243.1,45227.8,55342.9
3285,64.1993,33501.8,36726.2,45213.7,54235.3
3286,64.2191,33501.8,37720.8,45234.1,54769.6
3287,64.2391,33501.8,35683.5,45129.4,56794.5
3288,64.2589,33501.8,38837.7,44972.4,56727.2
3289,64.2787,33501.8,37236,44786.5,53321
3290,64.2984,33501.8,38275.2,45410.6,57846.7
3291,64.3181,33501.8,37602.2,45319.3,55783.7
3292,64.3378,33501.8,37936.5,45200,56760.8
3293,64.3575,33501.8,37298.6,44825.1,63615.2
3294,64.3772,33501.8,37554.8,45062.5,56103.8
3295,64.3972,33501.8,37953.1,44768.4,54309.5
3296,64.4171,33501.8,37613.7,45120.1,54841.3
3297,64.4371,33501.8,38245.1,45646.9,58157.3
3298,64.4568,33501.8,36383.5,44857.4,55475.8
3299,64.4767,33501.8,37571.7,44938.3,57147.9
3300,64.4962,33501.8,38372,45025.2,52474.7
3301,64.5159,33501.8,36513.6,44835.8,54519.8
3302,64.5358,33501.8,37631.2,45487.1,55651.3
3303,64.5556,33501.8,37504.6,45134.6,56496.8
3304,64.5753,33501.8,36527.7,45178.3,56105
3305,64.5952,33501.8,37859,45334.6,57113.3
3306,64.6148,33501.8,37438.5,45183.8,56094.5
3307,64.6346,33501.8,36688.2,44919.8,53688.9
3308,64.6544,33501.8,38786.2,44927.5,55454
3309,64.6743,33501.8,36082.3,45579.8,58373.1
3310,64.6942,33501.8,38696,45231.5,56956
3311,64.714,33501.8,36373.4,45414.1,56763.1
3312,64.7339,33501.8,38550.9,45187.1,56494.9
3313,64.7537,33501.8,37328,45531.7,57961.2
3314,64.7734,33501.8,35747.5,45091.6,56465.7
3315,64.7932,33501.8,36694.4,44750.1,53002.2
3316,64.8129,33501.8,37659.6,44559.2,53669
3317,64.8325,33501.8,37878.1,44757.5,63528
3318,64.8522,33501.8,36790.1,44931.2,53180.6
3319,64.8719,33501.8,36626.9,45203.4,53336.6
3320,64.8918,33501.8,36916.5,44899,55834
3321,64.9113,33501.8,38399,44647.1,55326.9
3322,64.9309,33501.8,37247,44854.2,53713.9
3323,64.9505,33501.8,36747,44751.7,54214.5
3324,64.9703,33501.8,37241.7,45121.5,55735.3
3325,64.9897,33501.8,37789.5,44760.8,53906.2
3326,65.0096,33501.8,37661.7,44615.6,55848.6
3327,65.0293,33501.8,36888.1,44538,53383
3328,65.0491,33501.8,36866.1,45096.1,54284
3329,65.0689,33501.8,36411,44930,56417.6
3330,65.0886,33501.8,38541.5,45178,60599.1
3331,65.1082,33501.8,36649.9,45095,56329.9
3332,65.1278,33501.8,36120.2,44562.8,54199.4
3333,65.1475,33501.8,37246.8,44947.3,56509.1
3334,65.1673,33501.8,37400.3,45122.5,53519
3335,65.187,33501.8,36209.2,44798,54464.6
3336,65.2068,33501.8,37125.4,45106,56171.1
3337,65.2265,33501.8,37254.8,44859.5,54638.5
3338,65.2463,33501.8,37463.1,44624.4,54972.4
3339,65.2659,33501.8,35970.4,44505.6,53613.8
3340,65.2857,33501.8,35416.7,44835,54269.6
3341,65.3055,33501.8,36334.2,44602.9,52757.4
3342,65.3252,33501.8,35087.5,44576.4,53749.4
3343,65.3451,33501.8,35944.7,45205.9,54025.8
3344,65.3649,33501.8,37595.9,44805.8,56497.3
3345,65.3845,33501.8,37018.9,45052.7,57495.5
3346,65.4041,33501.8,37353.4,44741.8,53746.5
3347,65.4238,33501.8,38894.4,45318,56362.9
3348,65.4433,33501.8,37905.5,44840.5,54516.8
3349,65.4621,33501.8,38922.5,45076,56437.4
3350,65.4815,33501.8,37761,45125.7,56578.6
3351,65.5012,33501.8,37653.1,45211.8,57539
3352,65.5215,33501.8,37273.1,45180.7,54506.3
3353,65.5411,33501.8,37612.1,45020.5,55062.7
3354,65.561,33501.8,37012,44988.7,54321.1
3355,65.5808,33501.8,36161,44993.4,56163.1
3356,65.6009,33501.8,36652,45031.9,54302.5
3357,65.6207,33501.8,37361.1,44900.9,57209.8
3358,65.6404,33501.8,36976.4,44919,55536.9
3359,65.6604,33501.8,38149,45261,57304.9
3360,65.68,33501.8,36664,44706.6,56759.1
3361,65.6997,33501.8,36218.6,44726.3,56526.2
3362,65.7196,33501.8,37970.6,45461.8,57204.9
3363,65.7394,33501.8,37188.6,45352.3,55145.2
3364,65.7593,33501.8,38013,45165.3,54658.3
3365,65.7795,33501.8,37109.4,45227.7,54382.8
3366,65.7993,33501.8,37254.2,45155.5,54482
3367,65.8195,33501.8,37567,45226.8,54546.9
3368,65.8394,33501.8,38958.5,45001,54094.8
3369,65.8593,33501.8,37714.8,45165.2,55353.5
3370,65.8791,33501.8,38073.9,44775.4,57939.3
3371,65.8987,33501.8,38177.1,44923.8,53773.4
3372,65.9185,33501.8,35591,44837.4,54476.2
3373,65.9384,33501.8,38465.1,44880.9,61072.2
3374,65.9581,33501.8,37155.5,44697.9,59056
3375,65.978,33501.8,37787.7,45039.5,54299.9
3376,65.9977,33501.8,37190.2,44650,57039.1
3377,66.0175,33501.8,36486.5,44963.4,54871.9
3378,66.0371,33501.8,36669,45016,54483.7
3379,66.0569,33501.8,38276.5,45038.6,55213.5
3380,66.0767,33501.8,36934.2,45193.5,54715.3
3381,66.0968,33501.8,35326.7,45063,56855.1
3382,66.1168,33501.8,37513.5,45563,54469.4
3383,66.1367,33501.8,35376.4,44819.7,54272.4
3384,66.1566,33501.8,37186.1,45435.6,55874.5
3385,66.1765,33501.8,38342.1,45150.2,56954.6
3386,66.1962,33501.8,37334.5,44773.7,56037.2
3387,66.2159,33501.8,35480.3,45004.2,55329.3
3388,66.2359,33501.8,39467.4,45508.1,54638.7
3389,66.2557,33501.8,36498.1,45116,53388.6
3390,66.2755,33501.8,36030.4,44611.9,52847.1
3391,66.2951,33501.8,35970.1,45200.8,52621.8
3392,66.3148,33501.8,37443.8,44989,54405.1
3393,66.3344,33501.8,37755.1,45282,57718
3394,66.3543,33501.8,37344.9,45440.5,52884.8
3395,66.3741,33501.8,37740.4,45541.7,55286
3396,66.394,33501.8,36643.4,44830.3,56055.9
3397,66.4139,33501.8,37760.7,45432.1,56756.4
3398,66.4337,33501.8,37274.9,45275,54138.4
3399,66.4534,33501.8,37543.3,44930.5,53420.3
3400,66.4732,33501.8,38034.4,45204.7,54666.3
3401,66.4929,33501.8,37886.9,44960.9,54658.1
3402,66.5127,33501.8,38159.6,44957.7,56277.3
3403,66.5325,33501.8,37386.3,44903.3,52905.1
3404,66.5523,33501.8,37982,44991.7,54319.4
3405,66.5718,33501.8,37262.9,45445.8,55817.6
3406,66.5921,33501.8,38058.1,45432,54235.3
3407,66.6118,33501.8,38197.9,45058,53108.5
3408,66.6314,33501.8,37294.8,45297.1,56373.9
3409,66.6512,33501.8,36031.6,45053.4,53346.3
3410,66.671,33501.8,38000.8,45611.6,54115.2
3411,66.6908,33501.8,37144,45310.3,54579.5
3412,66.7106,33501.8,36762.2,45036,52432.8
3413,66.7305,33501.8,37611.7,45502.1,54564.2
3414,66.7503,33501.8,38299.4,45818.4,61237.6
3415,66.77,33501.8,37871.6,45034,54621.3
3416,66.7898,33501.8,36652.1,45303.8,56103.8
3417,66.8096,33501.8,35836.7,45472.2,55056.9
3418,66.8292,33501.8,37182.2,44978.2,54811.5
3419,66.8491,33501.8,36815.4,45313.9,54461
3420,66.869,33501.8,35688.3,44943.8,53791.8
3421,66.8886,33501.8,37826.2,45394.5,57419.3
3422,66.9083,33501.8,36108.3,44927.3,53988.6
3423,66.9282,33501.8,37818,45405.6,54019.7
3424,66.9479,33501.8,37501.2,44881.8,55456.3
3425,66.9677,33501.8,36810.7,44910.2,53619.2
3426,66.9874,33501.8,36726.8,44939.5,53078.7
3427,67.0071,33501.8,37690,45140.3,54668.4
3428,67.0268,33501.8,39183.7,44981.6,52118.4
3429,67.0466,33501.8,37929.8,45356.6,57113.6
3430,67.0666,33501.8,38783.6,45361.7,56899.3
3431,67.0866,33501.8,37179.7,45230.1,56346.5
3432,67.1065,33501.8,37298.2,45195,56284.2
3433,67.1263,33501.8,37258.2,45134.4,56666.6
3434,67.146,33501.8,38502.6,45297.4,53901
3435,67.1658,33501.8,35713.6,45276.8,57599.6
3436,67.1856,33501.8,38140.1,45068,54168.6
3437,67.2052,33501.8,37409.1,44717.3,55612.8
3438,67.2249,33501.8,38071.9,44815.4,53327.3
3439,67.2447,33501.8,38601.9,45020,54565
3440,67.2647,33501.8,37990.2,45337.8,54054.7
3441,67.2847,33501.8,37874.5,45074.9,54867.5
3442,67.3046,33501.8,38034.9,45130.7,55132.1
3443,67.3247,33501.8,37859.3,45203.7,54013.6
3444,67.3448,33501.8,37238.5,44790.7,55400.6
3445,67.3648,33501.8,37430,45007.8,52322.2
3446,67.3845,33501.8,36171.2,44724.9,52302.7
3447,67.4043,33501.8,37974.3,45605.5,55931.7
3448,67.424,33501.8,37612.8,45374.4,56390.9
3449,67.4439,33501.8,38780.1,45549.1,59242.7
3450,67.4637,33501.8,37579.4,45171.8,57487.9
3451,67.4835,33501.8,38332.1,45086.4,53094.7
3452,67.5035,33501.8,38420.9,45376.1,53606.7
3453,67.5231,33501.8,37441.3,44763.2,57785.5
3454,67.5429,33501.8,36861.5,44757.8,54164.2
3455,67.5625,33501.8,38116.2,45277.3,54627.4
3456,67.5827,33501.8,37822.4,45505.2,56938.6
3457,67.6025,33501.8,38413,45244.5,53188.7
3458,67.6222,33501.8,36210.1,44984.7,53635.8
3459,67.642,33501.8,36570.1,45265.7,54020.9
3460,67.662,33501.8,38010.8,45482.9,57907.8
3461,67.6819,33501.8,36923.1,45256.6,55670.1
3462,67.7015,33501.8,37123.5,45309.5,57065.2
3463,67.7214,33501.8,37400.7,44807.9,54271.7
3464,67.7415,33501.8,37620.5,45452.9,56162.3
3465,67.7612,33501.8,37963.5,45313.7,56688.1
3466,67.7811,33501.8,37582.5,44945.5,57785.6
3467,67.8005,33501.8,36666,44974.5,57864.9
3468,67.8205,33501.8,36454,45192.9,55264.5
3469,67.8402,33501.8,37694.4,44849.4,56148.8
3470,67.8602,33501.8,37916.7,45241.9,54920.7
3471,67.8801,33501.8,38391.1,44898,56182.2
3472,67.8998,33501.8,37744.4,45345.5,55646.6
3473,67.9197,33501.8,35541.9,44979.2,54102.8
3474,67.9394,33501.8,36867.9,45090.6,55010
3475,67.9591,33501.8,35645.2,44987,54378.1
3476,67.9789,33501.8,35088.3,44759.7,54422.5
3477,67.9986,33501.8,36448.8,44812.6,55025.8
3478,68.0185,33501.8,36921.1,44668.7,55432.7
3479,68.0384,33501.8,37446.8,44975.3,54620.5
3480,68.0584,33501.8,38003.9,45104.6,60221.5
3481,68.0782,33501.8,35532.8,44382.8,53590.6
3482,68.0979,33501.8,38301.1,44938.6,58017.3
3483,68.1177,33501.8,37602.3,45295.1,54018
3484,68.1374,33501.8,39430.6,45274.7,55619.8
3485,68.1572,33501.8,37601,45310.1,56365.8
3486,68.1772,33501.8,37572.4,44883.1,57202.7
3487,68.1969,33501.8,37246.4,45564.6,59315
3488,68.2166,33501.8,37223.4,45038.2,54770.2
3489,68.2365,33501.8,38864.8,45277.8,57198.8
3490,68.2563,33501.8,36347.9,45019.1,54232.7
3491,68.276,33501.8,35658.4,44779.6,54354.1
3492,68.2958,33501.8,37923.8,44935.5,54979.5
3493,68.3155,33501.8,37968.1,45001.3,52965.8
3494,68.3353,33501.8,37632.7,45225.6,53851.3
3495,68.3551,33501.8,37282.8,45115,56170.8
3496,68.3749,33501.8,36220.4,45003.4,54895.7
3497,68.3946,33501.8,37952.1,44863.3,57447.1
3498,68.4145,33501.8,38036.2,45066.1,60396.5
3499,68.4345,33501.8,37643.8,45507.8,56835.5
3500,68.4544,33501.8,38709.6,45126,59000.4
3501,68.4742,33501.8,38140.9,44894.3,52600.1
3502,68.4939,33501.8,36048.3,44910.9,55315.8
3503,68.5137,33501.8,38410.9,45163.8,52460.6
3504,68.5335,33501.8,36220,44949.8,54681.6
3505,68.5533,33501.8,36905.9,44781.6,52926.5
3506,68.573,33501.8,38055.3,44743.8,52780.2
3507,68.5929,33501.8,37963,45571.8,55248.6
3508,68.6126,33501.8,38074.8,45182.9,53115.7
3509,68.6324,33501.8,37069.1,44554.8,53955.8
3510,68.6519,33501.8,38830.2,45274.8,55874.7
3511,68.6717,33501.8,36817.8,44934.5,56059.6
3512,68.6912,33501.8,36697.6,45100.4,56348.8
3513,68.711,33501.8,37963,44903.7,56606.1
3514,68.7305,33501.8,36704.4,44730.8,53045.8
3515,68.75,33501.8,36925.9,44685.1,51685.6
3516,68.7697,33501.8,36191.5,45055.8,57329.9
3517,68.7894,33501.8,38010.9,44942.4,55327.8
3518,68.809,33501.8,37642.6,44817.1,54683.9
3519,68.8286,33501.8,36465.1,45037.5,56992.9
3520,68.8485,33501.8,36685,44874.8,54836.6
3521,68.8682,33501.8,37129.7,44645.5,54465.4
3522,68.888,33501.8,38110.4,45202.8,54876.1
3523,68.9078,33501.8,38195.6,45097.5,54933
3524,68.9274,33501.8,36296,44689.3,54112.2
3525,68.9472,33501.8,35906.4,44500.7,54993.8
3526,68.9669,33501.8,39421.2,44680.3,56135.2
3527,68.9866,33501.8,35952,44650.1,55575
3528,69.0063,33501.8,35828.9,44842.4,53787.5
3529,69.0258,33501.8,36506.9,45054.9,54065.8
3530,69.0456,33501.8,37162.5,45033.1,55664.4
3531,69.0654,33501.8,38324.3,44880,54112.5
3532,69.085,33501.8,37524,44847,58030.2
3533,69.1047,33501.8,36926.8,44643.2,53841.7
3534,69.1244,33501.8,38029.5,45202.5,53983.2
3535,69.1443,33501.8,36797.8,45127.1,54491.1
3536,69.1642,33501.8,38356.4,45410.6,53553.4
3537,69.184,33501.8,38050.9,45017.8,52796
3538,69.2036,33501.8,37640.9,45023.2,55537.5
3539,69.2232,33501.8,36903.9,45070.6,52857.8
3540,69.2428,33501.8,37826.6,45262.5,61754.6
3541,69.2627,33501.8,38599.3,45400.1,55686.2
3542,69.2827,33501.8,37039.3,45437.8,56676.6
3543,69.3025,33501.8,35628.8,44990.2,54887.5
3544,69.3222,33501.8,37867.2,44967.7,53563.9
3545,69.342,33501.8,37799.5,44916.1,54461.8
3546,69.3616,33501.8,38093.4,44946.6,53738.8
3547,69.3813,33501.8,38767.6,45221.7,59855.1
3548,69.401,33501.8,36548,44955.8,55003.2
3549,69.421,33501.8,35997.3,45438.2,55425.8
3550,69.4407,33501.8,38503.7,44902.7,52151.6
3551,69.4603,33501.8,37441,44766.2,53425.6
3552,69.4799,33501.8,37534.5,44711.5,56161.3
3553,69.4996,33501.8,38302.6,44831.7,55885.9
3554,69.5196,33501.8,37658.1,45145.7,56773.5
3555,69.5392,33501.8,36590.6,44719.4,52898.3
3556,69.5588,33501.8,37821,44695.9,55176
3557,69.5786,33501.8,38673.1,45017.1,55564.4
3558,69.5984,33501.8,36357.4,45236.9,60504.3
3559,69.6181,33501.8,37016.5,44825.7,56019.3
3560,69.638,33501.8,38614.4,45709,55575
3561,69.6575,33501.8,37764.9,45153.6,56958.3
3562,69.6771,33501.8,38288.1,45655,58753.7
3563,69.6968,33501.8,36925.4,45571.2,55993.6
3564,69.7167,33501.8,37778.1,45707.6,56942.2
3565,69.7363,33501.8,37030.5,45542.5,58496.1
3566,69.7563,33501.8,37967.4,45615.8,56761.2
3567,69.7759,33501.8,38039.5,45113.8,53600.8
3568,69.7957,33501.8,37899.1,45137,56017.6
3569,69.8153,33501.8,37286.3,45190.5,57191.2
3570,69.8352,33501.8,38813.8,45479.4,55596.3
3571,69.8549,33501.8,36597.3,45268.6,58592.9
3572,69.8747,33501.8,38567.7,45192.9,60547.5
3573,69.8943,33501.8,37142.1,45224.1,57109.5
3574,69.9142,33501.8,37681.6,45511.6,53986.5
3575,69.934,33501.8,35573.9,45038.4,57752.7
3576,69.9536,33501.8,37469.2,45216.2,56828.3
3577,69.9733,33501.8,38057.4,45323.8,56662.9
3578,69.993,33501.8,36839,45211.7,56078.6
3579,70.0128,33501.8,37965.2,45392.7,54648.7
3580,70.0327,33501.8,38462.9,45675.4,55559.9
3581,70.0526,33501.8,38796.5,45164.1,55352.7
3582,70.0724,33501.8,38052,45418,54441.7
3583,70.0922,33501.8,38669.6,45366.7,55164.8
3584,70.1121,33501.8,35987.1,45447.2,58758.8
3585,70.1318,33501.8,37579.1,45066.4,54106
3586,70.1515,33501.8,38208,45358.6,55754.4
3587,70.1713,33501.8,38626.3,44900,56916.1
3588,70.191,33501.8,39029.3,45591.8,56067.9
3589,70.2106,33501.8,39069.2,44991,54835
3590,70.2304,33501.8,37809.3,45030.5,57702.7
3591,70.2502,33501.8,36999.5,44921.1,54500.8
3592,70.27,33501.8,36869.7,45005.2,53513.2
3593,70.2901,33501.8,37953.1,45106.1,55883.5
3594,70.3098,33501.8,37945.1,44852.2,54686.9
3595,70.3298,33501.8,37667.2,45010.7,55744
3596,70.3496,33501.8,38109.7,45341.6,54292.4
3597,70.3694,33501.8,37506.3,44815.5,53485.6
3598,70.3892,33501.8,36767.2,44891.5,54472.2
3599,70.409,33501.8,36835.1,45414.9,54639
3600,70.429,33501.8,37992.3,45495.1,55039.8
3601,70.4487,33501.8,38724.6,45546.7,57065.7
3602,70.4685,33501.8,38148.3,45579,54991.6
3603,70.4882,33501.8,37672.3,45034.2,55080.4
3604,70.508,33501.8,37836.1,45336.9,58626.2
3605,70.5278,33501.8,37426.7,45415.1,56581.9
3606,70.5476,33501.8,37986.2,45308.1,53366.2
3607,70.5675,33501.8,37837.8,45398.4,54471.1
3608,70.5876,33501.8,37160.5,45163.6,55412.8
3609,70.6075,33501.8,38649.1,45266.5,54378.2
3610,70.6274,33501.8,37408.6,45432.6,54536.3
3611,70.6471,33501.8,36667.9,44919.4,53497
3612,70.667,33501.8,37904.9,45281,53754.6
3613,70.6868,33501.8,37777.5,45233.5,54699.6
3614,70.7066,33501.8,38906.6,45179,61356.3
3615,70.7264,33501.8,36912.3,45751.3,54593.6
3616,70.7462,33501.8,37971,45235.8,53252.3
3617,70.766,33501.8,37722.4,45208.1,52617.5
3618,70.7858,33501.8,38250.5,45642.8,55664.3
3619,70.8055,33501.8,37575.6,44727.4,59707
3620,70.8253,33501.8,37350.8,45081.5,56656.4
3621,70.8452,33501.8,36729.5,44969.3,54724.3
3622,70.8651,33501.8,37423.4,45100.6,56191.4
3623,70.8851,33501.8,37716.5,45349.8,56883.1
3624,70.9049,33501.8,38225.3,44800.9,54688.2
3625,70.9247,33501.8,36793.5,45324.5,56833.6
3626,70.9445,33501.8,37180.6,45583.1,53992.1
3627,70.9646,33501.8,38043.9,45860,54338.3
3628,70.9845,33501.8,38035.2,45899.2,55841.1
3629,71.0042,33501.8,38425.3,45239.3,55885.5
3630,71.0241,33501.8,36540.9,45255,58250.6
3631,71.0441,33501.8,37818.6,45971.7,54398.8
3632,71.0639,33501.8,35144.4,45505.3,57139.9
3633,71.0838,33501.8,38494.9,45411.6,54756.6
3634,71.1035,33501.8,37308.9,45246.2,57161.4
3635,71.1233,33501.8,37765.3,45645.4,58984.6
3636,71.143,33501.8,36769.5,45389.4,55106.2
3637,71.1631,33501.8,37865,45472.4,54908.3
3638,71.1829,33501.8,37483.5,45414.4,54157.5
3639,71.2028,33501.8,37506,45209.6,57808.7
3640,71.223,33501.8,39055.3,45255.9,55613.1
3641,71.2429,33501.8,37342.3,45542.1,54620.4
3642,71.2627,33501.8,39689.2,45455.3,57546.3
3643,71.2826,33501.8,37313.3,45139.4,53041.1
3644,71.3024,33501.8,37847.2,45379.3,54701.9
3645,71.3222,33501.8,36349.3,45373.6,55641
3646,71.342,33501.8,36304.8,44954.7,54504.9
3647,71.3618,33501.8,38578.7,44735.6,55803
3648,71.3814,33501.8,38209.6,44989.9,53713.9
3649,71.401,33501.8,37838.3,45054.1,56516.8
3650,71.4209,33501.8,37750.9,45107.1,56807.6
3651,71.4404,33501.8,37305.6,44786.3,53497.6
3652,71.4599,33501.8,36794.7,45092.3,57493.6
3653,71.4798,33501.8,35811.7,45078.9,56038.5
3654,71.4996,33501.8,37445.3,45070.6,53464
3655,71.5194,33501.8,37414.7,45268.2,58399
3656,71.5392,33501.8,34385.3,44987,54007.6
3657,71.559,33501.8,36876.3,44943.4,56278.3
3658,71.5787,33501.8,36398.5,45168.7,56253
3659,71.5985,33501.8,36876.6,44839.9,54313.5
3660,71.6182,33501.8,37222.6,44927.3,56926.9
3661,71.6381,33501.8,36890.2,45158.2,54710
3662,71.6579,33501.8,38039,45332.9,54342
3663,71.6778,33501.8,37157.4,44843,58613.5
3664,71.6975,33501.8,36002.8,44799.9,55913
3665,71.7171,33501.8,37092.6,45253.6,58371.9
3666,71.7368,33501.8,37896,44790.7,56461.4
3667,71.7565,33501.8,37833.8,45005.5,56706.7
3668,71.7762,33501.8,37714.2,45322.5,54375.4
3669,71.7958,33501.8,37050.4,44908.3,57477.5
3670,71.8158,33501.8,36721.7,45044.6,57071.3
3671,71.8355,33501.8,38030.1,45042.8,54130.7
3672,71.8553,33501.8,37331,45251.2,55245.3
3673,71.8752,33501.8,39143.9,45248.7,55910.9
3674,71.8951,33501.8,37693.4,44925.1,54721.2
3675,71.9148,33501.8,36620.1,45040.1,55555
3676,71.9345,33501.8,37119.5,45196.1,58146.6
3677,71.9544,33501.8,37431.4,44952.4,54629.7
3678,71.9742,33501.8,37991.2,45341.6,56107.6
3679,71.9941,33501.8,38693,45128.8,53074.1
3680,72.0142,33501.8,36888.4,45129.8,55447
3681,72.034,33501.8,36954.5,45403.3,53575.6
3682,72.0535,33501.8,37042.7,45387.2,55167.8
3683,72.0732,33501.8,36949.1,44460.4,51883.1
3684,72.0929,33501.8,37610.4,44771.8,53683.7
3685,72.1126,33501.8,36111.9,44989.2,57065
3686,72.1322,33501.8,36561.6,44765.3,52642
3687,72.1521,33501.8,38196.9,44869.8,56237.2
3688,72.1717,33501.8,37288.6,45264.1,54736.2
3689,72.1913,33501.8,37441.9,44806,52503.7
3690,72.211,33501.8,38758.8,45038,52434.7
3691,72.2308,33501.8,38163,45428.5,53951.1
3692,72.2506,33501.8,37425.6,44808.7,55842.5
3693,72.2703,33501.8,38451.6,44879.4,55886.2
3694,72.2902,33501.8,37191.7,45331.2,54155.4
3695,72.31,33501.8,37060.5,45323.3,55914.4
3696,72.3298,33501.8,37501.7,44888.8,57681.4
3697,72.3497,33501.8,36600.8,45274.1,54787.4
3698,72.3695,33501.8,38549.1,45124.2,55344
3699,72.3893,33501.8,38176.6,45123.1,58008.4
3700,72.4093,33501.8,36456.5,45306.4,55283.9
3701,72.4292,33501.8,38531.7,45226.5,55139.8
3702,72.4492,33501.8,37990.7,45013.9,54291.8
3703,72.4689,33501.8,37086.4,45330.6,57367
3704,72.4886,33501.8,38195.1,45250.2,54831.6
3705,72.5083,33501.8,36913.6,45076.7,56655.3
3706,72.5281,33501.8,38825.6,45060.6,56164.4
3707,72.5478,33501.8,37748.5,44748.6,53807.3
3708,72.5678,33501.8,36523.9,45022.2,54120.3
3709,72.5875,33501.8,37129.9,45544.6,57678.5
3710,72.6075,33501.8,36882.8,45383.5,56228.2
3711,72.6274,33501.8,36995.9,45119.3,59911.3
3712,72.6471,33501.8,37059.1,45051.4,54799.8
3713,72.6669,33501.8,37589.5,45163.4,56690.7
3714,72.6867,33501.8,38253.8,44952,53154.3
3715,72.7066,33501.8,37123.5,44854.3,55807.7
3716,72.7264,33501.8,36583.5,44781.1,54203.1
3717,72.7462,33501.8,36458.2,44738.4,52189.4
3718,72.766,33501.8,38712.4,45084,54493.1
3719,72.7859,33501.8,37964.6,45271.4,56413.8
3720,72.8058,33501.8,38466.2,44865.7,52695.4
3721,72.8256,33501.8,37682.5,45037,55565.1
3722,72.8454,33501.8,36900.1,45665.2,57511.4
3723,72.8654,33501.8,37456.5,45209.8,54962.7
3724,72.8851,33501.8,35680.6,45246.3,54520.3
3725,72.905,33501.8,35510.5,45103.3,54902
3726,72.9247,33501.8,37973.1,45105.5,53869.9
3727,72.9445,33501.8,37500.2,45011.6,57494.4
3728,72.9643,33501.8,36945.4,44710.2,54883.1
3729,72.9841,33501.8,37498.1,45153.6,56719.2
3730,73.0038,33501.8,37220.9,44887,54358.9
3731,73.0237,33501.8,37725.7,45018.7,52548.1
3732,73.0435,33501.8,36620.9,44908.5,53588.2
3733,73.064,33501.8,36956,44833.5,54709.1
3734,73.0839,33501.8,36797.9,45346.6,53852.9
3735,73.1038,33501.8,37336.1,45385.6,56130.1
3736,73.1239,33501.8,36458.3,44894.2,53605.3
3737,73.1438,33501.8,37302.4,45586.2,57425.3
3738,73.1637,33501.8,36596.8,45219.3,57852
3739,73.1835,33501.8,38135.6,45161.1,54215.3
3740,73.2034,33501.8,36883.1,44747,53092.4
3741,73.223,33501.8,37140.8,45058.4,53451.5
3742,73.2429,33501.8,37975.6,44823.7,54491.6
3743,73.2629,33501.8,37273.3,45027.5,55099.4
3744,73.2825,33501.8,36760,45013.8,54590.6
3745,73.3022,33501.8,37406.2,45088.3,53774
3746,73.322,33501.8,37658,44827.1,55406
3747,73.3418,33501.8,36545.8,44923.7,52520.5
3748,73.3617,33501.8,37451,45289.4,59719.1
3749,73.3812,33501.8,38779.7,45083.1,53006.4
3750,73.4013,33501.8,37235.2,44977,55385.5
3751,73.4207,33501.8,37905.7,45011.4,56899.7
3752,73.4406,33501.8,37724.7,44866.9,55076.5
3753,73.4603,33501.8,37665,45106.9,52629.9
3754,73.4801,33501.8,37452,45351.8,54581.1
3755,73.4999,33501.8,36762.9,45242.4,55842.8
3756,73.5198,33501.8,38539.2,45116.9,54188.9
3757,73.5397,33501.8,38217.1,45307.8,56684.8
3758,73.5596,33501.8,38141.5,45279.3,54607.8
3759,73.5792,33501.8,37069.4,44886.9,55389.2
3760,73.599,33501.8,37016.8,44663.5,52062.9
3761,73.619,33501.8,38381.4,45149,53830.9
3762,73.6388,33501.8,37606.8,44736.8,53322.7
3763,73.6585,33501.8,37135.2,45265.1,56342.3
3764,73.6783,33501.8,33991.5,44877.4,55407.3
3765,73.698,33501.8,35379.9,44835.2,53621.5
3766,73.7178,33501.8,38542,45158.2,55195.2
3767,73.7376,33501.8,38574.8,45104.4,57344.7
3768,73.7572,33501.8,37166.5,44932.4,56144.7
3769,73.777,33501.8,38308.1,45246.9,59716.4
3770,73.7969,33501.8,37142,45621.5,54647.6
3771,73.8165,33501.8,38435.3,44903,56314.8
3772,73.8364,33501.8,37403.2,44903,59662.3
3773,73.8563,33501.8,37656.5,44940.2,54556.8
3774,73.8762,33501.8,37898.2,45088.9,55901.2
3775,73.8959,33501.8,38005.6,45411.9,55818.3
3776,73.9158,33501.8,37155.9,44988.3,54569.3
3777,73.9358,33501.8,38734.1,45162.5,58196.2
3778,73.9556,33501.8,37587.1,44961.9,53504.7
3779,73.9755,33501.8,38126.8,44954.9,55636.8
3780,73.9954,33501.8,36570.6,45253.4,55337.2
3781,74.0153,33501.8,37487.5,45283.3,54780.6
3782,74.035,33501.8,37524.8,45077.8,56232
3783,74.0548,33501.8,36997.2,45055.8,57051
3784,74.0743,33501.8,36632.2,44850.2,54843.1
3785,74.0941,33501.8,36464.6,44995.3,54919.4
3786,74.1138,33501.8,37507.9,44828,54274.1
3787,74.1336,33501.8,38191.8,45500.2,57144.6
3788,74.1535,33501.8,38300.5,44910.5,53221.1
3789,74.1733,33501.8,36415.2,45127.8,59439.8
3790,74.1932,33501.8,37027.3,45116.5,55148.2
3791,74.2129,33501.8,37187.7,45078.1,54710.4
3792,74.2327,33501.8,36871.2,44866.9,52862.4
3793,74.2522,33501.8,37319.6,44674.9,53279.9
3794,74.2718,33501.8,38407.5,45431.8,56223.7
3795,74.2917,33501.8,37908.3,45479.2,57346.6
3796,74.3115,33501.8,36342.3,45072.3,55321.5
3797,74.3312,33501.8,38975.5,45208.7,53490.1
3798,74.351,33501.8,38549.7,45242.6,56560.5
3799,74.3708,33501.8,37573.1,45123.8,55645.8
3800,74.3907,33501.8,38630.5,45111.9,54273
3801,74.4105,33501.8,38603.6,45103.3,55935.6
3802,74.4302,33501.8,36414.5,44654,52393.6
3803,74.4498,33501.8,36062.9,44734.4,54411.4
3804,74.4695,33501.8,38216.7,44617.4,52946.9
3805,74.4891,33501.8,35906.8,44577.4,54755.1
3806,74.5089,33501.8,38117.9,45080.9,57463.7
3807,74.5285,33501.8,37198.9,44947.5,55031.2
3808,74.5483,33501.8,38442.9,44853.8,55146.3
3809,74.5682,33501.8,36551.4,45058.2,56609.1
3810,74.5882,33501.8,37397.3,45052.3,53280.4
3811,74.6079,33501.8,37830.1,45091.1,53573
3812,74.6276,33501.8,36952.5,44825.8,54141.5
3813,74.6473,33501.8,38666.9,45454.7,56684.9
3814,74.6671,33501.8,36689,45124.3,52955.7
3815,74.6869,33501.8,37205.2,45040.7,58084.1
3816,74.7066,33501.8,37182.1,44887.6,58626.9
3817,74.7262,33501.8,37453.3,44791.5,52353.8
3818,74.746,33501.8,36796.2,44856.3,56128.4
3819,74.7658,33501.8,37516.9,45205.7,56740.9
3820,74.7855,33501.8,38080.8,44817.5,54882.1
3821,74.8054,33501.8,37201.7,45270.7,58089.8
3822,74.8251,33501.8,36944.4,45090.2,55430
3823,74.8453,33501.8,37784.9,44980.5,57529
3824,74.865,33501.8,37840.1,45070.4,54262.4
3825,74.8848,33501.8,37126.8,44882,54511
3826,74.9044,33501.8,36048.9,44867.7,54037.7
3827,74.9244,33501.8,37228.3,45175.1,58294.3
3828,74.9441,33501.8,37910.8,44777.2,53765.5
3829,74.9641,33501.8,38227.1,45448.3,55061.4
3830,74.9839,33501.8,37109.6,45292.5,57456.2
3831,75.0037,33501.8,38127.7,45369.5,56995
3832,75.0236,33501.8,37940,45331.1,54756.5
3833,75.0434,33501.8,37662.3,45406,55372.4
3834,75.0632,33501.8,38501.3,45289.4,57011.7
3835,75.0831,33501.8,36399,44760.3,55350
3836,75.1027,33501.8,38793.8,45320,55850.8
3837,75.1224,33501.8,36894.5,45078,53786.8
3838,75.1422,33501.8,36608.9,45064.4,55171.7
3839,75.1618,33501.8,37973.2,44846.4,54618.5
3840,75.1818,33501.8,35629.2,44963.4,52537.9
3841,75.2014,33501.8,38043.8,45191.3,56821.4
3842,75.2213,33501.8,37724.2,44838.3,51898.4
3843,75.2412,33501.8,37666.4,45265.8,54093.9
3844,75.261,33501.8,37538.9,44730.8,53411.6
3845,75.2807,33501.8,37538.4,45058.2,54226.4
3846,75.3004,33501.8,38172.6,44834.3,55118.2
3847,75.3202,33501.8,38090.1,45266,56903
3848,75.34,33501.8,38116.3,45112.1,54084.9
3849,75.3598,33501.8,39094.6,45436.8,56138.6
3850,75.3797,33501.8,38172,45257.6,56269.8
3851,75.3994,33501.8,36384.2,45047.1,53731.2
3852,75.4202,33501.8,39256.9,45477.4,55730.4
3853,75.4407,33501.8,37386.5,45348.1,54949.3
3854,75.4617,33501.8,36574.7,44761.2,58110.8
3855,75.482,33501.8,36641.8,44800.7,52401.2
3856,75.5018,33501.8,37962.9,45116.1,55731.5
3857,75.5215,33501.8,35860.2,44915.8,56922.1
3858,75.5414,33501.8,38750.6,45108.9,60990.8
3859,75.5612,33501.8,38264.3,45228.8,55078.7
3860,75.5814,33501.8,38512.5,44815.3,52506.3
3861,75.6013,33501.8,36505.1,44899,60771.8
3862,75.621,33501.8,37445.5,44762.5,56214.8
3863,75.6409,33501.8,37624.1,44667.4,55102.2
3864,75.6608,33501.8,37988.4,44921.6,53524.9
3865,75.6807,33501.8,36914,44818.5,56201
3866,75.7006,33501.8,37615.7,45404.5,60570
3867,75.7203,33501.8,38729.7,45352,54101.7
3868,75.7402,33501.8,37644.8,44610.3,52868.9
3869,75.76,33501.8,36666.8,44782.4,55012.1
3870,75.7798,33501.8,37335.8,45254.9,53420.2
3871,75.7995,33501.8,37734.1,45254.1,55382.5
3872,75.8193,33501.8,37896.9,45338.4,54785.6
3873,75.8391,33501.8,37550.2,45221.3,55706.4
3874,75.8588,33501.8,38209.9,45124.5,54454
3875,75.8787,33501.8,38028.2,45275.2,53445
3876,75.8984,33501.8,36466.6,44988.5,55274.3
3877,75.9183,33501.8,38457.3,44955.2,53767
3878,75.938,33501.8,37918.4,44706.7,53245.4
3879,75.9577,33501.8,37683.1,45128.8,52902.8
3880,75.9774,33501.8,35422.2,45209.7,54897.7
3881,75.9972,33501.8,36151.4,45499.2,55564
3882,76.017,33501.8,37909.8,44862.4,54395.6
3883,76.0368,33501.8,36521.8,45035.2,54997.6
3884,76.0567,33501.8,36230.7,45086.2,52606
3885,76.0764,33501.8,37357.1,45293,57969.7
3886,76.0962,33501.8,38213.5,45231,55029.2
3887,76.1159,33501.8,38884.8,45837.8,55168.5
3888,76.1355,33501.8,38927.6,45268.5,57323.9
3889,76.1553,33501.8,37887.7,45553,56041.2
3890,76.175,33501.8,38037.9,45110.9,60523.6
3891,76.1947,33501.8,36947.1,44908.7,56899.2
3892,76.2145,33501.8,38340.4,45100.2,59843.6
3893,76.2342,33501.8,37857.2,45444.4,56407
3894,76.2538,33501.8,38206.9,45323.8,60318.7
3895,76.273,33501.8,36501.2,45161.3,55747
3896,76.2926,33501.8,37089.7,45013.3,56762.6
3897,76.3124,33501.8,37119.9,45064.3,58363
3898,76.3321,33501.8,38750.7,45580.9,54544.3
3899,76.3514,33501.8,37042.2,45247.3,53854.5
3900,76.3712,33501.8,36569.5,45590.2,54037.3
3901,76.3908,33501.8,38663.7,44991.6,55165.9
3902,76.4104,33501.8,38690.3,45145.4,57169.2
3903,76.4299,33501.8,38897.4,45115.9,53249.4
3904,76.4495,33501.8,37770.8,44740.7,53835.2
3905,76.4692,33501.8,37305.1,45204.2,57354.1
3906,76.4889,33501.8,37757.1,45221.6,54226.4
3907,76.5086,33501.8,37640.9,45276.9,56456.2
3908,76.5285,33501.8,37354.3,45052.1,60088.7
3909,76.5481,33501.8,38047.6,45018,55977.2
3910,76.5678,33501.8,37482.9,45467.6,58781.4
3911,76.5878,33501.8,36308,45268.9,52934.8
3912,76.6075,33501.8,36769.4,45644.9,58657.9
3913,76.6272,33501.8,35001.7,44821.2,53645.1
3914,76.647,33501.8,37682.8,45052.9,56629.6
3915,76.6669,33501.8,38485.4,45586.2,58662.6
3916,76.6866,33501.8,36961.1,45008.1,53782.5
3917,76.7064,33501.8,35193.2,44930.8,54412.7
3918,76.7262,33501.8,35163.7,45158.3,53407.5
3919,76.7459,33501.8,37829.8,45007.9,57946.4
3920,76.7655,33501.8,36451.6,44972.4,53867.5
3921,76.7852,33501.8,37691,44975.8,55257.7
3922,76.8051,33501.8,38275.9,45262.4,61277.9
3923,76.825,33501.8,38004.1,45498.4,54951.4
3924,76.8449,33501.8,37432.5,45139.1,53936.8
3925,76.8646,33501.8,37392.2,44985.4,57463.9
3926,76.8842,33501.8,37507,45012.8,54763.3
3927,76.9038,33501.8,36587.6,44710.6,55002.2
3928,76.9237,33501.8,37028.9,44757,58819.5
3929,76.9436,33501.8,37804,44798.3,53991.8
3930,76.9631,33501.8,36367.8,44980,54745.6
3931,76.9828,33501.8,38072.6,45126.3,53468.2
3932,77.0026,33501.8,37357,44920.2,52582.6
3933,77.0225,33501.8,38529.4,45471.7,56158.9
3934,77.0423,33501.8,38602.2,45273.6,56913
3935,77.062,33501.8,38209.6,45387.5,55303.6
3936,77.0819,33501.8,38926.6,45797.8,54813.9
3937,77.1017,33501.8,37905.5,45401.5,54533.7
3938,77.1214,33501.8,37433.4,45044.8,56120.4
3939,77.1411,33501.8,36427.9,45340.3,55350.7
3940,77.161,33501.8,37105.2,45243.5,54927.1
3941,77.1806,33501.8,38615.7,44945.2,53898
3942,77.2003,33501.8,35806.8,45415.6,55963.5
3943,77.2201,33501.8,37865,45254.6,56301.1
3944,77.2399,33501.8,37098.2,45221,55739.5
3945,77.2597,33501.8,38424.7,45145.8,56774.1
3946,77.2794,33501.8,37477.6,44570.9,54086.6
3947,77.2991,33501.8,37457,44911.6,56394.6
3948,77.3188,33501.8,38003.5,45013.6,56089.8
3949,77.3386,33501.8,37195.1,45255.6,54786.6
3950,77.3581,33501.8,37451.3,45431.8,53891.2
3951,77.3778,33501.8,37233.2,45325.7,54631
3952,77.3975,33501.8,38161.6,44796.6,56348.1
3953,77.4172,33501.8,36588.3,44999,53746.2
3954,77.4369,33501.8,38444.2,45008.8,56277.7
3955,77.4565,33501.8,36433.4,45356.1,54840.5
3956,77.4761,33501.8,37480.6,44587,53923.6
3957,77.4958,33501.8,36973.9,44962.2,54233.1
3958,77.5155,33501.8,36785.1,44687.6,55981.8
3959,77.5351,33501.8,38769.2,44774.6,57597.1
3960,77.5548,33501.8,35744.4,44985.8,52802.8
3961,77.5748,33501.8,36171.4,44835.1,57371.6
3962,77.5945,33501.8,36935.3,44668.5,57526.7
3963,77.6144,33501.8,38277.9,44871.8,55052.3
3964,77.6342,33501.8,38113.6,45134.4,57155.7
3965,77.6542,33501.8,36720.1,45401.5,56475.1
3966,77.674,33501.8,38498.4,45123.2,56505.6
3967,77.6937,33501.8,37950.3,45151.7,53480.7
3968,77.7134,33501.8,37916,45303.5,55274.9
3969,77.7331,33501.8,38325.7,44911.7,54937.3
3970,77.7527,33501.8,35961.3,44826,56542.6
3971,77.7725,33501.8,37270.9,45154.8,55059.2
3972,77.7923,33501.8,37359.8,44977.3,54870.3
3973,77.8121,33501.8,37883.8,44994,55151.8
3974,77.832,33501.8,35323,44798.3,55578.8
3975,77.8519,33501.8,36634.3,44510.4,58262.8
3976,77.8715,33501.8,37383.3,44977.3,55143.3
3977,77.8912,33501.8,37628.5,45018.1,53215.1
3978,77.9107,33501.8,37353.3,44522.5,52757.8
3979,77.9305,33501.8,37205,45071.4,56268.7
3980,77.9503,33501.8,38668,45211.9,54686
3981,77.9701,33501.8,36091.4,44847.8,56861.5
3982,77.9898,33501.8,38083.8,45244.6,56251.3
3983,78.0096,33501.8,36390.8,44603.5,53470.1
3984,78.0293,33501.8,37726.8,44759.2,60119.4
3985,78.0488,33501.8,37891.4,45338.5,53367
3986,78.0685,33501.8,36569.6,44621.1,57940.2
3987,78.088,33501.8,37337.7,44620.4,55624.1
3988,78.1075,33501.8,37300.3,44558.1,52308
3989,78.1272,33501.8,36508.2,44614.2,55302.6
3990,78.1469,33501.8,36829.8,44531.8,53502.9
3991,78.1666,33501.8,36515.7,44587,54818.4
3992,78.1861,33501.8,37580.4,44664.2,53929.9
3993,78.2057,33501.8,35811.8,44975.8,56510.3
3994,78.2254,33501.8,37535.7,44948.9,55701.1
3995,78.2452,33501.8,37082.3,45017.9,54670.4
3996,78.2649,33501.8,35844.5,44823.1,52996.6
3997,78.2848,33501.8,37867.7,44603.5,52618.7
3998,78.3045,33501.8,38467.9,45248,55497.8
3999,78.3241,33501.8,35018.7,44534,57595.4
