iter,elapsed_s,global_best_len,iter_best_len,iter_mean_len,iter_worst_len
0,0.0204601,36226.2,91073,106186,125677
1,0.0405727,36226.2,90194.1,105443,124235
2,0.0608255,36226.2,87633.8,105795,129580
3,0.0811481,36226.2,84900.6,106519,126606
4,0.101449,36226.2,87101.7,105591,123227
5,0.121691,36226.2,85274.6,105174,125190
6,0.141954,36226.2,89415.6,106232,126647
7,0.162263,36226.2,89651.3,105817,130395
8,0.182563,36226.2,91865.4,105721,125312
9,0.202793,36226.2,84321.4,106088,129759
10,0.223154,36226.2,84578.6,105349,126624
11,0.243331,36226.2,87471.4,104523,122659
12,0.263664,36226.2,87937.9,104658,124478
13,0.284338,36226.2,83380.9,104809,126037
14,0.304765,36226.2,86167,105377,126782
15,0.32503,36226.2,86858.7,105332,126253
16,0.345423,36226.2,85995.9,105243,126706
17,0.365656,36226.2,83858.3,105945,126123
18,0.385876,36226.2,85715.1,104428,125732
19,0.406041,36226.2,89861.5,104945,119706
20,0.426832,36226.2,83287,104694,127078
21,0.447119,36226.2,85743.8,104157,122217
22,0.467369,36226.2,88130.7,105651,121255
23,0.487922,36226.2,88330.5,103662,124208
24,0.508182,36226.2,86610.7,104273,126983
25,0.528344,36226.2,83991.6,104133,132082
26,0.548548,36226.2,85780.4,104245,130550
27,0.568819,36226.2,85210,103981,126119
28,0.589064,36226.2,86472.1,104466,128696
29,0.609412,36226.2,86923.2,104325,126681
30,0.629614,36226.2,87226.9,104524,124244
31,0.6498,36226.2,81005.8,104379,120528
32,0.669834,36226.2,81416.5,104182,124069
33,0.690053,36226.2,87813.1,104164,125596
34,0.71017,36226.2,84695.9,103773,122357
35,0.730545,36226.2,84095.5,103846,127935
36,0.750876,36226.2,86460.6,103506,118742
37,0.771178,36226.2,86282.5,103553,120934
38,0.791442,36226.2,82717.3,102804,125725
39,0.8117,36226.2,87505.5,103586,124877
40,0.831959,36226.2,83551.7,103130,125328
41,0.852362,36226.2,88080.6,103473,121818
42,0.872738,36226.2,86240.6,103633,121316
43,0.89293,36226.2,88075,102338,121970
44,0.913116,36226.2,82624.9,102571,121851
45,0.933445,36226.2,87150.4,103166,119625
46,0.953889,36226.2,85481.6,102794,124321
47,0.974084,36226.2,84346.5,102307,122723
48,0.994482,36226.2,82290,102325,131238
49,1.01476,36226.2,85107.4,102444,126877
50,1.03496,36226.2,81685.8,102210,124163
51,1.05532,36226.2,84450.6,102468,127382
52,1.07563,36226.2,81222.4,101365,121797
53,1.09584,36226.2,83586,103047,125429
54,1.11615,36226.2,84434,102380,121168
55,1.13644,36226.2,83773.4,101132,128203
56,1.15669,36226.2,85536.3,101367,123942
57,1.17701,36226.2,82481,101776,125705
58,1.19725,36226.2,84436.8,101239,120358
59,1.21743,36226.2,84226.4,101575,120963
60,1.23766,36226.2,85266.4,100533,117859
61,1.25799,36226.2,84375.9,101243,122215
62,1.27838,36226.2,86872.6,101034,118620
63,1.29867,36226.2,81533.1,101433,125725
64,1.31882,36226.2,81597.1,101962,120709
65,1.33903,36226.2,81012.1,101158,123657
66,1.35941,36226.2,85083.4,100282,119187
67,1.37978,36226.2,86917.7,100636,128288
68,1.40004,36226.2,87012.1,101211,116725
69,1.42018,36226.2,83629.7,100313,120296
70,1.44039,36226.2,82544,100360,122322
71,1.46076,36226.2,84098.1,100140,117807
72,1.481,36226.2,78480.4,101199,119640
73,1.50135,36226.2,83355.1,99839.7,116360
74,1.52155,36226.2,85092,99917.6,117556
75,1.54175,36226.2,86262,99851.7,119440
76,1.56202,36226.2,81128.5,99821.7,121306
77,1.58234,36226.2,84077.3,100519,123234
78,1.60258,36226.2,84798.1,99610.8,122563
79,1.62279,36226.2,79482.1,99517.2,122496
80,1.64304,36226.2,81983.2,99943.2,122181
81,1.66333,36226.2,85651.8,98917.3,118149
82,1.68366,36226.2,79304.9,98424.9,121128
83,1.70383,36226.2,80372.1,98436,116930
84,1.72405,36226.2,81627.8,100120,122725
85,1.74427,36226.2,80449.8,98665.6,113546
86,1.76447,36226.2,81564.7,99251.5,117717
87,1.78479,36226.2,83041.8,97298.1,122158
88,1.80505,36226.2,75986.3,98011.7,112614
89,1.82526,36226.2,81609.7,98720.3,118916
90,1.84551,36226.2,81529.7,97250.7,115479
91,1.86588,36226.2,83372.7,98200,119044
92,1.8862,36226.2,82104.9,98440.5,120557
93,1.90655,36226.2,80454,97860.4,116454
94,1.92716,36226.2,80595.5,97522.3,116479
95,1.94743,36226.2,82214.8,96855,117368
96,1.96765,36226.2,83426.6,96972.2,112226
97,1.98788,36226.2,81594.9,96632.8,116552
98,2.00841,36226.2,81565.6,97365.5,117596
99,2.02934,36226.2,79158.6,96767,124568
100,2.05004,36226.2,78574.8,96588.8,119555
101,2.07059,36226.2,80727.9,97773.6,123564
102,2.09093,36226.2,79762.4,95548.3,112943
103,2.11143,36226.2,79145.3,96538,119396
104,2.1317,36226.2,76548.4,96350.4,122828
105,2.15198,36226.2,76608.1,95774.8,130423
106,2.17216,36226.2,80707.6,95784.4,118974
107,2.19259,36226.2,79115.1,95513.6,115249
108,2.21275,36226.2,80141.2,95405.1,114082
109,2.233,36226.2,80468,96222.9,117281
110,2.25339,36226.2,76049.5,94757.5,115790
111,2.27373,36226.2,74054.2,94875.6,115021
112,2.29407,36226.2,75318.9,95229.7,112868
113,2.31423,36226.2,78348.2,94875.5,123035
114,2.33458,36226.2,73459.4,93795.8,111988
115,2.35499,36226.2,76063.2,94075.6,108527
116,2.3752,36226.2,77674.5,93724.4,112440
117,2.39551,36226.2,77042.7,93404.6,111197
118,2.4157,36226.2,75618.1,93620.2,109882
119,2.43592,36226.2,78419.3,93079.2,109766
120,2.45622,36226.2,77869.5,93481.1,116257
121,2.47644,36226.2,78356.2,92139.1,111111
122,2.49671,36226.2,78578.7,93378.4,113287
123,2.51704,36226.2,75020,92899.2,118778
124,2.53724,36226.2,76865.4,92048.6,111875
125,2.55744,36226.2,75814.3,92691,109884
126,2.57773,36226.2,72971.1,91979.7,109409
127,2.59798,36226.2,75087.5,92096.4,113733
128,2.6184,36226.2,71788.8,91837.5,110329
129,2.63864,36226.2,69965.7,91058.7,106541
130,2.65887,36226.2,68427.3,91713.6,109087
131,2.67911,36226.2,73306.9,91235.6,110560
132,2.69942,36226.2,72883.4,89634.9,114324
133,2.71973,36226.2,75535.8,90178.3,111863
134,2.74,36226.2,73596.1,90980.2,116175
135,2.76026,36226.2,75943.4,90350.4,114435
136,2.78052,36226.2,76367.7,89467.2,111081
137,2.80086,36226.2,72002.7,89395.1,105621
138,2.82131,36226.2,73112.2,89929.4,106157
139,2.84162,36226.2,73916.4,89274.2,107587
140,2.86198,36226.2,70300.1,89383,104987
141,2.88224,36226.2,72560.9,89751.1,107704
142,2.90252,36226.2,74369.9,88347.3,106454
143,2.92272,36226.2,69880.1,87415.2,103971
144,2.94302,36226.2,74550,88747,105659
145,2.9632,36226.2,75143.2,88148.6,103933
146,2.98344,36226.2,71275.7,87630.8,104662
147,3.00378,36226.2,70358.9,87147.5,111560
148,3.02405,36226.2,67442.7,87168.1,103282
149,3.0444,36226.2,71974,86839.1,103575
150,3.06469,36226.2,72594.8,86364.1,102028
151,3.08493,36226.2,62451.5,84762.1,105040
152,3.10527,36226.2,73920.4,85121.4,104213
153,3.12589,36226.2,70488.2,84887.7,103783
154,3.14621,36226.2,71088.7,85812,105497
155,3.16646,36226.2,67622,84372.9,99820.3
156,3.18672,36226.2,67484,84765.3,102130
157,3.20696,36226.2,67536.9,84254.5,97672
158,3.22702,36226.2,67618.1,84819.1,108884
159,3.24731,36226.2,70795,84123.8,101016
160,3.26762,36226.2,69447.3,83647.3,100327
161,3.28806,36226.2,69678.1,82905.8,100317
162,3.30845,36226.2,67662.3,83465.4,113084
163,3.32874,36226.2,64369,83075.7,99243.9
164,3.34897,36226.2,66264.2,82399.2,103144
165,3.36935,36226.2,69621.1,83062.5,106108
166,3.38957,36226.2,67437.8,81437.8,100959
167,3.40989,36226.2,65997.2,81837.1,99336.3
168,3.43014,36226.2,65038.5,81384.2,97272.8
169,3.45048,36226.2,66195,81508.5,104457
170,3.47062,36226.2,63042.7,80332.8,100469
171,3.49097,36226.2,67558,80602.4,101188
172,3.51127,36226.2,69791.3,81013.7,96520.4
173,3.53168,36226.2,64292.9,79349.3,101537
174,3.55192,36226.2,66693.3,79968.2,95475.2
175,3.57222,36226.2,64961.7,80043.8,97024.7
176,3.59242,36226.2,65667,79532.2,98145.9
177,3.61267,36226.2,66479.9,78695.9,95610.5
178,3.63285,36226.2,63211.6,78127.4,98017.5
179,3.65313,36226.2,66780.8,77771.9,91115
180,3.67335,36226.2,61616.6,78615.6,95259.5
181,3.69352,36226.2,62419.8,78352.6,93685.1
182,3.71382,36226.2,63751.8,77892.2,92301.8
183,3.734,36226.2,64031.8,77743.5,92902.2
184,3.7542,36226.2,63909,77014.1,92502.8
185,3.77445,36226.2,62909.4,77021.5,94791.8
186,3.79463,36226.2,65146,76688,90869.3
187,3.81486,36226.2,61167.1,77125.2,90927.2
188,3.83511,36226.2,62043.1,76453.8,92146.4
189,3.85539,36226.2,63928,76044.9,91933.9
190,3.87592,36226.2,61282.7,75921.9,94133.3
191,3.89616,36226.2,62144.8,74647.3,88281.9
192,3.91658,36226.2,61874.2,75070.4,93367.2
193,3.93698,36226.2,58375.3,74503.2,94455
194,3.95732,36226.2,59847.9,74892.7,89186.3
195,3.97754,36226.2,57458.7,74475,92115.2
196,3.99784,36226.2,62504.2,74053.7,93545.3
197,4.01801,36226.2,60057.7,73703.1,89589
198,4.03832,36226.2,60559.5,73506.2,88442.6
199,4.05847,36226.2,58837.6,72989.3,91633.5
200,4.07888,36226.2,58188.3,73025.1,86189.4
201,4.09916,36226.2,59265.8,72767.7,92750.5
202,4.11951,36226.2,54812.5,72400.2,90003.1
203,4.13982,36226.2,56927.8,72764.5,90177
204,4.1605,36226.2,56415.9,72386.9,85650.5
205,4.18074,36226.2,55121.2,71739.2,90262
206,4.20098,36226.2,53865.4,71386,86223.5
207,4.2213,36226.2,58800,70567.5,83087.4
208,4.24152,36226.2,60890.5,71038.8,93805.9
209,4.26179,36226.2,57853.6,70551,86847.3
210,4.28213,36226.2,58274.2,70182.6,86499.8
211,4.30238,36226.2,57351.1,69975.2,83900.4
212,4.32265,36226.2,59048.9,70411,84117.1
213,4.34299,36226.2,52193.8,69797.7,88560.7
214,4.36341,36226.2,57127.9,69468.3,85281.3
215,4.38362,36226.2,55786.7,68911.3,80795.8
216,4.40377,36226.2,57857.2,69117.8,85241.2
217,4.42457,36226.2,56655.7,67947,85459.3
218,4.44487,36226.2,57126.8,69681.4,83650.5
219,4.46509,36226.2,55838.9,68063.5,84495.1
220,4.48538,36226.2,57315,68026.1,80224.2
221,4.50561,36226.2,55722.9,67769,84973.1
222,4.52637,36226.2,55915.5,67201.8,79366.2
223,4.54686,36226.2,54065.3,67358.4,84633.6
224,4.56736,36226.2,53071.4,67067.9,81623.2
225,4.58783,36226.2,56056.9,66752,85157.3
226,4.60855,36226.2,55106.5,66312.6,80131.6
227,4.62883,36226.2,52184.4,66343.3,79600.4
228,4.64915,36226.2,52320.7,66427.6,82648.2
229,4.66936,36226.2,53880.7,66232.3,78319.6
230,4.68999,36226.2,51501.4,65564.3,81623.7
231,4.71034,36226.2,52706.4,65409.4,80283.9
232,4.73055,36226.2,54076.7,65199.6,81317.5
233,4.75092,36226.2,50866.9,63550.1,74566
234,4.77115,36226.2,53019,64576.4,76636.1
235,4.79139,36226.2,54028.6,64220.1,79571.2
236,4.81165,36226.2,53269.8,64392.7,77600.3
237,4.83187,36226.2,49589.9,63644.1,75798.5
238,4.85218,36226.2,53329.5,63437,78487.3
239,4.87241,36226.2,50593.7,62516,75117.3
240,4.89264,36226.2,50618.2,62913.4,79000.6
241,4.91293,36226.2,50134.1,63179.3,78482.7
242,4.93306,36226.2,49633.7,62765.8,74392.1
243,4.95332,36226.2,53234.3,62770.5,77227.1
244,4.97347,36226.2,51296.3,61843.2,78520.3
245,4.9937,36226.2,48044.8,62066,78085.1
246,5.014,36226.2,51859.9,61247.5,78497.1
247,5.03439,36226.2,52106.4,61832.8,76006.8
248,5.05467,36226.2,49420,61026,75185.2
249,5.07488,36226.2,50156.1,61162.8,72744.6
250,5.09503,36226.2,51213.2,61085.9,76333.2
251,5.11524,36226.2,49256.1,60532,75499.7
252,5.13538,36226.2,46789,60200.7,72834
253,5.15568,36226.2,47148.6,60090.2,74252.3
254,5.17589,36226.2,46940.4,59329.4,74498.7
255,5.19613,36226.2,50215.3,60145.2,71316.9
256,5.21622,36226.2,47124.9,59461.8,74095.1
257,5.23645,36226.2,47051.3,59352.5,75477.5
258,5.25665,36226.2,48013.3,58790.6,70015.9
259,5.27694,36226.2,48697.5,58864.3,71094.4
260,5.29716,36226.2,48941,58595,73499.4
261,5.31746,36226.2,45161.3,58720.8,70815.5
262,5.33759,36226.2,47478.9,57982.4,67953.8
263,5.35782,36226.2,48371.6,58252.5,69467.5
264,5.378,36226.2,46431.7,57362.5,70012.5
265,5.39811,36226.2,48467.6,57801.5,72378.2
266,5.41808,36226.2,47831.3,58001.5,71060.4
267,5.43822,36226.2,48125.9,57540.3,69316.3
268,5.45842,36226.2,46777.3,57311.1,78422
269,5.47848,36226.2,47014.4,57251.4,66942.5
270,5.49864,36226.2,46329.9,56970.5,69308
271,5.51879,36226.2,46030.4,56815.1,69662.5
272,5.53885,36226.2,44917.1,55977.4,70066.9
273,5.55897,36226.2,45838.7,56347.2,74404.5
274,5.57908,36226.2,44587.6,56202.2,70992.1
275,5.59917,36226.2,45112.4,55766.2,66234
276,5.6192,36226.2,44360.9,55681.1,70210.8
277,5.63923,36226.2,44940.2,55409.8,68172.8
278,5.65933,36226.2,44625.2,55510.4,70006.9
279,5.6794,36226.2,47217.1,55417.7,68408.3
280,5.69945,36226.2,45968.2,55250.6,67758
281,5.71946,36226.2,44966.7,54815.2,66889.4
282,5.73944,36226.2,44724.2,55146.6,66406.9
283,5.75958,36226.2,45776.9,54426.5,68547.3
284,5.77966,36226.2,44056.9,54907.6,65005.8
285,5.79975,36226.2,42964.8,53983.6,64598.4
286,5.81988,36226.2,43351.3,54179.4,65516
287,5.83985,36226.2,45501.1,54004.2,65207.6
288,5.85993,36226.2,45424.4,53934.5,65491.7
289,5.88001,36226.2,44136.4,53621.1,65094.1
290,5.90002,36226.2,43872.7,53378.5,68164.9
291,5.92002,36226.2,42438.1,53500.6,65132.7
292,5.94,36226.2,42353,53392.3,63559.9
293,5.95994,36226.2,44422.5,53360.2,64717.6
294,5.97995,36226.2,43747.2,53024.1,68559.6
295,5.99996,36226.2,42949.4,53402.1,68436.9
296,6.01997,36226.2,42564.3,53279.4,66836.5
297,6.03986,36226.2,43987.2,53043.7,63477.3
298,6.05994,36226.2,42616.4,52791.9,62421.1
299,6.08027,36226.2,43969.7,52481.5,62814.6
300,6.10035,36226.2,40064.3,52161.2,63749
301,6.1207,36226.2,42558.2,52220.7,62723.2
302,6.14157,36226.2,44162.7,52712.3,66231.9
303,6.16291,36226.2,42397.3,52016.5,62941.5
304,6.1838,36226.2,42208.6,51890.3,63322.6
305,6.20459,36226.2,41638.5,51619.8,61930.1
306,6.22493,36226.2,43812.7,51755.8,62287
307,6.24466,36226.2,41513.2,51719.9,63029.8
308,6.2646,36226.2,42150.4,51211,63138.5
309,6.28496,36226.2,40761.4,51315.8,62454.4
310,6.30477,36226.2,41892.2,50892,61144.7
311,6.32469,36226.2,43165.1,51193,61904.7
312,6.34463,36226.2,43183.7,51301.8,65315.1
313,6.36451,36226.2,41921.2,50473.3,62484.8
314,6.38438,36226.2,41393.9,50699.4,66079.3
315,6.40515,36226.2,41511,50050.4,60017.6
316,6.42502,36226.2,40688.2,50199.5,62718.5
317,6.44498,36226.2,40797.5,50238,63392.6
318,6.46496,36226.2,41563.4,50416.7,62248.7
319,6.48474,36226.2,40718.8,50494.9,69833
320,6.50461,36226.2,40989,50369.1,59660.1
321,6.52442,36226.2,40734.1,49747.7,61131.3
322,6.54421,36226.2,39764.3,49583.4,59938.3
323,6.56395,36226.2,40486,49848.8,62658.3
324,6.5838,36226.2,43052.7,49954.4,61277.2
325,6.60368,36226.2,38490.1,49670,59278.9
326,6.62342,36226.2,41314,49595.9,58338.7
327,6.64321,36226.2,39078,49320.1,59048.7
328,6.66294,36226.2,41028.1,49555.3,62253.5
329,6.68315,36226.2,37784.9,49018.3,60681.5
330,6.70291,36226.2,40492.8,49132.6,61080.7
331,6.72275,36226.2,36963.4,48868.5,60551.1
332,6.74248,36226.2,40618.4,48718,57786.2
333,6.76235,36226.2,38049.8,49386.9,59172.6
334,6.78226,36226.2,40045.1,47988,58496.3
335,6.80208,36226.2,36565.2,49012.2,60024.9
336,6.82179,36226.2,40286.5,48508.5,58463.4
337,6.84159,36226.2,39862.8,48994.7,60611.1
338,6.86131,36226.2,39895.8,48448.2,60237.7
339,6.88098,36226.2,38507.7,47753.2,59996.8
340,6.90082,36226.2,37357.2,47960,58440.5
341,6.9204,36226.2,40016.9,47918.8,57256.2
342,6.93977,36226.2,38035.6,47975.7,58261.1
343,6.95966,36226.2,39546.5,47475.5,58230.1
344,6.97998,36226.2,40770.3,47957.4,58808.7
345,7.00029,36226.2,39850.1,47773.7,57918.6
346,7.01977,36226.2,37373.2,47571.5,58655.9
347,7.03949,36226.2,38563.6,47715,58257.4
348,7.05904,36226.2,38301.8,47453.6,57226.7
349,7.0792,36226.2,37786.7,47509.8,56975.8
350,7.0987,36226.2,38178.6,47693.7,61846.6
351,7.11855,36226.2,39677,47390.2,59060.5
352,7.13845,36226.2,38241.7,47360.5,60879
353,7.1581,36226.2,40053.7,47586.4,57807.8
354,7.17781,36226.2,39305.2,47886.5,56402.8
355,7.19749,36226.2,39662.4,46768.4,57951.5
356,7.21706,36226.2,39440.2,47062.5,58639
357,7.23683,36226.2,39562.7,47569.3,58378.9
358,7.25642,36226.2,37145.7,46997.3,54885.7
359,7.27682,36226.2,38341.5,46490.8,55337.9
360,7.29641,36226.2,39801.6,46555.3,55006.5
361,7.316,36226.2,39470.1,47242.6,59113.5
362,7.33541,36226.2,37671.9,46782,56449.6
363,7.35489,36226.2,39077.7,47036.3,59681.6
364,7.37448,36226.2,37228.9,46489.2,56802.4
365,7.39384,36226.2,39094.4,46537,56068.6
366,7.41332,36226.2,38681,46599.7,56220.5
367,7.43286,36226.2,39003.3,46089.4,58879.8
368,7.45235,36226.2,37164.4,46155.8,53747
369,7.47179,36226.2,38500.2,46192.3,55706.6
370,7.49123,36226.2,38428.7,46029.8,55167.1
371,7.51068,36226.2,39367.4,46251.5,54513
372,7.53003,36226.2,36774.5,46194.6,55674.1
373,7.54957,36226.2,37736.7,46147.8,56548
374,7.56907,35605,35605,45997.3,55438.5
375,7.5886,35605,37723.1,46261.2,55497.9
376,7.60812,35605,38696.9,45814.2,54734.3
377,7.62744,35605,39078.9,45876.1,58290.2
378,7.64688,35605,37905,45495,57476.7
379,7.66612,35605,38285.2,45803.1,55401.3
380,7.68549,35605,35979.1,45170.8,54988
381,7.70492,35605,36548.5,45509.1,55053.3
382,7.72429,35605,37044.7,45523.9,55300.8
383,7.74358,35605,37413.5,45899.9,55898.6
384,7.76287,35605,37324.9,45622.1,60636.1
385,7.78227,35605,37542.4,45081.6,52576
386,7.80154,35605,37461.8,45025.2,57337.1
387,7.82099,35605,38174.3,45230.3,53271.5
388,7.84029,35605,38100.1,45462.8,54864
389,7.85971,35605,37775.8,45764.4,58214.3
390,7.8789,35605,37722.6,44785.6,56241.6
391,7.89832,35605,37968.6,45776.9,55942.2
392,7.91768,35605,38169.5,45086.9,55556.9
393,7.93716,35605,38766.4,44774.1,59348
394,7.95669,35605,37406.6,45233.2,56690.5
395,7.97622,35605,36488.5,45248.3,55779.9
396,7.99519,35605,37184.6,45034.1,54373
397,8.01426,35605,37324.3,44879.9,54375.2
398,8.03344,35605,36800.1,45235.2,54312.8
399,8.05267,35605,36125.1,44817.4,53059.4
400,8.072,35605,36929.4,45003,54323.4
401,8.09131,35605,37114.7,45008.6,55891.8
402,8.11062,35006.4,35006.4,44662.2,54432.9
403,8.13003,35006.4,38382.3,45197.2,55065.6
404,8.14932,35006.4,36927.4,44716,55239
405,8.16855,35006.4,36278.1,44684.6,53563.6
406,8.18775,35006.4,37099.3,44590.8,53003.8
407,8.20712,35006.4,37156.1,45083.1,55065.6
408,8.22629,35006.4,36252.3,44741.3,53211.9
409,8.24548,35006.4,36288.4,44666.6,54948.9
410,8.26479,35006.4,37439.7,44847.6,55986.6
411,8.28482,35006.4,37131.5,44138,53652.3
412,8.30409,35006.4,35706.9,44411,52967.1
413,8.32329,35006.4,36194.1,44527.7,56492.4
414,8.34243,35006.4,37633.5,44332.1,52150.5
415,8.36157,35006.4,37673.1,44126.4,55565.6
416,8.3809,35006.4,37759.4,44287.3,52941
417,8.40006,35006.4,35686.4,44470.7,52829.7
418,8.41926,35006.4,36375.5,43808.2,54119.6
419,8.43845,35006.4,37334,44233,56616
420,8.45697,35006.4,36284.9,44243.3,55603.6
421,8.47645,35006.4,37758.5,44376,54848.2
422,8.49553,34226.8,34226.8,43966.3,53584.2
423,8.51503,34226.8,36750.6,43665.7,54288.2
424,8.53434,34226.8,36341.4,43967.7,53961
425,8.5535,34226.8,36239.5,44029.8,53328.7
426,8.57275,34226.8,35796.7,44040.3,53280.5
427,8.59189,34226.8,35347.8,44159.5,54415.5
428,8.6109,34226.8,36630.4,43806.5,52889.8
429,8.63018,34226.8,36073.1,43903.7,54130.4
430,8.6493,34226.8,37243.1,44283.6,54440.2
431,8.66836,34226.8,35792,44142.4,57183.2
432,8.6875,34226.8,36874.3,43798.1,50769.7
433,8.70648,34226.8,36612.5,43608.9,54536.9
434,8.72533,34226.8,35794.6,43781.1,53070.3
435,8.74436,34226.8,36616.9,43488.2,51739.1
436,8.76344,34226.8,37593.8,43667.2,54013.9
437,8.78251,34226.8,35519.8,43965.8,52421.1
438,8.80168,34226.8,36018.9,44033.6,55605.7
439,8.8209,34226.8,36660.3,43682.4,50830
440,8.84048,34226.8,37113.4,43715.5,53587
441,8.85946,34226.8,36552.8,43733.4,51828.7
442,8.8786,34226.8,36503.6,43631.4,54165.8
443,8.89759,34226.8,34618.5,43457.5,51572
444,8.91676,34226.8,36052.6,43727.5,54264.5
445,8.93599,34226.8,35609.8,43791.1,54725.2
446,8.95477,34226.8,36023.1,43792.1,52228.5
447,8.97335,34226.8,36319.5,43508.1,55328.1
448,8.99213,34226.8,35698.3,43759.1,54725.1
449,9.01098,34226.8,36669.4,43471.8,52387.7
450,9.02979,34226.8,34724.4,43403.8,54356.9
451,9.0486,34226.8,37078.3,43821,51963.8
452,9.06744,34226.8,35418.6,43778.4,53512.7
453,9.08623,34226.8,37563.9,43718.9,52672.6
454,9.10525,34226.8,35990.2,43564.8,54394.4
455,9.12406,34226.8,36328.7,43366.8,53476.9
456,9.14275,34226.8,35464.7,43380.4,54491.8
457,9.16146,34226.8,35861.2,43560.3,52859.1
458,9.18017,34226.8,35944.8,43321.9,52302.6
459,9.19904,34226.8,35032.4,43454.2,54919.4
460,9.21776,34226.8,34398.7,43451.4,51877.9
461,9.23646,34226.8,35824.7,43053.5,50803
462,9.25511,34226.8,36551.6,43178.3,51029.5
463,9.27375,34226.8,35741.2,43152.4,51329.8
464,9.29287,34226.8,35378.6,43462.4,53530.8
465,9.31176,34226.8,36134,43509.9,51696.9
466,9.33058,34226.8,36068.6,43217.8,52601.9
467,9.34938,34226.8,35502.6,43274.5,51497.3
468,9.36808,34226.8,36065.8,43257.7,51290.6
469,9.38674,34226.8,35846.1,43184,55110.1
470,9.4054,34226.8,35857.5,42943.9,51450.6
471,9.4239,34226.8,34926.2,43046.7,52116.8
472,9.44269,34226.8,35076.3,43381.4,51947.5
473,9.46142,34226.8,35291.7,43120.2,51970.1
474,9.4803,34226.8,35631.5,42966.3,53982.3
475,9.49888,34226.8,36524.6,43146.7,52451.6
476,9.51772,34226.8,35731.2,43136.3,53207.3
477,9.53641,34226.8,35225.5,43129.9,55303.5
478,9.55499,34226.8,35740.9,42857.9,51102.4
479,9.5738,34226.8,35798.4,43096.4,51791.4
480,9.59247,34226.8,35467.8,42855.1,54670.5
481,9.611,34226.8,34944.6,42831.2,51111.9
482,9.62954,34226.8,36219.2,42743.1,52214.3
483,9.64818,34226.8,34358.6,42888.7,52207.2
484,9.66686,34226.8,35810.6,42653.7,53557.3
485,9.68552,34226.8,35463.3,42891.6,53825.3
486,9.7043,34226.8,35728.4,43451.1,52946.2
487,9.72296,34226.8,34958.2,43243.3,50478.9
488,9.7416,34226.8,35400.4,43015.5,54082.7
489,9.76029,34226.8,34624.9,43145.4,52507.6
490,9.77893,34226.8,36014.5,43439.4,54280.2
491,9.7975,34226.8,35545.3,42597.6,54605.4
492,9.81616,34226.8,35207.2,43135.6,51815.5
493,9.83497,34226.8,35788.6,42432.5,52617.7
494,9.85349,34226.8,35915.4,42848.2,51550.3
495,9.87232,34226.8,36009.9,43291.1,57277.2
496,9.8908,34226.8,36836.4,42915.6,53336.3
497,9.90938,33203.2,33203.2,42400.6,49768.3
498,9.92834,33203.2,34109.1,43261.8,52905.4
499,9.94702,33203.2,34603.1,42640.4,53935
500,9.96572,33203.2,35187.8,42585.9,50492.8
501,9.98446,33203.2,35713.3,42770.3,51993.6
502,10.0032,33203.2,37300.4,43186.8,51647.3
503,10.022,33203.2,34248,42694.8,52061.7
504,10.0407,33203.2,35815.4,43120.5,55189.2
505,10.0594,33203.2,36142.7,42938.6,53997.4
506,10.078,33203.2,34501.8,42854.1,52088.7
507,10.0967,33203.2,35170.4,42876.1,52645.9
508,10.1154,33203.2,35065.4,42632.5,51145.4
509,10.134,33203.2,35181.5,42569.4,52376.3
510,10.1524,33203.2,36468.6,42632.4,53566.3
511,10.1711,33203.2,34786,42820.3,51917.2
512,10.1898,33203.2,35863.3,42855.2,52985.2
513,10.2086,33203.2,35881.2,42404.6,53388.7
514,10.2274,33203.2,34891.3,42830.1,54132
515,10.246,33203.2,35189.5,42467.6,53026.7
516,10.2648,33203.2,34399.8,42637.6,53503.1
517,10.2837,33203.2,35776.9,42621.9,53342.3
518,10.3026,33203.2,35766.3,42645.5,51101.3
519,10.3215,33203.2,36203,42887.7,53104.5
520,10.3401,33203.2,35544.5,42425.3,53481
521,10.3592,33203.2,34430.9,42639.7,50828.6
522,10.378,33203.2,34551.9,42304.6,51343.1
523,10.3968,33203.2,34164.2,42972.1,52605.3
524,10.4155,33203.2,34680.2,42757.6,50375.3
525,10.4343,33203.2,35927.8,43093.2,53970.1
526,10.4527,33203.2,34894.4,42616.8,54092.5
527,10.4715,33203.2,35808.3,42736.4,51682.6
528,10.4902,33203.2,34771.2,42672.5,56715.9
529,10.5088,33203.2,35115.2,42997.1,51313.4
530,10.5275,33203.2,35572.7,42186.6,51621.3
531,10.546,33203.2,34280,42415.5,50464.6
532,10.5647,33203.2,36329.8,43019.3,52439
533,10.5831,33203.2,34387,42433.7,54048
534,10.6018,33203.2,35670.3,42725.3,51378.9
535,10.6201,33203.2,35442.8,42547.8,52582.5
536,10.6392,33203.2,35880.4,42520.2,53738.1
537,10.6581,33203.2,34479.6,43180.7,51990.1
538,10.6767,33203.2,33301.4,42812.3,53130.9
539,10.6953,33203.2,36189.9,42780.5,54262.6
540,10.714,33203.2,34855.4,42749.8,53996.3
541,10.7328,33203.2,35065.7,42485.5,52134.6
542,10.7513,33203.2,35156.6,42446,51522
543,10.77,33203.2,34570.6,42391.9,50325.7
544,10.7886,33203.2,35637.7,42914.1,53945.9
545,10.8071,33203.2,35427.2,42421.8,52512.5
546,10.8258,33203.2,34800.4,42560.6,53733.6
547,10.8445,33203.2,34885.5,42612.1,51205.4
548,10.8628,33203.2,35915.2,42690.8,54381.7
549,10.8814,33203.2,34586.5,43132.9,52855.9
550,10.9,33203.2,34317.6,42768.9,53887.5
551,10.9186,33203.2,34563.1,42668.7,52110.6
552,10.9372,33203.2,36047,42734.7,51193.6
553,10.9556,33203.2,33933,42787.3,55712.9
554,10.9738,33203.2,35181.5,42263.3,52421.9
555,10.9921,32815.1,32815.1,42169.3,50334
556,11.0107,32815.1,35444.4,42707.1,51262
557,11.0294,32815.1,34495.7,42668.6,51913.4
558,11.0482,32815.1,35568.1,42282.1,50732
559,11.0669,32815.1,34201.3,42166.9,55807.2
560,11.0858,32815.1,35277.8,42123.3,51714.6
561,11.1045,32815.1,34273.5,42238.7,59614.7
562,11.1232,32815.1,34044.7,42189.9,50729.9
563,11.1418,32815.1,33753.4,41767.3,53293.1
564,11.1605,32815.1,33255.7,42122.2,49898.3
565,11.1793,32815.1,34706.5,42838.8,55209.7
566,11.198,32815.1,34923.8,42391.1,51166
567,11.2166,32815.1,34178,42397.3,50644.9
568,11.2352,32815.1,32846.2,42109.9,53181.4
569,11.2539,32815.1,33715.5,42442.9,57499.6
570,11.2725,32815.1,34313.9,42424.4,52008
571,11.2913,32815.1,33815.4,42405,52430.1
572,11.3102,32815.1,34741.7,42357.8,52086.9
573,11.3291,32815.1,35304.3,42384.8,51422.2
574,11.3478,32815.1,34596.1,42399.9,53421.3
575,11.3666,32815.1,34759.4,42476.3,51538.5
576,11.3855,32815.1,34508.5,42530.9,50225
577,11.4043,32815.1,35160,42144.8,51713
578,11.4233,32815.1,33885.3,42907.4,56176.3
579,11.442,32815.1,34274.3,41781,50343.1
580,11.4608,32815.1,35338.2,42276.5,50808.9
581,11.4794,32815.1,35320,42487.7,51623.5
582,11.4983,32815.1,34912.5,42017,52516.4
583,11.5171,32815.1,33659.1,42292.8,53631.1
584,11.5359,32815.1,34404.3,42312.6,53830.9
585,11.5547,32815.1,34797,42120.3,50809.7
586,11.5733,32815.1,34540.2,42248.9,51861
587,11.5922,32815.1,34723.6,42183.4,51556.2
588,11.6108,32693.9,32693.9,42415.9,50859.6
589,11.6295,32693.9,34193.2,42025.4,54321.2
590,11.6482,32693.9,33895.9,41852.5,49624.8
591,11.6671,32693.9,33411.8,42055.5,51872.9
592,11.6858,32693.9,35440.2,42053.6,51472.3
593,11.7044,32693.9,34336.1,41688.9,48726.4
594,11.7228,32693.9,34646.4,42264.2,53261.7
595,11.7418,32693.9,34724.4,42228.8,53636.2
596,11.7607,32693.9,34424.9,42283.1,52811.8
597,11.7796,32693.9,34806.2,42180.2,53476.6
598,11.7984,32693.9,32919.7,42368,50868.2
599,11.817,32693.9,34509.5,42209.9,50824.2
600,11.8357,32693.9,33727.2,42329.8,55507
601,11.8545,32693.9,34969.7,41856.4,52119.8
602,11.8731,32693.9,33795.7,41785.5,52970.8
603,11.892,32693.9,34060.8,42081.8,50812.7
604,11.9106,32693.9,34669.3,41504.3,51991.2
605,11.9293,32693.9,34101.7,41564.9,48719.1
606,11.9479,32693.9,33547.5,41986,50267.6
607,11.9666,32693.9,35493,41974.9,50125.4
608,11.9855,32693.9,35054,41637.7,50265.3
609,12.0041,32693.9,34622.9,41727.6,51814.8
610,12.0227,32514.5,32514.5,41937.1,51287.7
611,12.0414,32514.5,35200.5,41437.6,50278.8
612,12.0602,32514.5,35189.6,41870.5,50411.6
613,12.0788,32514.5,33693.3,41945.2,52840
614,12.0974,32514.5,34334.3,41740.3,51580.5
615,12.1162,32514.5,34675.3,41873.6,52223.2
616,12.135,32514.5,33869.2,41623.4,52582.7
617,12.1536,32514.5,35185.3,42013.2,53667.4
618,12.1723,32514.5,33972.7,41907.7,51241
619,12.1909,32514.5,34350.6,41927.7,51748.7
620,12.2096,32514.5,35758.6,42444.7,52030.6
621,12.2284,32514.5,34417.5,42190.5,52669.8
622,12.2472,32514.5,33828.4,41579.7,52925
623,12.2659,32514.5,35538.7,42018.4,52632
624,12.2847,32514.5,34876.1,41975.4,52284.1
625,12.3034,32514.5,33261.9,41943.2,52567
626,12.322,32514.5,34745,41478.1,52561.7
627,12.3408,32514.5,34993,42007.1,54899.5
628,12.3592,32514.5,35406.5,41823.3,51828.5
629,12.3781,32514.5,33547,41853.9,51795.9
630,12.3967,32514.5,33548.5,41481.7,51865.3
631,12.4156,32514.5,33727.9,41831,52448.5
632,12.4341,32514.5,34231.8,42109.8,50739.3
633,12.4528,32514.5,33551,41968,51191.1
634,12.4714,32514.5,33889.5,41812.1,54665.4
635,12.4901,32514.5,34669.4,41578.1,53145.8
636,12.5089,32514.5,34855.7,42065.9,52074.6
637,12.5276,32514.5,33471.2,42315.7,55976.5
638,12.5465,32514.5,33589.9,41869,51003
639,12.565,32514.5,34411.3,41851.6,53621.3
640,12.5836,32514.5,33599.5,41442.7,51281.6
641,12.6022,32514.5,33358.8,41789.5,53463.6
642,12.6208,32514.5,34423.7,41650,54689.2
643,12.6395,32514.5,33672.2,41441.2,52408
644,12.658,32514.5,34636.9,41462.8,51094
645,12.6767,32514.5,35363.8,41954.9,52286.8
646,12.695,32514.5,34291.2,41503.9,52610.4
647,12.7134,32514.5,33385.4,41354.8,52132.9
648,12.732,32514.5,34337.4,41883.7,52006.5
649,12.7507,32514.5,34456.9,41588.5,51617.3
650,12.7694,32514.5,34947.9,41295,49105.7
651,12.7883,32514.5,34311.2,41674.3,53001.4
652,12.807,32514.5,33803,41435.2,50137
653,12.8256,32514.5,34510.4,41454.7,51515.9
654,12.8441,32514.5,34428.6,41417.4,53991
655,12.863,32514.5,34034.8,41110.8,49668.7
656,12.8816,32514.5,35009.7,41406.8,50793.9
657,12.9002,32514.5,33445.6,41563.5,52119.8
658,12.9189,32514.5,34147,41566.1,53551.3
659,12.9374,32514.5,34615.2,41899.8,51090.6
660,12.956,32514.5,33590.7,41507.8,51744.7
661,12.9745,32514.5,34575.9,41446.4,49589.3
662,12.9931,32514.5,34331.2,41128.4,50666.7
663,13.0118,32514.5,34823.6,41484.3,50014.9
664,13.0304,32514.5,33577.6,41421.9,52400.6
665,13.049,32514.5,34469,41496.8,53861.4
666,13.0677,32514.5,33686.7,40824.1,51293.4
667,13.0862,32514.5,33421.2,41229,51808.7
668,13.1049,32514.5,33338.5,41448.2,50164.1
669,13.1236,32514.5,33191.9,41003.7,50209.1
670,13.1425,32514.5,34032.3,41354.9,50828.5
671,13.1614,32514.5,33812,41060.3,50977.4
672,13.1797,32514.5,34323.2,41562,51863.2
673,13.1988,32514.5,33747.7,41139.6,50454.7
674,13.2181,32514.5,33120.4,41228.5,53332.1
675,13.2377,32514.5,34266.9,41218.4,49430.2
676,13.2562,32514.5,33571.7,40522.9,52982.2
677,13.2756,32514.5,33095.8,40985.5,52303.7
678,13.2944,32514.5,33443.9,40954.2,52617.9
679,13.314,32514.5,33128.7,41667.7,53205
680,13.3335,32514.5,34489.4,40872.9,52805.4
681,13.3522,32514.5,32698.1,40864.7,50474.7
682,13.3713,32514.5,32538.9,40843.3,50626.2
683,13.39,32514.5,32850.8,40885.6,52294.9
684,13.409,32514.5,33487.1,41139.7,49675.5
685,13.4275,32514.5,33886,40907.4,51382.7
686,13.4467,32514.5,33280.6,40997,52485.9
687,13.4651,32514.5,33020.2,40725.2,52298.6
688,13.4835,32514.5,33059.9,40822.6,50215.8
689,13.502,32514.5,33268.1,40717.7,50525.9
690,13.5204,32514.5,33832,40626.2,48998.9
691,13.5387,32514.5,33302.9,40576,53747.5
692,13.5571,32514.5,33351.2,40858.5,52974.6
693,13.5755,32514.5,33256.6,40509.2,48961.7
694,13.5938,32356,32356,40961.5,54374.5
695,13.6123,32356,33371.7,40896.2,50204.1
696,13.6307,32356,33640.3,40653.3,51275.6
697,13.6492,32356,33904.9,40940.1,52374.7
698,13.6677,32356,33519.8,40927.7,50887.7
699,13.6861,32356,33090.1,40463.4,54020.5
700,13.7048,32356,33902.5,40380.9,49857.2
701,13.7231,32356,33277.5,40596.4,51257.3
702,13.7415,32356,33657.8,40664.7,51233.4
703,13.759,32356,34414,40449.9,50115.7
704,13.7774,32356,34258.1,40412,51573.8
705,13.7959,32356,32859.7,40444.5,54656.9
706,13.814,32356,33974.9,40102.8,50961.1
707,13.8324,32356,33542.5,40423.4,50267.5
708,13.8508,32356,32446.3,40892.9,51193.9
709,13.869,32356,32489.3,40500.1,49831
710,13.8874,32356,34047.2,40558.3,49472.4
711,13.9056,32356,33057,40309.2,49293.4
712,13.9239,32356,34145.1,40626.2,51699.3
713,13.9423,32356,33878.5,40237.8,49711.4
714,13.9607,32356,34327,40891.2,51391.7
715,13.9791,32356,33329.8,40267.8,49927.7
716,13.9973,32356,32871.9,40073.7,49016.7
717,14.0154,32248.4,32248.4,40304.5,50906.4
718,14.0337,32248.4,33093.6,40321.9,52091.9
719,14.0521,32248.4,34160.8,40251,49211.1
720,14.0703,32248.4,32558.3,40312.4,51333.5
721,14.0883,32248.4,33148.8,39774.3,51506.1
722,14.1064,32248.4,32851,40123.9,50421.2
723,14.1246,32248.4,33037.8,40387.1,52578.4
724,14.1428,32248.4,33186.4,40095.6,51145.4
725,14.161,32248.4,33268.2,40327.9,49250.4
726,14.1793,32248.4,33114.6,40051.1,48710.4
727,14.1972,32248.4,33819,40158.1,49513
728,14.2156,32248.4,33954.6,40899,51369.6
729,14.2338,32248.4,33683.4,40484.6,57846.1
730,14.2519,32248.4,32874.5,40114.3,48215.9
731,14.2702,32248.4,32266.6,40355.2,52528.7
732,14.2885,32248.4,33754.1,40124.5,49946.9
733,14.3067,32248.4,32452.7,40089.3,53422.1
734,14.325,32248.4,33404,40154.1,50677.9
735,14.3432,32248.4,32669.5,40492.3,51402.2
736,14.3609,32248.4,32484,39958.4,47164.2
737,14.379,32248.4,32296.5,39990,52645.1
738,14.3977,32248.4,33065.3,40404.2,50782.6
739,14.4157,32248.4,32355.3,39607.2,49930.1
740,14.4342,32248.4,33430.1,39766.5,48762.7
741,14.4527,32248.4,34291.6,39944.6,50310.7
742,14.4711,32248.4,32948.7,40273.7,51923.7
743,14.4897,32248.4,33259.3,40400.9,51848.3
744,14.508,32248.4,32964.8,39913.7,51590.1
745,14.5261,32248.4,33490.4,39777.4,49604.9
746,14.5442,32248.4,32857.8,39697.7,48326.7
747,14.5626,32248.4,32888.5,39523.1,48053.2
748,14.5813,32248.4,32275.3,39574.1,47807.8
749,14.6003,32248.4,32267.5,39422.9,52366.5
750,14.6188,32248.4,33634.1,39728.5,48948.9
751,14.6372,32248.4,33339.2,39870.8,49509.2
752,14.6555,32248.4,32672.2,39754,49373.1
753,14.674,32248.4,33308.5,39604.9,52051.5
754,14.6927,32248.4,32791.4,39681.5,50086.6
755,14.7109,32248.4,33163.7,39037.3,50405.5
756,14.7293,32061,32061,39575,51029.6
757,14.7479,32061,32296.5,39359.8,54608.1
758,14.7668,32061,32944,39466.9,47676.5
759,14.7853,32061,32290.1,39577.8,50013.6
760,14.8036,32061,33288,39636.6,47594.6
761,14.8217,32061,32176.2,39434.3,50344.5
762,14.8399,32061,32800.3,39233.3,48445.2
763,14.8583,32061,32767.3,39276,51076
764,14.8763,32061,33357,39231.4,48172.5
765,14.8945,32061,32982.3,39813.6,50742.1
766,14.9126,31979.4,31979.4,39489.2,49885.7
767,14.9307,31979.4,33297.4,39150,49707.3
768,14.949,31979.4,32219.6,39390.6,55351.5
769,14.967,31979.4,32830.5,39398.9,47738.2
770,14.9851,31979.4,33129,39262.4,48993.4
771,15.0034,31979.4,33051.6,39376.4,53594.2
772,15.0218,31979.4,32401.1,39066.8,48682.1
773,15.0397,31979.4,32823.5,38912.9,50666.5
774,15.0576,31979.4,32714.8,38993.7,48343.5
775,15.0756,31979.4,32374.8,39059.7,49595.5
776,15.0937,31979.4,33092.7,38801.5,48211.2
777,15.1117,31979.4,33057.6,39210.3,50489.5
778,15.1297,31979.4,32942.6,39267.6,48152.9
779,15.1478,31979.4,33203.6,39237.7,49774.5
780,15.1661,31979.4,33411.6,38770.4,48334.7
781,15.1842,31979.4,33320.8,39071.5,52618.9
782,15.202,31979.4,32042.5,38768,50080.4
783,15.22,31979.4,32651.3,38960.6,48605.5
784,15.2379,31979.4,33091.6,39006.3,48790.3
785,15.2559,31979.4,32171.4,39241.2,53402.1
786,15.2738,31979.4,32418.3,39242.7,49038.4
787,15.292,31979.4,32669.7,39273.7,48050.5
788,15.3101,31979.4,32921.5,39044,50057
789,15.328,31979.4,32329.4,38748.7,50991.4
790,15.3458,31979.4,32302.4,38575.5,46752.6
791,15.3637,31979.4,33099.4,39089.3,49826.1
792,15.3817,31979.4,32863,39108.9,49706.7
793,15.3995,31979.4,33288,38826,50359.9
794,15.4174,31979.4,32607.6,38939.5,48518.3
795,15.4349,31979.4,32275.3,38379.8,48668.9
796,15.4529,31979.4,32848.9,38906,51700.9
797,15.4712,31979.4,33180.8,39030.5,49974.1
798,15.4891,31979.4,32860.3,39188.5,50923.9
799,15.5069,31979.4,32152.3,39124.9,49775.5
800,15.5253,31809,31809,39139.5,49297.8
801,15.5436,31809,32132.7,39232,49278.4
802,15.5614,31809,32753.7,39015.5,50595.9
803,15.5796,31809,32772.5,39087.8,52329.6
804,15.5973,31809,31830,38799.2,49338.4
805,15.6152,31809,32474,39034.2,48662.1
806,15.6332,31809,32041.6,38832,47722.4
807,15.6509,31809,32034.2,38493.3,47986.6
808,15.6689,31809,32436.9,39164.5,47461.5
809,15.6874,31809,32246.3,38550.8,49624.9
810,15.7053,31809,32079.7,38828.5,51478.1
811,15.7229,31809,32287.6,38987.1,49120.2
812,15.7408,31809,32004,38870.3,48367.2
813,15.7586,31809,32061.5,38561.2,49466.7
814,15.7763,31809,32133.3,38600.5,49732.7
815,15.7942,31809,31990.3,38507,50543.9
816,15.8119,31809,32119.8,38554.2,49954.5
817,15.8297,31570.2,31570.2,38555.2,47694.2
818,15.8475,31570.2,32158.7,38493.9,52222.9
819,15.8648,31570.2,32175.1,38022.5,52058
820,15.8828,31570.2,32523.6,38752.4,48886.9
821,15.9009,31570.2,32050.7,38570.6,48187.2
822,15.9185,31570.2,31611,38240.7,49413
823,15.9363,31570.2,32350.7,38562.3,48308.6
824,15.9539,31570.2,32202.2,38750.2,49741.6
825,15.9716,31570.2,32070.4,38653.3,49010.7
826,15.9891,31570.2,32047.2,38282.5,47563.4
827,16.0067,31570.2,32111.8,38030.5,51814.9
828,16.0242,31570.2,32248.9,38367.3,51109
829,16.0417,31570.2,32167.3,38200.1,50147.6
830,16.0594,31570.2,32599.2,38512.3,51116.1
831,16.0769,31484.4,31484.4,38146.6,47049.3
832,16.0946,31484.4,31974.2,38310.5,47479.5
833,16.1119,31484.4,31974.9,37845.8,47351.1
834,16.1291,31484.4,31812.9,37668.1,47828.4
835,16.1461,31484.4,31526.2,37898.3,48211.9
836,16.163,31484.4,32757,37692.6,50091.5
837,16.1802,31484.4,32098.2,38095.6,47744.4
838,16.1977,31484.4,32001.4,38186.1,51905.9
839,16.2149,31484.4,32051.2,38407.2,52484.2
840,16.2317,31484.4,32115.7,38017.4,50774.7
841,16.2491,31484.4,31714.7,37937.7,52237.2
842,16.2661,31484.4,31859.2,37754.4,47812.2
843,16.2833,31484.4,31771.5,37589.2,46634.7
844,16.3006,31484.4,32378.3,37935.4,52004.4
845,16.3181,31484.4,32154.2,38397.2,47090.5
846,16.3351,31484.4,31526.2,37675.9,51062
847,16.3521,31484.4,32194,37594.3,49225
848,16.3696,31484.4,31722.8,37870.4,50405.3
849,16.3866,31484.4,31825.4,37448,49492.9
850,16.4033,31484.4,31484.4,37651.2,46557.5
851,16.4206,31484.4,31819.5,37834.7,50179.5
852,16.4378,31484.4,31688,37860.1,49187.8
853,16.4546,31365,31365,37412.4,48520.9
854,16.472,31365,31704.4,37976.8,46670
855,16.4894,31365,31526.8,37796.1,48448
856,16.5062,31365,31450,37660,45763.1
857,16.5229,31365,31680.9,37546,49680.1
858,16.541,31365,31812,37911.7,47373
859,16.5584,31365,31732.9,37454,47199.8
860,16.5759,31365,31819.5,37274.9,46704.9
861,16.5937,31365,31746.2,37996.4,50137.7
862,16.6105,31365,31654.3,37349.5,46428.4
863,16.6276,31365,31443.7,37918.9,48164.1
864,16.6447,31365,31450,37762.2,46610.8
865,16.6616,31365,31774.5,37658.6,52098.4
866,16.679,31365,31561.4,37626.6,46291.7
867,16.696,31365,31450.1,37485.4,47461.2
868,16.7132,31365,31450,37555.9,49191
869,16.7303,31365,31494.9,37681.6,49421.5
870,16.7472,31365,31687.2,37630.8,51875.5
871,16.7642,31365,31450,37550.4,46280.3
872,16.7814,31230.4,31230.4,37598.1,46604.7
873,16.7981,31230.4,31489.7,37106.7,48617.6
874,16.8157,31230.4,31688.3,37503.6,48049.7
875,16.8329,31230.4,31484.4,37561,48310.6
876,16.85,31230.4,31380.9,37798.8,47101.4
877,16.867,31230.4,31604.7,37737.3,46941.4
878,16.884,31230.4,31682.1,37187,48810.3
879,16.9007,31230.4,31450,37613,49836.9
880,16.9178,31230.4,31484.4,37355.9,54130
881,16.9348,31230.4,31565.9,37149.3,46145.3
882,16.9515,31121,31121,37317.2,47210.8
883,16.9681,31121,31604.3,36840.9,47145.8
884,16.9852,31121,31484.4,37171.4,48499
885,17.0021,31121,31348.4,37303.8,47996
886,17.0186,31121,31526.2,37067.5,48797.7
887,17.0356,31121,31206.5,37335.7,47203
888,17.0522,31121,31531.4,37259.5,46657.4
889,17.0697,31121,31418.3,36963.9,49568.3
890,17.0862,31121,31526.2,36762.1,46752.7
891,17.1034,31086.6,31086.6,37359.7,48441.6
892,17.1199,31086.6,31240.9,36803.1,47297.9
893,17.1365,31086.6,31484.4,36982.9,47538.3
894,17.153,31086.6,31485.2,37299.8,48760.7
895,17.1697,31086.6,31086.6,36765.5,48523.3
896,17.1865,31086.6,31206.8,36777.7,45156.9
897,17.2032,31086.6,31481.3,37017.7,45507.1
898,17.2199,31086.6,31111.9,36506.6,44751.2
899,17.2364,31086.6,31390.3,37031.3,49183.2
900,17.2529,31044.8,31044.8,36841.1,44581.9
901,17.2696,31010.3,31010.3,36835.6,48511.1
902,17.286,31010.3,31306.6,36531.1,50543.4
903,17.3028,30981.4,30981.4,36796.3,52709.8
904,17.319,30965.8,30965.8,36652.9,46434.1
905,17.3354,30965.8,31178.1,36789.8,44942.9
906,17.3519,30965.8,31086.6,36815.7,46682.9
907,17.3684,30965.8,31044.8,36641.4,48276.4
908,17.3849,30965.8,31010.3,36787.9,46988.1
909,17.4015,30965.8,31121,36948,47317
910,17.418,30965.8,31010.3,36615.1,44550.9
911,17.4342,30965.8,31121,36382.5,47296
912,17.4509,30965.8,31086.6,37030,48584
913,17.4673,30965.8,31248.4,36671.7,53204.6
914,17.4835,30965.8,31121,36866.3,46423.7
915,17.4999,30871.6,30871.6,36822.8,48613.6
916,17.5159,30871.6,31010.3,36327.2,50405.7
917,17.5325,30871.6,31044.8,36927.7,51355.7
918,17.5487,30860.4,30860.4,36428.1,44315
919,17.5653,30860.4,31010.3,36908.9,47589.7
920,17.5816,30860.4,30936.7,36203.4,45411.2
921,17.598,30860.4,31024.2,36439.7,48612.6
922,17.6145,30860.4,31010.3,36306.5,47072.9
923,17.6311,30860.4,30860.4,36698.5,50492.1
924,17.6472,30860.4,30936.7,36395.7,46080.3
925,17.6632,30860.4,31010.3,36222.6,49864.1
926,17.6791,30860.4,31010.3,36493.4,47906
927,17.6952,30860.4,30860.4,36202.3,45058.6
928,17.7116,30860.4,30860.4,36226.6,47514.9
929,17.7276,30860.4,30936.7,35993.1,45684.4
930,17.7437,30826,30826,35843.2,44645.1
931,17.7594,30826,30936.7,35452.5,44751.9
932,17.7752,30826,30860.4,35656.2,44713.2
933,17.7911,30826,30860.4,35771.1,45183.3
934,17.8067,30826,30860.4,35773.9,48172.8
935,17.8227,30826,30826,35929.3,46717.4
936,17.8386,30826,30826,35619.6,44370.4
937,17.8544,30826,30826,35537.5,47190.2
938,17.8698,30826,30936.7,35495.1,48124.6
939,17.8855,30826,30902.2,35698.2,46516.9
940,17.9016,30826,30860.4,35919.2,48703.9
941,17.9171,30826,30826,35456.6,46652.5
942,17.9328,30826,30826,35574.8,47013.1
943,17.9488,30826,30826,35559.7,45975.6
944,17.9645,30826,30826,35205.9,44136.6
945,17.9802,30826,30860.4,35988.7,47530.7
946,17.9961,30826,30826,35259.3,45768.1
947,18.0119,30826,30826,35221.6,56017.2
948,18.0276,30826,30860.4,35461.3,46089.1
949,18.0432,30826,30826,35256.7,47051.7
950,18.0589,30826,30826,35232.1,46090.7
951,18.0745,30826,30826,35092.7,46816.6
952,18.0903,30826,30826,35344.5,44627.3
953,18.1062,30826,30826,35250,46919.7
954,18.1218,30826,30826,35476.7,51202.7
955,18.1376,30826,30826,35326.2,49082
956,18.1531,30826,30826,34933.5,45427.8
957,18.1686,30826,30826,35139.1,47330.6
958,18.1839,30826,30826,34976,44201.1
959,18.1992,30826,30826,34543.3,45196.6
960,18.2148,30826,30826,35171.3,46035.5
961,18.2301,30826,30826,34986.3,47199.7
962,18.2457,30826,30826,34864.2,47345.3
963,18.2611,30826,30826,34859.7,44719.7
964,18.2767,30826,30826,34842.9,47825.8
965,18.2921,30826,30826,34783.6,44102.9
966,18.3074,30826,30826,34761.2,45178.4
967,18.3226,30826,30826,35049.4,48482.6
968,18.3378,30826,30826,34506.9,46130.3
969,18.3532,30826,30826,34584.6,47753
970,18.3682,30826,30826,34554.9,51098.4
971,18.3829,30826,30826,34253.1,46294.8
972,18.3978,30826,30826,34647.1,46294.1
973,18.4127,30826,30826,34520.6,43542.4
974,18.4278,30826,30826,34089.6,44132.5
975,18.4432,30826,30826,34865.4,47694.6
976,18.4581,30826,30826,34247.4,47501.5
977,18.4729,30826,30826,34227.4,42179.6
978,18.4881,30826,30826,34570.5,44038.8
979,18.5031,30826,30826,34459.4,46570.1
980,18.5177,30826,30826,33770,45462.7
981,18.5329,30826,30826,34704.8,44467.4
982,18.5474,30826,30826,33929.2,43148.3
983,18.5621,30812.6,30812.6,33974.6,47886.2
984,18.5769,30778.1,30778.1,34209,46010
985,18.5917,30778.1,30778.1,34331.5,44527.3
986,18.6066,30778.1,30826,34209.5,44519.4
987,18.6216,30778.1,30778.1,34417.6,46383
988,18.6364,30778.1,30778.1,34453.9,47919
989,18.6511,30778.1,30778.1,33969.2,45798.2
990,18.6656,30778.1,30778.1,33962,45699.8
991,18.6802,30778.1,30778.1,33992,43057.9
992,18.6946,30778.1,30778.1,34017.9,45778.8
993,18.7091,30778.1,30778.1,34176.4,44042.7
994,18.7237,30778.1,30778.1,33846.3,45826.5
995,18.7381,30778.1,30778.1,33820.5,46515.7
996,18.7525,30778.1,30778.1,33860.2,46847.2
997,18.7669,30778.1,30778.1,34005.5,43768.8
998,18.7813,30778.1,30778.1,34198.2,47090.5
999,18.7956,30778.1,30778.1,33772.2,44694.9
1000,18.8104,30778.1,30778.1,33977.7,43401.1
1001,18.825,30778.1,30778.1,33866.4,47554.5
1002,18.8393,30778.1,30778.1,33927.8,44655.9
1003,18.8534,30778.1,30778.1,33355.3,46576.2
1004,18.8681,30778.1,30778.1,33912.3,44643.2
1005,18.8826,30778.1,30778.1,33886.8,43327.9
1006,18.8969,30778.1,30778.1,33781,42279.1
1007,18.9112,30778.1,30778.1,33826.9,43160.3
1008,18.9254,30778.1,30778.1,34001.4,47190.5
1009,18.9394,30778.1,30778.1,33597.4,45923.9
1010,18.9535,30778.1,30778.1,33506.2,46217.1
1011,18.9676,30778.1,30778.1,33475.4,43752
1012,18.9814,30778.1,30778.1,33526.7,45205.8
1013,18.9957,30778.1,30778.1,33760.5,43872.9
1014,19.01,30456.9,30456.9,33578.4,43734.7
1015,19.0244,30456.9,30778.1,33799.3,43364.8
1016,19.0393,30456.9,30456.9,34209.1,45941
1017,19.0544,30456.9,30504.8,34500.6,46015.4
1018,19.0692,30456.9,30456.9,34143,41300
1019,19.0836,30456.9,30456.9,33947.3,43030.2
1020,19.0986,30456.9,30456.9,34306.5,42988.7
1021,19.1133,30456.9,30456.9,34347.7,48566
1022,19.128,30456.9,30456.9,33949.1,44533
1023,19.1421,30456.9,30456.9,33539.9,45299.4
1024,19.1565,30456.9,30456.9,33921,43650.2
1025,19.1708,30456.9,30456.9,33955.9,46259.9
1026,19.1854,30456.9,30456.9,34264.8,44990.4
1027,19.2005,30456.9,30456.9,34424.2,44301.7
1028,19.2151,30456.9,30456.9,34177.4,47640.4
1029,19.2297,30456.9,30456.9,34136.4,44288.7
1030,19.2439,30456.9,30456.9,34143.4,44569.7
1031,19.2587,30456.9,30456.9,34636.9,45572
1032,19.2735,30456.9,30456.9,34660.8,45068.1
1033,19.2882,30456.9,30456.9,34282.2,45813.2
1034,19.3028,30456.9,30456.9,34149.8,44307.8
1035,19.3173,30456.9,30456.9,34345.2,45531.4
1036,19.3322,30456.9,30456.9,34514.8,45044.1
1037,19.3466,30456.9,30456.9,34480.7,43005
1038,19.3611,30456.9,30456.9,34401.7,48202.8
1039,19.3754,30456.9,30456.9,33629.7,41818.9
1040,19.3901,30456.9,30456.9,33946.1,43556
1041,19.405,30456.9,30456.9,34045.6,44233.9
1042,19.4198,30456.9,30456.9,34774.8,44066.4
1043,19.4343,30456.9,30456.9,34380,45905.4
1044,19.4487,30456.9,30456.9,34197.9,45615.7
1045,19.4633,30456.9,30456.9,34198.1,42377.5
1046,19.478,30456.9,30456.9,34349.6,46026.9
1047,19.4925,30456.9,30456.9,34122.4,44712.6
1048,19.5068,30456.9,30456.9,34384,46013
1049,19.5215,30456.9,30456.9,34106,45940.5
1050,19.5361,30456.9,30456.9,34331.1,43899.4
1051,19.5506,30456.9,30456.9,34448.5,45235.3
1052,19.5648,30456.9,30456.9,34229.7,48231
1053,19.5791,30456.9,30456.9,34266.7,46726.3
1054,19.5933,30456.9,30456.9,34210.2,42701.3
1055,19.608,30456.9,30456.9,34019,42038.4
1056,19.6225,30456.9,30456.9,34192,45515.2
1057,19.6367,30456.9,30456.9,33807.2,43681.7
1058,19.6511,30456.9,30456.9,34428,48527.2
1059,19.6655,30456.9,30456.9,34251.4,43203.3
1060,19.68,30456.9,30456.9,34205.5,46684.2
1061,19.6946,30456.9,30456.9,34613.4,46201.5
1062,19.709,30456.9,30456.9,34124.4,46265.4
1063,19.7229,30456.9,30456.9,34088.1,46651.1
1064,19.7373,30456.9,30456.9,33923,46563.5
1065,19.7518,30456.9,30456.9,34253.7,44793.4
1066,19.766,30456.9,30456.9,34274.2,45508.7
1067,19.7803,30456.9,30456.9,34228.4,42707.2
1068,19.7945,30456.9,30456.9,34349.7,42634.1
1069,19.8087,30456.9,30456.9,34021.5,45470.3
1070,19.8231,30456.9,30456.9,34294.1,44792.9
1071,19.8372,30456.9,30456.9,33840.2,45871.4
1072,19.8517,30456.9,30456.9,34482.3,44497.5
1073,19.8662,30456.9,30456.9,34470.7,43935.7
1074,19.8803,30456.9,30456.9,34016.4,43423.2
1075,19.8947,30456.9,30456.9,34382.4,45620.8
1076,19.9088,30456.9,30456.9,34040,45662.9
1077,19.9233,30456.9,30456.9,34059.3,45266.2
1078,19.9378,30456.9,30456.9,34594.5,43393.5
1079,19.9522,30456.9,30456.9,34716.2,49277.6
1080,19.9663,30456.9,30456.9,33430.3,41877.7
1081,19.9806,30456.9,30456.9,34030.4,45082.6
1082,19.9953,30456.9,30456.9,34211.7,44775.8
1083,20.0092,30456.9,30456.9,34073.9,43019.8
1084,20.0234,30456.9,30456.9,34501.9,44448.6
1085,20.0374,30456.9,30456.9,34240.3,45526
1086,20.0513,30456.9,30456.9,33805.8,42190.9
1087,20.0655,30456.9,30456.9,34050.2,45906.8
1088,20.0797,30456.9,30456.9,34281.7,45648.7
1089,20.0941,30456.9,30456.9,34559.3,46782.6
1090,20.1082,30456.9,30456.9,34026.8,44403.8
1091,20.1224,30456.9,30456.9,34465.4,47442.1
1092,20.1369,30456.9,30456.9,34371.8,45397.5
1093,20.151,30456.9,30456.9,34122.5,44874.2
1094,20.1651,30456.9,30456.9,34657.7,46622.9
1095,20.1797,30456.9,30456.9,33935.6,43678.6
1096,20.1939,30456.9,30456.9,34403.4,47201.8
1097,20.2082,30456.9,30456.9,34211.4,43284.6
1098,20.2228,30456.9,30456.9,34621.8,47509.9
1099,20.2369,30456.9,30456.9,33887.2,45354.6
1100,20.2515,30456.9,30456.9,34279.9,46429.1
1101,20.2659,30456.9,30456.9,34236.2,46529.5
1102,20.2802,30456.9,30456.9,34065.1,47625.4
1103,20.2947,30456.9,30456.9,34482.4,45822.5
1104,20.3091,30456.9,30456.9,34346.2,46614.1
1105,20.3236,30439,30439,34505.5,46777.2
1106,20.3384,30439,30456.9,34266,44226.8
1107,20.3527,30439,30456.9,34557.5,48727
1108,20.367,30439,30456.9,34455.7,42661.4
1109,20.3812,30439,30456.9,34260.8,45683
1110,20.3958,30439,30439,34431.8,44329.9
1111,20.4102,30439,30439,34358.1,49614.2
1112,20.4248,30439,30439,34370.7,43485.5
1113,20.4391,30439,30439,34219.2,44325.9
1114,20.4529,30439,30439,33940.6,42987.7
1115,20.4673,30439,30439,34419.5,46889.1
1116,20.4815,30439,30439,34076.1,44519.2
1117,20.4957,30439,30439,33943.1,42448.4
1118,20.5096,30439,30439,33683.3,44051.6
1119,20.5237,30439,30439,34335.8,45781
1120,20.5378,30439,30439,33820.3,49620.4
1121,20.5517,30439,30439,33621.9,44223.5
1122,20.565,30439,30439,33158,46265.1
1123,20.5785,30439,30439,32973.7,44690.9
1124,20.5923,30439,30439,33476.9,46487.6
1125,20.6063,30439,30439,33214.6,44359.7
1126,20.62,30403.3,30403.3,33416.4,41612.7
1127,20.6335,30403.3,30439,33168.2,43547.9
1128,20.6469,30403.3,30439,32952.5,46748.5
1129,20.6603,30403.3,30439,32992.3,44200.9
1130,20.6736,30403.3,30439,33007.9,42890.5
1131,20.6873,30403.3,30439,33025.1,42270.4
1132,20.7009,30403.3,30439,33212.3,43031.4
1133,20.7147,30403.3,30439,32811,42120.7
1134,20.728,30403.3,30439,32767.2,43311.7
1135,20.7415,30403.3,30439,32953.5,41880.4
1136,20.755,30403.3,30439,33251.1,45879.8
1137,20.7687,30403.3,30439,33085.9,42570.6
1138,20.7828,30403.3,30439,33388.9,46898
1139,20.7964,30403.3,30439,33312,45210.7
1140,20.8101,30403.3,30439,33087.8,44580.1
1141,20.8238,30403.3,30439,33148.4,43445.3
1142,20.8376,30403.3,30439,33498.7,42058.3
1143,20.8514,30403.3,30439,33315.9,45883.5
1144,20.8649,30403.3,30439,32814.4,39993.6
1145,20.8787,30403.3,30415.9,32983.6,45157.5
1146,20.8921,30403.3,30415.9,32904.1,41790.9
1147,20.9059,30403.3,30439,33269.7,46468.1
1148,20.9201,30403.3,30415.9,33604.2,42543.6
1149,20.9342,30403.3,30415.9,33323.8,41367.2
1150,20.9481,30398,30398,33476.2,43375.9
1151,20.9625,30398,30398,33772.5,42226.7
1152,20.9768,30398,30415.9,33908.5,43727.4
1153,20.9907,30398,30415.9,33540.6,43566.5
1154,21.0046,30398,30398,33394.9,43978.4
1155,21.0188,30398,30398,33656.7,48039.9
1156,21.0329,30398,30398,33731.1,46570.7
1157,21.0475,30398,30398,34129.4,47575.7
1158,21.0616,30398,30398,33439.2,46263.9
1159,21.076,30398,30398,33593.8,43010.5
1160,21.0911,30398,30398,34699.9,46482.8
1161,21.1055,30398,30415.9,33989,47026.2
1162,21.1197,30398,30398,34307.9,43599.6
1163,21.1344,30398,30398,34328.4,45373.3
1164,21.1489,30398,30398,34107.7,45554.3
1165,21.1638,30398,30398,34781.7,47702.4
1166,21.1782,30398,30398,34541,45664.4
1167,21.1924,30398,30398,33924.6,42449.7
1168,21.2067,30398,30398,34249.2,44437.7
1169,21.2211,30398,30398,34413.2,48243.5
1170,21.2361,30398,30398,34421.6,46168.7
1171,21.251,30398,30398,34422.8,45906.6
1172,21.2662,30398,30398,34853.7,45312.9
1173,21.2811,30398,30398,34394.6,47478.2
1174,21.2956,30398,30398,34546.3,49385.9
1175,21.3108,30398,30398,34922.4,45858.7
1176,21.3253,30398,30398,34170.4,45737.5
1177,21.3401,30398,30398,34582.5,46182.3
1178,21.3551,30398,30415.9,34944.7,49802.6
1179,21.37,30398,30398,34649.7,44551.8
1180,21.385,30398,30398,35001.1,45633.1
1181,21.3999,30398,30398,34825.1,48839.2
1182,21.4149,30398,30398,34660.5,49019.9
1183,21.4298,30398,30398,34650.4,44749
1184,21.4453,30398,30398,35370.5,48403
1185,21.46,30398,30398,34615.8,47123.1
1186,21.4746,30398,30398,34981.4,49027.3
1187,21.49,30398,30398,35050,46503.8
1188,21.5054,30398,30398,35242.6,47830.4
1189,21.5207,30398,30398,35152.1,46951
1190,21.5356,30213.4,30213.4,34538.7,46212.3
1191,21.5513,30154.5,30154.5,35135.5,48615.5
1192,21.5666,30154.5,30288.3,35211,46162.1
1193,21.5823,30154.5,30288.3,35354.8,48669.4
1194,21.5974,30154.5,30195.5,35228.6,50136.7
1195,21.6122,30154.5,30439,34894.7,46007.3
1196,21.6271,30154.5,30195.5,34715.1,49708.8
1197,21.6421,30154.5,30195.5,34742.7,44872.6
1198,21.6566,30154.4,30154.4,34450,50827.3
1199,21.6711,30154.4,30195.5,34434.6,45486.8
1200,21.6859,30154.4,30213.4,34252.2,45876.1
1201,21.7005,30154.4,30195.5,34326.7,47396.8
1202,21.7151,30154.4,30172.4,34254.3,45400.6
1203,21.7302,30154.4,30213.4,34853.7,44924.5
1204,21.7452,30154.4,30195.5,34830,45972.1
1205,21.7596,30154.4,30195.5,33974.2,46334.3
1206,21.7742,30154.4,30195.5,34343.7,44876.4
1207,21.7886,30154.4,30154.5,34103,43998.4
1208,21.8029,30154.4,30172.4,34048.2,43591
1209,21.8177,30154.4,30154.4,34695.9,45595.3
1210,21.8324,30154.4,30154.5,34529.1,43786.9
1211,21.8473,30154.4,30195.5,34442.7,45292.1
1212,21.8621,30154.4,30195.5,33948.9,44364.1
1213,21.8767,30154.4,30195.5,34120.3,43107
1214,21.8911,30154.4,30154.5,33804.3,44350.7
1215,21.9057,30154.4,30195.5,34493,45298.9
1216,21.9204,30154.4,30195.5,34366.2,46968.1
1217,21.9356,30154.4,30154.5,34428.7,45093.2
1218,21.9506,30154.4,30195.5,34480.3,45652.9
1219,21.9648,30154.4,30195.5,34281.6,46790.1
1220,21.9803,30154.4,30154.4,34400.5,45316.6
1221,21.9948,30154.4,30195.5,34764.3,48767.5
1222,22.0094,30154.4,30195.5,34294.2,44957.4
1223,22.0239,30154.4,30195.5,34154.1,44616.8
1224,22.0385,30154.4,30195.5,34156,42440.1
1225,22.0531,30154.4,30195.5,34286.2,44846.3
1226,22.0672,30154.4,30154.4,33699.6,45984.9
1227,22.0814,30154.4,30195.5,34024.5,44763.9
1228,22.0954,30154.4,30154.5,33791.1,48038.1
1229,22.1096,30154.4,30154.5,33802.7,44474.2
1230,22.1243,30154.4,30154.5,34034.7,45756
1231,22.1382,30154.4,30154.5,33451.5,46713
1232,22.1524,30154.4,30154.5,33819.5,47305.7
1233,22.1665,30154.4,30195.5,33880.4,42599.2
1234,22.1808,30154.4,30172.4,33906.4,44928.7
1235,22.1951,30154.4,30195.5,33841.4,45979.8
1236,22.2091,30154.4,30195.5,33565.4,44348.2
1237,22.2236,30154.4,30195.5,34090.1,47369.3
1238,22.2383,30154.4,30154.4,33925.4,44763.5
1239,22.2525,30154.4,30154.5,33963,44939.6
1240,22.2668,30154.4,30154.4,33707.2,44213.5
1241,22.2816,30154.4,30154.4,34021.6,51998.3
1242,22.2961,30143.4,30143.4,34160.2,45223.8
1243,22.3105,30143.4,30195.5,34200.7,52564.8
1244,22.3247,30143.4,30154.5,33878.6,45857.7
1245,22.3392,30143.4,30195.5,33831.3,42584.7
1246,22.3534,30143.4,30195.5,33677.1,42343.4
1247,22.3674,30143.4,30154.4,33957,43040.6
1248,22.3825,30143.4,30195.5,34381,47319
1249,22.3982,30143.4,30195.5,34330.4,47649.3
1250,22.4128,30143.4,30195.5,34180.2,49852
1251,22.4281,30143.4,30195.5,33923.6,46662.1
1252,22.4424,30143.4,30195.5,33923.6,46846.6
1253,22.4568,30143.4,30195.5,34597.1,46154.6
1254,22.4715,30143.4,30195.5,34481.4,46927.9
1255,22.4855,30050.5,30050.5,33697.8,49661.2
1256,22.5002,30050.5,30195.5,34137.7,42550.1
1257,22.5148,30050.5,30195.5,34444.7,45915.4
1258,22.5292,30050.5,30154.4,33957.4,45562.1
1259,22.5439,30050.5,30154.4,34278.8,50531.2
1260,22.5583,30050.5,30182.1,34061.4,43031.9
1261,22.5724,30050.5,30154.5,33431.5,44852.3
1262,22.5867,30050.5,30195.5,33886.8,46920.9
1263,22.6009,30050.5,30154.4,33799.9,45626.8
1264,22.6156,30050.5,30154.4,34174.8,45425.4
1265,22.6299,30050.5,30172.4,33832.5,45783.7
1266,22.6442,30050.5,30154.5,34101.6,46577.9
1267,22.6587,30050.5,30154.4,33903.7,46137.3
1268,22.673,30050.5,30154.4,33950.9,45100.1
1269,22.6873,30050.5,30154.4,33717.9,44231.5
1270,22.7019,30050.5,30154.4,34142.8,45137.7
1271,22.7161,30050.5,30154.4,33999.4,48120.9
1272,22.7305,30050.5,30195.5,33860.3,44589.6
1273,22.7445,30050.5,30195.5,33892,43592
1274,22.7585,30050.5,30182.1,33654.9,44817.5
1275,22.7727,30050.5,30154.5,33761.9,44419.4
1276,22.7869,30050.5,30154.5,33545,45919.4
1277,22.8012,30050.5,30154.4,33879.5,44554.5
1278,22.8153,30050.5,30154.4,33801.4,44712
1279,22.8298,30050.5,30154.5,34032.6,47957.2
1280,22.8439,30050.5,30195.5,33760.5,47955.9
1281,22.8581,30050.5,30154.5,33737.2,49382.1
1282,22.8722,30050.5,30195.5,33600.2,44580.2
1283,22.8861,30050.5,30154.5,33528.9,43103.5
1284,22.9006,30050.5,30172.4,34027.3,43516.8
1285,22.915,30050.5,30154.5,33979.1,43059.6
1286,22.9292,30050.5,30154.4,34242.9,47699.6
1287,22.9438,30050.5,30195.5,34393.7,54350.9
1288,22.9581,30050.5,30195.5,33575.2,44339.9
1289,22.9724,30050.5,30154.5,33688.5,45023
1290,22.9868,30050.5,30154.5,33948.7,47318.4
1291,23.0005,30050.5,30154.4,33272,44871.8
1292,23.0145,30050.5,30154.4,33645.1,45321
1293,23.0282,30050.5,30154.4,33130.1,44170.4
1294,23.0419,30050.5,30154.4,33320.1,47319.6
1295,23.0559,30050.5,30154.4,33281.8,47893.3
1296,23.0697,30050.5,30154.4,33133.7,46963.6
1297,23.0836,30050.5,30154.4,33289.5,44725.1
1298,23.0977,30050.5,30154.5,33420.6,44004.2
1299,23.1116,30050.5,30154.4,33288.1,41608.6
1300,23.1257,30050.5,30154.4,33265.1,42188.4
1301,23.1396,30050.5,30133.4,33327.8,42412.3
1302,23.154,30050.5,30154.5,33809.5,45802.2
1303,23.1679,30050.5,30154.5,33460.6,45457.2
1304,23.1821,30050.5,30154.4,33828,46262.8
1305,23.196,30050.5,30154.4,33605.3,46291.8
1306,23.2104,30050.5,30154.4,33615.3,43295.3
1307,23.2244,30050.5,30154.4,33676.9,43242.3
1308,23.2385,30050.5,30154.4,33778.6,45936.6
1309,23.2531,30050.5,30154.4,34038.8,47002.2
1310,23.2674,30050.5,30154.4,33645,44810.9
1311,23.2815,30050.5,30154.4,33784.8,45706.1
1312,23.2959,30050.5,30154.4,33917.1,47827.8
1313,23.3105,30050.5,30154.4,34044,46724.1
1314,23.3253,30050.5,30154.4,33991,43385.1
1315,23.3399,30050.5,30154.4,34102.1,46282.8
1316,23.3544,30050.5,30154.5,33893.1,48163.1
1317,23.3688,30050.5,30154.4,34057.1,45641.3
1318,23.3836,30050.5,30154.4,34168.5,45631.9
1319,23.398,30050.5,30154.4,34001.5,46045.8
1320,23.413,30050.5,30154.4,34616.9,44981.4
1321,23.4275,30050.5,30154.4,34119.8,44505.6
1322,23.4427,30050.5,30154.4,34614.1,47139.6
1323,23.4578,30050.5,30154.5,34485.7,47391.4
1324,23.4723,30050.5,30154.4,34053.9,45372.8
1325,23.4873,30050.5,30154.4,34145,44615.5
1326,23.5019,30050.5,30154.4,34349.9,45697.2
1327,23.5172,30050.5,30154.4,34565.8,48377
1328,23.5326,30050.5,30154.4,34449,44971.5
1329,23.5472,30050.5,30154.4,34622.4,46996.9
1330,23.562,30050.5,30154.4,34576.8,47936.2
1331,23.5768,30050.5,30154.5,34345.2,44832.1
1332,23.592,30050.5,30154.5,34752.7,49301.8
1333,23.6071,30050.5,30154.5,35055.3,47357.6
1334,23.6223,30050.5,30154.4,34774.7,47680.5
1335,23.6377,30050.5,30154.5,35015.2,47121.1
1336,23.6529,30050.5,30154.4,35213.5,45080.7
1337,23.6682,30050.5,30154.4,34870.7,47496.3
1338,23.6834,30050.5,30154.4,34968.9,46670.4
1339,23.6987,30050.5,30154.4,35160.7,45262.2
1340,23.7139,30050.5,30154.4,35066.1,46868.4
1341,23.729,30050.5,30154.4,34804.8,44601.2
1342,23.7449,30050.5,30154.5,35536,49278
1343,23.7609,30050.5,30154.5,35878.6,47017.8
1344,23.7768,30050.5,30154.4,35516.1,45300.3
1345,23.7926,30050.5,30154.4,35342.6,57743.9
1346,23.8085,30050.5,30154.4,35644.7,49238.7
1347,23.824,30050.5,30154.5,35673.4,49229.4
1348,23.8391,30050.5,30154.4,34329.4,53993.1
1349,23.8541,30050.5,30154.4,34114.3,47712
1350,23.8693,30050.5,30154.4,34306.5,44986.7
1351,23.8845,30050.5,30154.4,34626.2,46706.5
1352,23.8997,30050.5,30154.4,34318.4,45111
1353,23.9145,30050.5,30154.4,34258.8,48616.8
1354,23.9294,30050.5,30154.4,34225.4,43730.9
1355,23.9445,30050.5,30154.4,34664.8,45518.3
1356,23.9594,30050.5,30154.4,34439,46288.3
1357,23.9746,30050.5,30154.5,34600.7,45070
1358,23.9887,30050.5,30154.4,33633,44069.2
1359,24.0032,30050.5,30154.4,33746.9,49111.8
1360,24.0173,30050.5,30154.4,33079.5,44666.2
1361,24.0314,30050.5,30154.4,33371.2,44697.5
1362,24.0462,30050.5,30154.4,33893.7,47883.6
1363,24.0604,30050.5,30154.4,33472.6,42071.6
1364,24.0747,30050.5,30154.4,33613.8,46162.9
1365,24.089,30050.5,30154.4,33803.8,47461
1366,24.104,30050.5,30154.4,34477.3,48724.7
1367,24.1189,30050.5,30154.4,34023.9,44355.3
1368,24.1337,30050.5,30154.4,33773.3,47550.2
1369,24.1487,30050.5,30154.4,34293.1,45431.9
1370,24.1636,30050.5,30154.4,34244.4,48574.9
1371,24.1789,30050.5,30154.4,34715.8,46482.3
1372,24.1936,30050.5,30154.4,34187.6,45563
1373,24.2088,30050.5,30154.4,34608,48379.8
1374,24.2243,30050.5,30154.4,34994.9,46023.2
1375,24.2394,30050.5,30154.4,34917.2,49001.3
1376,24.2543,30050.5,30154.4,34414.5,49984.7
1377,24.2697,30050.5,30154.4,34704.6,45511.2
1378,24.2856,30050.5,30154.4,35137.5,47579.5
1379,24.3012,30050.5,30154.4,35530.7,47988.9
1380,24.3164,30050.5,30154.4,35141.7,46674.9
1381,24.3318,30050.5,30154.4,35081.7,46639.7
1382,24.3472,30050.5,30154.4,34727.5,45516.9
1383,24.3629,30050.5,30154.4,35196.3,48088.5
1384,24.3786,30050.5,30154.4,34814.6,45867.3
1385,24.3938,30050.5,30154.4,34955.7,48015.5
1386,24.4099,30050.5,30154.4,36129.4,49088.7
1387,24.4258,30050.5,30154.4,35695.4,48783.2
1388,24.4415,30050.5,30154.4,35809.4,49093.8
1389,24.4572,30050.5,30154.4,35335.6,51679.4
1390,24.4732,30050.5,30154.4,35793.8,48477.2
1391,24.4889,30050.5,30154.4,36184.7,47875.9
1392,24.5049,30050.5,30154.4,36018,52831.2
1393,24.5208,30050.5,30154.4,35594.1,51103.2
1394,24.537,30050.5,30154.4,36060,50107.4
1395,24.5532,30050.5,30154.4,36052.7,52484.7
1396,24.5691,30050.5,30154.4,35663,45376.2
1397,24.5856,30050.5,30154.4,36293.6,55009.5
1398,24.6023,30050.5,30154.4,36806.7,50008.1
1399,24.6184,30050.5,30154.5,36199.3,48688.5
1400,24.6336,30050.5,30154.4,34493.4,47266.4
1401,24.6486,30050.5,30154.4,34380,50556.6
1402,24.6637,30050.5,30154.4,34342.8,46753.9
1403,24.6796,30050.5,30154.4,34792.3,48997.9
1404,24.6962,30050.5,30154.4,34840.3,48138.2
1405,24.7112,30050.5,30100.9,34393.6,49267
1406,24.726,30050.5,30100.8,34685.5,50933.6
1407,24.7407,30050.5,30100.8,34053,44676.5
1408,24.755,30050.5,30100.8,33473.1,45094.3
1409,24.7694,30050.5,30100.8,34174,47857.1
1410,24.7837,30050.5,30100.8,33857.2,47495
1411,24.7976,30050.5,30100.8,33758.7,44245.1
1412,24.8123,30050.5,30100.8,33688.1,45175
1413,24.8272,30050.5,30100.8,34215.7,45292.2
1414,24.8415,30050.5,30100.8,33862.1,51744.2
1415,24.8562,30050.5,30100.8,33985.4,48138.1
1416,24.8703,30050.5,30100.8,33611.9,49128.4
1417,24.8849,30050.5,30100.8,33970.4,49411.7
1418,24.8993,29999.6,29999.6,34077.6,49568
1419,24.9137,29999.6,29999.6,33639.5,43363.1
1420,24.9286,29999.6,29999.6,34268,44685.8
1421,24.9434,29999.6,30100.8,34538.9,56793.2
1422,24.9581,29999.6,30100.8,34140,45808
1423,24.973,29999.6,30100.8,33897.8,48932.6
1424,24.988,29999.6,30100.8,34269.9,46617.2
1425,25.0028,29999.6,29999.6,34369.8,44542.4
1426,25.0174,29999.6,30100.8,34361.9,45989.2
1427,25.0321,29999.6,30100.8,34371.6,44511.4
1428,25.0468,29999.6,29999.6,33767.2,47355.8
1429,25.0618,29999.6,30100.8,34727,48236.8
1430,25.0766,29999.6,30100.8,34474.8,45862.8
1431,25.0918,29999.6,30100.8,34983.7,46843.3
1432,25.1069,29999.6,30100.8,34190,48525.7
1433,25.1223,29999.6,30100.8,34814.9,48547.6
1434,25.1376,29999.6,30100.8,34548.3,43925.7
1435,25.153,29999.6,30100.8,34758.3,53859.6
1436,25.1685,29999.6,29999.6,34911.3,51851
1437,25.1845,29999.6,30100.8,35423.3,45955.1
1438,25.1999,29999.6,29999.6,34614.9,52336.3
1439,25.2153,29999.6,30100.8,34913.8,46295.2
1440,25.2309,29999.6,30040.6,35087.5,47769.8
1441,25.2459,29999.6,29999.6,34486.7,47409.5
1442,25.2608,29999.6,29999.6,33922.7,47803.4
1443,25.2763,29999.6,29999.6,33864.9,45858.4
1444,25.2912,29999.6,29999.6,34084.2,48083.8
1445,25.3054,29999.6,29999.6,33130.7,45368.4
1446,25.3202,29999.6,29999.6,34001.4,44422.4
1447,25.3351,29999.6,29999.6,34153.2,46343.8
1448,25.3499,29999.6,29999.6,34419.9,49863.1
1449,25.3645,29999.6,29999.6,34572.9,50823
1450,25.3793,29999.6,29999.6,34524.7,47389.6
1451,25.394,29999.6,29999.6,34599.9,47752.8
1452,25.4095,29999.6,29999.6,35207.9,50909.9
1453,25.4248,29999.6,29999.6,35167.4,48324.9
1454,25.4397,29999.6,29999.6,34506.2,47681
1455,25.4547,29999.6,29999.6,34926,58753.2
1456,25.4704,29999.6,29999.6,35136.2,45912.7
1457,25.4854,29999.6,29999.6,34856.2,47456.6
1458,25.5006,29999.6,29999.6,35242.9,48239.1
1459,25.5161,29999.6,29999.6,35085.8,48916.4
1460,25.5317,29999.6,29999.6,35042.2,50752.3
1461,25.547,29999.6,29999.6,34970,47938.8
1462,25.5628,29999.6,29999.6,35322.5,51440.7
1463,25.5789,29999.6,29999.6,35860.7,46421.7
1464,25.5946,29999.6,29999.6,35102.2,49335.9
1465,25.6107,29999.6,29999.6,36155,48959.2
1466,25.6264,29999.6,29999.6,35349.9,46755.6
1467,25.6422,29999.6,29999.6,35482.1,46171.9
1468,25.6577,29999.6,29999.6,35170,47802.8
1469,25.6737,29999.6,29999.6,35931.6,49274.1
1470,25.6897,29999.6,29999.6,35608.9,47961.8
1471,25.7061,29999.6,29999.6,36082.5,45594.3
1472,25.7228,29999.6,29999.6,36230.7,51502.4
1473,25.7388,29999.6,29999.6,36138.3,53579.4
1474,25.7551,29999.6,29999.6,35983.1,50537.7
1475,25.7713,29999.6,29999.6,36401.8,48687
1476,25.7875,29999.6,29999.6,36180.3,48457.4
1477,25.8036,29999.6,29999.6,36432.7,51824.8
1478,25.82,29999.6,29999.6,36622.9,48245.7
1479,25.837,29999.6,29999.6,36783.9,51728.4
1480,25.8539,29999.6,29999.6,37011.2,51616.8
1481,25.8691,29999.6,29999.6,34581.3,46291.3
1482,25.8843,29999.6,29999.6,34936.8,47686.7
1483,25.8994,29999.6,29999.6,34510.3,48133.7
1484,25.9145,29999.6,29999.6,34505.8,46793.9
1485,25.9294,29999.6,29999.6,34359,47210.5
1486,25.945,29999.6,29999.6,35125.2,50707.4
1487,25.9606,29999.6,29999.6,34935.9,47434.2
1488,25.9758,29999.6,29999.6,35264.1,49032.6
1489,25.9909,29999.6,29999.6,35128.6,47955
1490,26.0062,29999.6,29999.6,35033.2,54586.1
1491,26.0219,29999.6,29999.6,35232.3,48962.9
1492,26.0378,29999.6,29999.6,35300.4,48891.9
1493,26.0534,29999.6,29999.6,35341,48618.8
1494,26.0693,29999.6,29999.6,35648.6,49585.7
1495,26.085,29999.6,29999.6,35430.1,45904.7
1496,26.1009,29999.6,29999.6,35550.3,48798.1
1497,26.1165,29999.6,29999.6,35706.9,48924.5
1498,26.1324,29999.6,29999.6,36066.2,52164.3
1499,26.1495,29999.6,29999.6,35891.4,49285.4
1500,26.1674,29999.6,29999.6,36674.4,52003.6
1501,26.1847,29986.2,29986.2,35985,48238.8
1502,26.2021,29986.2,29986.2,36726.1,51091.6
1503,26.2182,29986.2,29986.2,35693,50562.4
1504,26.2352,29986.2,29986.2,36524.7,57166.6
1505,26.2517,29986.2,29986.2,36447.3,55069.9
1506,26.2681,29986.2,29986.2,36853.1,51622.1
1507,26.2849,29986.2,29986.2,37012.8,49386.7
1508,26.3017,29986.2,29986.2,37029.5,53845.6
1509,26.3184,29986.2,29986.2,36892.3,48652.5
1510,26.3351,29986.2,29986.2,37365.7,53933.4
1511,26.3516,29986.2,29986.2,36216.1,50440.7
1512,26.3681,29986.2,29986.2,36619.4,53927.3
1513,26.3849,29986.2,29986.2,37371.8,52044.8
1514,26.4021,29986.2,29986.2,37374.8,49029
1515,26.4189,29986.2,29986.2,37208.2,48212.3
1516,26.4357,29986.2,29986.2,37911.8,51765.4
1517,26.4525,29986.2,29986.2,37648.1,57180.6
1518,26.4698,29986.2,29986.2,37586.2,47353
1519,26.4869,29986.2,29986.2,37572.6,51041.7
1520,26.5044,29986.2,29986.2,37989.4,51969.3
1521,26.5196,29986.2,29986.2,34694.8,49821
1522,26.535,29986.2,29986.2,35425.2,49698.2
1523,26.5503,29986.2,29986.2,34815.3,45721.9
1524,26.5655,29986.2,29986.2,35076.6,47621.7
1525,26.5807,29986.2,29986.2,34592.3,47288.3
1526,26.5967,29986.2,29986.2,35931.8,50083.1
1527,26.6122,29986.2,29986.2,35559.5,47533.1
1528,26.6283,29986.2,29986.2,35617.6,47747.1
1529,26.6444,29986.2,29986.2,35998.2,47672.4
1530,26.6601,29986.2,29986.2,35597.6,49124.9
1531,26.6762,29986.2,29986.2,35681.2,49707.6
1532,26.6918,29986.2,29986.2,35151.3,50417.1
1533,26.7078,29986.2,29986.2,35674,49229.5
1534,26.7236,29986.2,29986.2,35329.3,47622.6
1535,26.7394,29986.2,29986.2,35913.2,52575.3
1536,26.7559,29986.2,29986.2,35921.3,48731
1537,26.7723,29986.2,29986.2,36496.4,49279
1538,26.7882,29986.2,29986.2,36466.2,52024.2
1539,26.8048,29986.2,29986.2,36781.6,53828.5
1540,26.8212,29986.2,29986.2,36381.4,48929.7
1541,26.8375,29986.2,29986.2,36462.2,51752.8
1542,26.854,29986.2,29986.2,36490,47100.7
1543,26.8701,29986.2,29986.2,36334.6,52696.8
1544,26.8868,29986.2,29986.2,37186.7,49660.1
1545,26.9034,29986.2,29986.2,36835.3,49225
1546,26.9199,29986.2,29986.2,36873,53131.9
1547,26.9368,29986.2,29986.2,37613.5,50641.9
1548,26.9539,29986.2,29986.2,37128.8,47843.4
1549,26.9707,29986.2,29986.2,36907.7,53849.4
1550,26.988,29986.2,29986.2,37672.3,50798.2
1551,27.0049,29986.2,29986.2,37479.3,53304.7
1552,27.022,29986.2,29986.2,37787.4,52100.4
1553,27.0391,29986.2,29986.2,38389.2,53688.9
1554,27.0543,29986.2,29986.2,34988,44775.9
1555,27.0694,29986.2,29986.2,34890.1,47052
1556,27.0847,29986.2,29986.2,34711.8,49045
1557,27.1005,29986.2,29986.2,35219.9,48828.9
1558,27.1162,29986.2,29986.2,35323.3,49069.6
1559,27.1317,29986.2,29986.2,34975.8,51791.3
1560,27.1472,29986.2,29986.2,34911.6,47311.5
1561,27.1634,29986.2,29986.2,35885.3,51927.5
1562,27.1791,29986.2,29986.2,35458.8,46831.6
1563,27.1951,29986.2,29986.2,35796,46833.2
1564,27.211,29986.2,29986.2,35757.8,48712.5
1565,27.2269,29986.2,29986.2,35654,46623.6
1566,27.2428,29986.2,29986.2,35674.1,50922.7
1567,27.2586,29986.2,29986.2,35502.1,50361.4
1568,27.2741,29986.2,29986.2,35532,49555.2
1569,27.2908,29986.2,29986.2,36537.7,50685.2
1570,27.3065,29986.2,29986.2,35398.2,50003.6
1571,27.3231,29986.2,29986.2,36235.6,48080.4
1572,27.3398,29986.2,29986.2,36853.2,49552.7
1573,27.3566,29986.2,29986.2,36447.8,54716.9
1574,27.3728,29986.2,29986.2,35909.3,52027.4
1575,27.3891,29986.2,29986.2,36196.1,49875.6
1576,27.4061,29986.2,29986.2,36880.6,51557.9
1577,27.421,29986.2,29986.2,33870.4,45310.7
1578,27.4358,29986.2,29986.2,34304.4,49152.4
1579,27.4515,29986.2,29986.2,35194.2,49425.2
1580,27.4672,29986.2,29986.2,34989.2,48980.3
1581,27.483,29986.2,29986.2,35240,49650.7
1582,27.4981,29986.2,29986.2,34056.9,45973.6
1583,27.5133,29986.2,29986.2,34750.4,49449
1584,27.5287,29986.2,29986.2,34821.4,56432.4
1585,27.544,29986.2,29986.2,34456,50868
1586,27.5594,29986.2,29986.2,34992.4,46635
1587,27.5743,29982.9,29982.9,34493.9,46207.4
1588,27.5899,29969.7,29969.7,35384.4,47777.3
1589,27.6049,29969.7,29969.7,34046.9,45992.6
1590,27.6198,29969.7,29969.7,34493.5,47659.9
1591,27.6346,29969.7,29969.7,33990.7,45340.7
1592,27.6498,29969.7,29969.7,34908.9,48097.6
1593,27.6647,29969.7,29969.7,34483.7,50758.6
1594,27.6793,29969.7,29969.7,33910.4,47385.5
1595,27.6945,29969.7,29969.7,34476.9,47075.7
1596,27.7097,29969.7,29969.7,34782.3,51372.4
1597,27.7248,29908.9,29908.9,34875.1,48482.1
1598,27.7401,29908.9,29969.7,35292.8,47537.9
1599,27.7557,29908.9,29969.7,35335.3,47793.1
1600,27.7714,29908.9,29908.9,35463,46787.7
1601,27.7864,29908.9,29915.1,34421.9,52927.9
1602,27.8019,29908.9,29908.9,35205.4,48471.3
1603,27.8173,29908.9,29908.9,35209.8,48329.3
1604,27.8321,29908.9,29908.9,34566.9,48484.3
1605,27.8464,29908.9,29908.9,34120.1,45664.6
1606,27.8608,29908.9,29908.9,34159.7,50166.2
1607,27.8748,29908.9,29908.9,33722,42977.2
1608,27.8893,29908.9,29908.9,34073.8,44710.1
1609,27.9037,29908.9,29908.9,33885.9,43457.6
1610,27.9184,29908.9,29908.9,34224.2,44057.9
1611,27.9324,29908.9,29908.9,34072,52610.6
1612,27.9465,29908.9,29908.9,33448.2,44236.1
1613,27.9607,29908.9,29908.9,33882.8,44843.2
1614,27.9748,29908.9,29908.9,33528.7,43922.1
1615,27.9887,29908.9,29908.9,33460,44692.9
1616,28.0029,29908.9,29908.9,33650.5,46118.5
1617,28.0169,29908.9,29908.9,33223.4,45531.1
1618,28.0309,29908.9,29908.9,33470.3,44019.2
1619,28.0447,29908.9,29908.9,33482.6,45891.2
1620,28.0585,29908.9,29908.9,33138.1,44946.2
1621,28.0729,29908.9,29908.9,33445.1,43835.8
1622,28.0874,29908.9,29908.9,33850.7,45001.6
1623,28.1016,29908.9,29908.9,33631.5,45473.9
1624,28.1159,29908.9,29908.9,33758.9,42916.1
1625,28.1302,29908.9,29908.9,33574.5,43983.4
1626,28.1444,29908.9,29908.9,33497.7,43850.7
1627,28.1585,29908.9,29908.9,33684.6,44708.2
1628,28.1734,29896.5,29896.5,33860.2,44780.1
1629,28.1874,29896.5,29908.9,33498.8,44725.8
1630,28.2017,29896.5,29908.9,33744,43297.3
1631,28.2158,29896.5,29908.9,33423.4,45789.1
1632,28.2299,29896.5,29908.9,33533.2,45436.3
1633,28.2446,29896.5,29908.9,34133.5,49118.8
1634,28.2588,29896.5,29908.9,33765.5,45052.8
1635,28.2733,29896.5,29908.9,33559.6,45059.2
1636,28.2877,29896.5,29908.9,33138.1,43521.4
1637,28.3022,29896.5,29908.9,33796.6,45271
1638,28.317,29896.5,29908.9,34029.9,51780.9
1639,28.3316,29896.5,29908.9,34007.7,45796.1
1640,28.3461,29896.5,29908.9,33786.7,45947.3
1641,28.3607,29896.5,29908.9,33871.1,44564
1642,28.3754,29896.5,29908.9,34082.8,52554
1643,28.3897,29896.5,29908.9,33725.1,46368.4
1644,28.4044,29896.5,29908.9,34090.3,48067.1
1645,28.4194,29896.5,29908.9,34003.9,47725.9
1646,28.4339,29896.5,29908.9,33683.9,53838
1647,28.4488,29896.5,29908.9,34110.4,49347
1648,28.4634,29896.5,29908.9,33775.9,48196.1
1649,28.4777,29896.5,29908.9,33554.9,44731.9
1650,28.4922,29896.5,29908.9,33738.6,49045.8
1651,28.5071,29896.5,29908.9,34343.9,52092.7
1652,28.5219,29896.5,29908.9,34113.8,43044.1
1653,28.5365,29896.5,29908.9,33912.1,49697.4
1654,28.5515,29896.5,29908.9,34142.5,43590
1655,28.5663,29896.5,29908.9,34467.2,48612.4
1656,28.5816,29896.5,29908.9,34335,47202.5
1657,28.5963,29896.5,29908.9,34011.4,50117.9
1658,28.6113,29896.5,29908.9,34361.2,45380.1
1659,28.6264,29896.5,29908.9,34441.4,45504.7
1660,28.6412,29896.5,29908.9,34061.9,47782.9
1661,28.6563,29896.5,29908.9,34213.5,45062
1662,28.6712,29896.5,29908.9,34444.1,48040
1663,28.6866,29896.5,29908.9,34699,45504.1
1664,28.7017,29896.5,29908.9,34248,45519.9
1665,28.7168,29896.5,29908.9,34377.8,43293.7
1666,28.7321,29896.5,29908.9,34770.5,47459.4
1667,28.7469,29896.5,29908.9,34569.7,45931.4
1668,28.7622,29896.5,29908.9,34728,49270.1
1669,28.7781,29896.5,29908.9,35199,52010.3
1670,28.7937,29896.5,29908.9,34835.4,47420.1
1671,28.8094,29896.5,29908.9,34665.5,46524.8
1672,28.8252,29896.5,29908.9,35429.2,48347.7
1673,28.8405,29896.5,29908.9,34594.9,46015.8
1674,28.856,29896.5,29908.9,35082.2,47004.1
1675,28.8714,29896.5,29908.9,34781.4,46828.6
1676,28.8869,29896.5,29908.9,34972.9,48248
1677,28.9029,29896.5,29908.9,35646.5,49209.2
1678,28.9184,29896.5,29908.9,35371.5,46818.7
1679,28.9343,29896.5,29908.9,35364.7,48733.9
1680,28.9504,29896.5,29908.9,35397.9,46842.1
1681,28.9663,29896.5,29908.9,35539.1,52512.2
1682,28.9826,29896.5,29908.9,35711,46216.2
1683,28.9991,29896.5,29908.9,36179,48753.8
1684,29.0157,29896.5,29908.9,35753.1,45461.3
1685,29.0314,29896.5,29908.9,35788.2,51887.7
1686,29.0474,29896.5,29908.9,35739.8,46904.4
1687,29.0633,29896.5,29908.9,35605.9,50810.2
1688,29.0798,29896.5,29908.9,36180.6,51866.5
1689,29.0957,29896.5,29908.9,35628.1,52548.2
1690,29.1119,29896.5,29908.9,35800.6,49188.1
1691,29.1281,29896.5,29908.9,36383.3,52296.5
1692,29.1448,29896.5,29908.9,36572.5,50773.3
1693,29.1616,29896.5,29908.9,36964.3,49316.8
1694,29.1779,29896.5,29908.9,36468.2,52594.1
1695,29.1943,29896.5,29908.9,36583.6,54726.4
1696,29.2107,29896.5,29908.9,36690.3,53232
1697,29.2267,29896.5,29908.9,36622.5,48132
1698,29.2435,29896.5,29908.9,36995.8,53042.4
1699,29.2601,29896.5,29908.9,37061.5,54430.1
1700,29.2775,29896.5,29908.9,37227.2,53246.9
1701,29.293,29896.5,29908.9,34805,51947.5
1702,29.3086,29896.5,29908.9,34809.5,49312.6
1703,29.3245,29896.5,29908.9,35108.1,50314.6
1704,29.34,29896.5,29908.9,34840.8,50554.5
1705,29.3553,29896.5,29908.9,34473.5,46730.9
1706,29.3708,29896.5,29908.9,34736.1,46690.8
1707,29.3866,29896.5,29908.9,35359.1,46656.3
1708,29.4022,29896.5,29908.9,35202.9,47907.5
1709,29.4175,29896.5,29908.9,34853,45735.8
1710,29.4333,29896.5,29908.9,35646,46070.9
1711,29.4491,29896.5,29908.9,35592.7,47688.2
1712,29.4646,29896.5,29908.9,34726.2,53433.1
1713,29.4811,29896.5,29908.9,35906.9,49142.2
1714,29.4971,29896.5,29896.5,35640.6,48725.3
1715,29.5131,29896.5,29908.9,35642.1,52057.4
1716,29.5293,29896.5,29908.9,36114.5,50591.6
1717,29.5453,29896.5,29908.9,35948.5,51732.9
1718,29.5613,29896.5,29908.9,36240.3,50588.3
1719,29.5776,29896.5,29908.9,36021.5,49971.9
1720,29.5939,29878.3,29878.3,36077.4,52747.8
1721,29.6099,29878.3,29908.9,35562.1,47845.6
1722,29.6261,29878.3,29908.9,36016,49356.5
1723,29.6423,29878.3,29908.9,36255.8,52647.7
1724,29.6587,29878.3,29878.3,36431.9,52276.8
1725,29.6739,29878.3,29878.3,34663.2,50959.5
1726,29.6897,29878.3,29878.3,34994.2,48149.7
1727,29.705,29878.3,29878.3,34581.3,47897.7
1728,29.7195,29878.3,29878.3,33656.3,45918.9
1729,29.7341,29878.3,29878.3,33758.7,47092.4
1730,29.7484,29878.3,29878.3,33276.7,51396.6
1731,29.7632,29878.3,29878.3,33755.4,45324.1
1732,29.7782,29878.3,29878.3,33747.1,47471.5
1733,29.7921,29878.3,29878.3,33161.6,45065.3
1734,29.8068,29878.3,29878.3,33633.6,43285.6
1735,29.8216,29878.3,29878.3,33776.1,46611.5
1736,29.8363,29878.3,29878.3,33944,46961.1
1737,29.8513,29878.3,29878.3,34160.6,46267.2
1738,29.8663,29878.3,29878.3,34526.6,47565
1739,29.8813,29878.3,29878.3,34414.7,46002.1
1740,29.8966,29878.3,29878.3,33840.5,46482.8
1741,29.9117,29878.3,29878.3,34321,49835.2
1742,29.9265,29878.3,29878.3,34108.6,48568.3
1743,29.9419,29878.3,29878.3,34596.1,49268.4
1744,29.957,29878.3,29878.3,34584.6,52672.7
1745,29.9718,29878.3,29878.3,34074.6,47374
1746,29.9869,29878.3,29878.3,34424.6,48846.1
1747,30.0022,29878.3,29878.3,34452.8,45238.8
1748,30.0176,29878.3,29878.3,35064.9,50701
1749,30.0335,29878.3,29878.3,34305.9,47804
1750,30.0487,29878.3,29878.3,34418.7,44604.6
1751,30.0647,29878.3,29878.3,35056.5,47552.1
1752,30.0801,29878.3,29878.3,34982.3,47783.7
1753,30.0955,29878.3,29878.3,34993.2,47810.1
1754,30.1117,29878.3,29878.3,35223.7,46797.6
1755,30.1277,29878.3,29878.3,35183.2,48018.4
1756,30.144,29878.3,29878.3,35886.7,50494.7
1757,30.1604,29878.3,29878.3,34919.9,45955.8
1758,30.1771,29878.3,29878.3,35609.5,48523.1
1759,30.1937,29878.3,29878.3,35561.7,49709.7
1760,30.209,29878.3,29878.3,33825.7,46093.1
1761,30.2239,29878.3,29878.3,33702.7,46710.9
1762,30.2394,29878.3,29878.3,34491.6,48680.3
1763,30.2544,29878.3,29878.3,34337.3,48812.5
1764,30.2693,29878.3,29878.3,34072.2,45655.9
1765,30.2847,29878.3,29878.3,33833.8,49556.6
1766,30.3005,29878.3,29878.3,34673,49215.6
1767,30.3157,29878.3,29878.3,34559.9,50225.1
1768,30.3305,29878.3,29878.3,34080,49844.4
1769,30.3457,29878.3,29878.3,34694.4,45201.9
1770,30.3609,29878.3,29878.3,34567.4,46332.1
1771,30.3761,29878.3,29878.3,34272.1,47738.1
1772,30.3911,29878.3,29878.3,34006.6,47052.4
1773,30.4068,29878.3,29878.3,34513.3,46880.4
1774,30.4225,29878.3,29878.3,34843.4,49243.7
1775,30.438,29878.3,29878.3,34647,48229.6
1776,30.4528,29878.3,29878.3,34173.1,48540.2
1777,30.468,29878.3,29878.3,34204.9,47942.4
1778,30.4835,29878.3,29878.3,35001.5,54819.6
1779,30.4994,29878.3,29878.3,35301.7,49848.2
1780,30.5156,29878.3,29878.3,35146.9,46387.1
1781,30.5316,29878.3,29878.3,35330.7,52562.2
1782,30.547,29878.3,29878.3,34819.6,47181.9
1783,30.5631,29878.3,29878.3,35415.7,54325
1784,30.5787,29878.3,29878.3,35339,46538.4
1785,30.5947,29878.3,29878.3,35385.2,49408.7
1786,30.6105,29878.3,29878.3,35272.2,46437
1787,30.6266,29878.3,29878.3,35245.2,45522.7
1788,30.6426,29878.3,29878.3,35796.3,50384
1789,30.6585,29878.3,29878.3,35720.2,50553.4
1790,30.6748,29878.3,29878.3,35576.9,48546.6
1791,30.691,29878.3,29878.3,35761.4,48975.4
1792,30.7069,29878.3,29878.3,35602.8,49069.4
1793,30.7235,29878.3,29878.3,36179.3,52484.9
1794,30.7398,29878.3,29878.3,35992.7,50040.5
1795,30.7559,29878.3,29878.3,35923.3,52642.9
1796,30.7728,29878.3,29878.3,36792.1,53831.8
1797,30.7897,29878.3,29878.3,37019.8,50566.3
1798,30.8064,29878.3,29878.3,36280.6,54277.5
1799,30.823,29878.3,29878.3,36361,50325
1800,30.8394,29878.3,29878.3,35872.4,47430.3
1801,30.8545,29878.3,29878.3,34068.6,46929.8
1802,30.8701,29878.3,29878.3,34975.3,49222
1803,30.8851,29878.3,29878.3,34420,48801.2
1804,30.9003,29878.3,29878.3,34402.8,48770.2
1805,30.9151,29878.3,29878.3,33917.1,47382.7
1806,30.9304,29865.9,29865.9,34483.7,45550
1807,30.9457,29865.9,29878.3,34755.6,47886.8
1808,30.9614,29865.9,29878.3,35082.2,50863.6
1809,30.9769,29865.9,29878.3,34941.7,49589.7
1810,30.9922,29865.9,29878.3,35092.2,46934.7
1811,31.0078,29865.9,29878.3,35178.6,51067.3
1812,31.0237,29865.9,29878.3,35569.2,53771
1813,31.0393,29865.9,29878.3,34994.1,47114.8
1814,31.0551,29865.9,29878.3,35402,51522.6
1815,31.0707,29865.9,29878.3,35355.1,52723.2
1816,31.0873,29865.9,29878.3,35867.2,47824.3
1817,31.1033,29865.9,29878.3,35464.2,48200.1
1818,31.1194,29865.9,29878.3,35722.1,52068.5
1819,31.1357,29865.9,29878.3,35853,47222.2
1820,31.1519,29865.9,29878.3,35673.6,49558.3
1821,31.1683,29865.9,29878.3,36727.9,53071.4
1822,31.1845,29865.9,29878.3,35888.8,49714.1
1823,31.201,29865.9,29878.3,36151.4,51539
1824,31.2177,29865.9,29878.3,36638.6,52172
1825,31.2338,29865.9,29878.3,36158,49570.9
1826,31.2503,29865.9,29878.3,36148.1,50357.4
1827,31.2673,29865.9,29878.3,36495.7,50446.9
1828,31.2841,29865.9,29878.3,36721.3,52218.6
1829,31.3007,29865.9,29878.3,36372.4,49295.8
1830,31.3175,29865.9,29878.3,37006.8,51989.3
1831,31.3341,29865.9,29878.3,36911.8,50848
1832,31.3508,29865.9,29878.3,37265.3,58007
1833,31.3679,29865.9,29878.3,37248.4,49977.6
1834,31.3844,29865.9,29878.3,36439.1,50604.4
1835,31.4013,29865.9,29878.3,37251.6,49570.6
1836,31.4182,29865.9,29878.3,37300.7,50972
1837,31.4349,29865.9,29878.3,37238.6,54090.3
1838,31.4522,29865.9,29878.3,37528.8,54886
1839,31.4689,29865.9,29878.3,37083.3,52721.9
1840,31.4844,29865.9,29878.3,34993.7,47352.4
1841,31.4998,29865.9,29878.3,34850.2,47286.6
1842,31.5151,29865.9,29878.3,34597.5,44956.6
1843,31.5301,29865.9,29878.3,34547.9,44697.5
1844,31.5455,29865.9,29878.3,34800.7,48252.2
1845,31.561,29865.9,29878.3,35405.7,55143
1846,31.5766,29865.9,29878.3,35605.1,49339.3
1847,31.5919,29865.9,29878.3,34820.3,49559.5
1848,31.6075,29865.9,29878.3,34881.6,52238.4
1849,31.6231,29865.9,29878.3,35146,49931.6
1850,31.6392,29865.9,29878.3,36051.4,53904.7
1851,31.655,29865.9,29878.3,35408,53075
1852,31.6708,29865.9,29878.3,35998.2,47078.3
1853,31.6866,29865.9,29878.3,35498.2,48208.6
1854,31.7028,29865.9,29878.3,35801.8,49376.2
1855,31.7186,29865.9,29878.3,35503.1,49508.4
1856,31.7349,29865.9,29878.3,36312.2,51115.1
1857,31.7506,29865.9,29878.3,35151,46805
1858,31.7668,29865.9,29878.3,36138.9,54453.2
1859,31.7829,29865.9,29878.3,35811.9,55045.8
1860,31.7991,29865.9,29878.3,36424,48652.1
1861,31.8153,29865.9,29878.3,36089.8,58224.3
1862,31.8317,29865.9,29878.3,36817.8,53297.9
1863,31.8476,29865.9,29878.3,36070.9,53466
1864,31.8641,29865.9,29878.3,36463.2,53428.6
1865,31.8808,29865.9,29878.3,36536.1,52365.7
1866,31.8973,29865.9,29878.3,36702.4,49039.8
1867,31.9154,29865.9,29878.3,36807.2,51573.9
1868,31.9329,29865.9,29878.3,36949.8,51021.8
1869,31.95,29865.9,29878.3,37292,51713.6
1870,31.9666,29865.9,29878.3,36916.7,50603.3
1871,31.9833,29865.9,29878.3,36769.7,57440.7
1872,31.9985,29865.9,29878.3,34305.5,47667.4
1873,32.0138,29865.9,29878.3,34490.9,48448.7
1874,32.0287,29865.9,29878.3,34250.5,50592.5
1875,32.0436,29865.9,29878.3,34188.2,46451.1
1876,32.0594,29865.9,29878.3,35430.8,51000.2
1877,32.0743,29865.9,29878.3,34353.3,44830.7
1878,32.0899,29865.9,29878.3,35265.2,49054.5
1879,32.1054,29865.9,29878.3,35279,52343.2
1880,32.121,29865.9,29878.3,35302.8,46866.7
1881,32.1365,29865.9,29878.3,35048.7,47890.3
1882,32.1523,29865.9,29878.3,35426.4,49056.5
1883,32.1682,29865.9,29878.3,35359,50402
1884,32.1843,29865.9,29878.3,35441.5,50118.8
1885,32.2003,29865.9,29878.3,35880.2,55398.7
1886,32.2159,29865.9,29878.3,34900.2,52163.5
1887,32.2316,29865.9,29865.9,35498.8,49374.6
1888,32.2477,29865.9,29878.3,35678,51413.2
1889,32.264,29865.9,29878.3,36064.8,51065.6
1890,32.2806,29865.9,29878.3,36045.2,49356.2
1891,32.2969,29865.9,29878.3,35966.2,51401.6
1892,32.3131,29865.9,29878.3,36308.2,49620.1
1893,32.3291,29865.9,29878.3,35792.7,48820.1
1894,32.3453,29865.9,29878.3,35965.6,53719.4
1895,32.3618,29865.9,29878.3,36533.8,51683.3
1896,32.3766,29865.9,29878.3,33971.3,47914.7
1897,32.3915,29865.9,29878.3,34424.4,47982.6
1898,32.4066,29865.9,29878.3,34606.4,49167.1
1899,32.4212,29865.9,29878.3,34281,50252.3
1900,32.4362,29865.9,29878.3,34143.8,49487.6
1901,32.4515,29865.9,29878.3,34549.2,48285.5
1902,32.4668,29865.9,29878.3,34743.2,48030.6
1903,32.4818,29865.9,29878.3,34437.9,46461.8
1904,32.4977,29865.9,29878.3,35132.4,47253
1905,32.513,29865.9,29878.3,34809.9,55479.2
1906,32.528,29865.9,29878.3,34414.5,46756.8
1907,32.5435,29865.9,29878.3,34700.9,48762.3
1908,32.5585,29865.9,29878.3,35028.6,45857.8
1909,32.574,29865.9,29878.3,34536.3,47089.2
1910,32.5895,29865.9,29878.3,34990.9,47199.4
1911,32.6054,29865.9,29878.3,35157.7,48343.8
1912,32.6213,29865.9,29878.3,34939.8,48767.1
1913,32.6371,29865.9,29878.3,35340.6,55566.7
1914,32.6531,29865.9,29878.3,35356.5,51599.1
1915,32.6692,29865.9,29878.3,35814.9,49387.2
1916,32.685,29865.9,29878.3,36036.9,52306.8
1917,32.701,29865.9,29878.3,35651.3,52209.9
1918,32.7173,29865.9,29878.3,36267.8,50544.4
1919,32.7316,29865.9,29878.3,33960.9,44772.5
1920,32.7465,29865.9,29878.3,33975.2,50953.4
1921,32.7614,29865.9,29878.3,33954.7,44628.5
1922,32.7762,29865.9,29878.3,33966.7,49733.8
1923,32.7915,29865.9,29878.3,34394.5,47735.1
1924,32.8069,29865.9,29878.3,34458.7,48226
1925,32.8219,29865.9,29878.3,34196.6,45320
1926,32.837,29865.9,29878.3,34037.9,45552.6
1927,32.8517,29865.9,29878.3,33959,50026.9
1928,32.8669,29865.9,29865.9,34255.8,45557.5
1929,32.8823,29865.9,29878.3,35084.2,49049.3
1930,32.8977,29865.9,29878.3,35413.7,47650.9
1931,32.9132,29865.9,29878.3,35407,51044.7
1932,32.9286,29865.9,29878.3,34838.9,47440.9
1933,32.9453,29865.9,29878.3,35264.5,51021.3
1934,32.9614,29865.9,29878.3,34854.6,49244.1
1935,32.9772,29865.9,29878.3,35507.3,49830.8
1936,32.9927,29865.9,29878.3,35058.5,47054.2
1937,33.0086,29865.9,29878.3,35253.6,47359.7
1938,33.0241,29865.9,29878.3,35252.1,48351.2
1939,33.0407,29865.9,29878.3,35635,48263.7
1940,33.0565,29865.9,29878.3,35866.2,45736.5
1941,33.0732,29865.9,29878.3,36154.7,48334.1
1942,33.0893,29865.9,29878.3,35197.1,46642.6
1943,33.1057,29865.9,29878.3,36500.2,51227
1944,33.1218,29865.9,29878.3,36072.6,48740.2
1945,33.1384,29865.9,29878.3,36290.9,47258.2
1946,33.1547,29865.9,29878.3,35863.9,49015.4
1947,33.1708,29865.9,29878.3,35862.6,48287.2
1948,33.1873,29865.9,29878.3,36295,48712.1
1949,33.2036,29865.9,29878.3,36257.4,51974.5
1950,33.2199,29865.9,29878.3,36412.6,49248.5
1951,33.2364,29865.9,29878.3,36505.9,47740.3
1952,33.2529,29865.9,29878.3,36811.9,51274.5
1953,33.2698,29865.9,29878.3,36887.5,52651.5
1954,33.2867,29865.9,29878.3,37008.4,48980.9
1955,33.3039,29865.9,29878.3,37209,51918
1956,33.3201,29865.9,29878.3,36384.9,50093.2
1957,33.3356,29865.9,29878.3,34907.9,46006.8
1958,33.3507,29865.9,29878.3,34376,50954.3
1959,33.366,29865.9,29878.3,34707.5,48758.3
1960,33.3811,29865.9,29878.3,34656,46257.6
1961,33.3957,29865.9,29878.3,34166.8,52191.6
1962,33.4109,29865.9,29878.3,34415.1,47108.5
1963,33.4266,29865.9,29878.3,34974.4,48445.9
1964,33.4422,29865.9,29878.3,34978.3,44709.3
1965,33.4576,29865.9,29878.3,34956,47116.5
1966,33.4731,29865.9,29878.3,34794.8,51091.6
1967,33.4889,29865.9,29878.3,35473,49103
1968,33.5049,29865.9,29878.3,35871.4,52246.4
1969,33.5205,29865.9,29878.3,35587.6,48222.4
1970,33.536,29865.9,29878.3,34955.2,45773.2
1971,33.5521,29865.9,29878.3,35820.7,49600.9
1972,33.5679,29865.9,29878.3,34968.7,49847
1973,33.5839,29865.9,29878.3,35416.5,51363.3
1974,33.5997,29865.9,29878.3,35320.8,52473.1
1975,33.6156,29865.9,29878.3,35425.7,48175.8
1976,33.6316,29865.9,29878.3,35369.3,52815.2
1977,33.6476,29865.9,29878.3,35880.9,49253.5
1978,33.6641,29865.9,29878.3,36142.9,47989.8
1979,33.68,29865.9,29878.3,35899.6,53283.8
1980,33.6963,29865.9,29878.3,36173.5,48504.5
1981,33.7123,29865.9,29878.3,35994.4,48650.7
1982,33.7284,29865.9,29878.3,36146,53120.5
1983,33.7453,29865.9,29878.3,36975.9,49323.9
1984,33.7614,29865.9,29878.3,35781.8,49817.1
1985,33.778,29865.9,29878.3,36924.4,47352.2
1986,33.7948,29865.9,29878.3,37020.3,53208.3
1987,33.8114,29865.9,29878.3,36930,50505.4
1988,33.8283,29865.9,29878.3,37306.1,52165.1
1989,33.8449,29865.9,29878.3,37191,51610
1990,33.8616,29865.9,29878.3,37222.2,51465.5
1991,33.8786,29865.9,29878.3,37595.4,57420.8
1992,33.8955,29865.9,29878.3,37483.8,55908.5
1993,33.9124,29865.9,29878.3,37116,50613.2
1994,33.9291,29865.9,29878.3,37154.7,55757.9
1995,33.944,29865.9,29878.3,34017.6,46975.1
1996,33.9596,29865.9,29878.3,34454.6,50032.4
1997,33.975,29865.9,29878.3,34612.7,52739.4
1998,33.9902,29865.9,29878.3,34536.6,49684.6
1999,34.0055,29865.9,29878.3,34675.1,47001.8
2000,34.0209,29865.9,29878.3,34967.3,49021.6
2001,34.0367,29865.9,29878.3,35294.4,47004.1
2002,34.0523,29865.9,29878.3,35204.9,47189.7
2003,34.0682,29865.9,29878.3,35528,47781.2
2004,34.084,29865.9,29878.3,35398,46469.9
2005,34.1001,29865.9,29878.3,35000.9,47743.5
2006,34.1165,29865.9,29878.3,35565.4,50249.8
2007,34.1332,29865.9,29878.3,35516.2,48631.7
2008,34.149,29865.9,29865.9,35670.6,52996.7
2009,34.1655,29865.9,29878.3,36095,48537.3
2010,34.1818,29865.9,29878.3,36031.2,51289.8
2011,34.1983,29865.9,29878.3,36277.7,49153.5
2012,34.2145,29865.9,29878.3,36214.8,47989.2
2013,34.2304,29865.9,29878.3,35651.8,49531.5
2014,34.2467,29865.9,29878.3,36615.9,53760.9
2015,34.263,29865.9,29878.3,36171.9,52084.9
2016,34.2798,29865.9,29878.3,36783.3,56146.9
2017,34.2964,29865.9,29878.3,36774.9,52489.4
2018,34.313,29865.9,29878.3,36899.8,54508.1
2019,34.3294,29865.9,29878.3,36599.4,54427.3
2020,34.3465,29865.9,29878.3,37323.1,50939.8
2021,34.3633,29865.9,29878.3,36538,49596.8
2022,34.3802,29865.9,29878.3,37188.4,51952.3
2023,34.3966,29865.9,29878.3,36998.7,53928.4
2024,34.4134,29865.9,29878.3,37022.7,49179.8
2025,34.4304,29865.9,29878.3,37749.5,49280.6
2026,34.4474,29865.9,29878.3,37556.5,52696.6
2027,34.4644,29865.9,29878.3,37274.4,46573.3
2028,34.4815,29865.9,29878.3,37696.7,49357.4
2029,34.497,29865.9,29878.3,34743.1,48297.5
2030,34.5123,29865.9,29878.3,34464,48916.3
2031,34.5276,29865.9,29878.3,34585.9,48235
2032,34.543,29865.9,29878.3,35036.9,48816.4
2033,34.5582,29865.9,29878.3,34672.7,47922.6
2034,34.5736,29865.9,29878.3,34764.7,50434.7
2035,34.5891,29865.9,29878.3,35060,49615
2036,34.6044,29865.9,29878.3,35011.2,45802
2037,34.62,29865.9,29878.3,34643.7,49678.4
2038,34.6354,29865.9,29878.3,34926.7,47281.4
2039,34.651,29865.9,29878.3,35154.4,53143
2040,34.6667,29865.9,29878.3,35417.1,49127.7
2041,34.6827,29865.9,29878.3,35648.8,51168.9
2042,34.6988,29865.9,29878.3,36018.9,51760.5
2043,34.7149,29865.9,29878.3,35976.1,53912.4
2044,34.7305,29865.9,29878.3,35318.8,47504.8
2045,34.746,29865.9,29878.3,35483.1,47919.6
2046,34.7617,29865.9,29878.3,35636.9,48410.3
2047,34.778,29865.9,29878.3,36588,49654.2
2048,34.7942,29865.9,29878.3,36421.9,55297.6
2049,34.8105,29865.9,29878.3,35828.1,48004.8
2050,34.8268,29865.9,29878.3,36062.9,49423.9
2051,34.8437,29865.9,29878.3,37221.7,49357.2
2052,34.8604,29865.9,29878.3,36628.1,60717
2053,34.8769,29865.9,29878.3,36610.6,50114.3
2054,34.8936,29865.9,29878.3,36816,51090.8
2055,34.9104,29865.9,29878.3,37095.7,52382.1
2056,34.9269,29865.9,29878.3,36694.8,52017.6
2057,34.9434,29865.9,29878.3,36532.9,51347.9
2058,34.9586,29865.9,29878.3,34256.7,45877.6
2059,34.9739,29865.9,29878.3,34942.6,47845.4
2060,34.9889,29865.9,29878.3,34131.8,45975.6
2061,35.0047,29865.9,29878.3,34879.7,45904.7
2062,35.0194,29865.9,29878.3,34306.2,54371.2
2063,35.0349,29865.9,29878.3,35052.4,47796.4
2064,35.0504,29865.9,29878.3,34808.2,46383
2065,35.0663,29865.9,29878.3,35161.7,56599.1
2066,35.0816,29865.9,29878.3,34631.3,48906.7
2067,35.0968,29865.9,29878.3,34966.1,53121.6
2068,35.1126,29865.9,29878.3,35666.8,50724.8
2069,35.1286,29865.9,29878.3,36082.7,48379.5
2070,35.1439,29865.9,29878.3,34844.7,49430.3
2071,35.1598,29865.9,29878.3,35318.7,48244.4
2072,35.1757,29865.9,29878.3,35657.5,48159.5
2073,35.1918,29865.9,29878.3,36305.1,48329.9
2074,35.2077,29865.9,29878.3,35561.3,47592.6
2075,35.2237,29865.9,29878.3,35668.3,51712.1
2076,35.2395,29865.9,29878.3,35640.3,47667.4
2077,35.2558,29865.9,29878.3,35955.5,49038.6
2078,35.2721,29865.9,29878.3,36316.5,51568.4
2079,35.2887,29865.9,29878.3,36355.6,48812.4
2080,35.3045,29865.9,29878.3,35545.1,51748.1
2081,35.3206,29865.9,29878.3,35886.9,51433.3
2082,35.3375,29865.9,29878.3,36464,50579.2
2083,35.3541,29865.9,29878.3,36512.2,50989.9
2084,35.3703,29865.9,29878.3,36304.4,50865.7
2085,35.3865,29865.9,29878.3,36081.1,51403.3
2086,35.4031,29865.9,29878.3,36482.6,49378.8
2087,35.4195,29865.9,29878.3,36472.7,54118
2088,35.4361,29865.9,29878.3,36963.4,54290.5
2089,35.4529,29865.9,29878.3,36838.1,47506
2090,35.4697,29865.9,29878.3,37168,51320.2
2091,35.4868,29865.9,29878.3,37451.1,55218.5
2092,35.5037,29865.9,29878.3,37413.1,56288.9
2093,35.5203,29865.9,29878.3,37013.7,50874.5
2094,35.5373,29865.9,29878.3,37462.6,51759.3
2095,35.5543,29865.9,29878.3,37546.4,53239.6
2096,35.5711,29865.9,29878.3,37647.5,51500.8
2097,35.5867,29865.9,29878.3,34983.8,48538.6
2098,35.6024,29865.9,29878.3,34730.2,46783.6
2099,35.6205,29865.9,29878.3,34875.2,47800.5
2100,35.6364,29865.9,29865.9,34899.4,50105.1
2101,35.652,29865.9,29878.3,34928.3,49482.9
2102,35.6674,29865.9,29878.3,34776.4,46789.8
2103,35.6834,29865.9,29878.3,35357.7,50286.4
2104,35.6987,29865.9,29878.3,34719.8,50999.4
2105,35.7149,29865.9,29878.3,35527.7,50543.5
2106,35.7305,29865.9,29878.3,35175.1,52184.4
2107,35.7463,29865.9,29878.3,35342.3,49098.4
2108,35.7625,29865.9,29878.3,35701.3,55510.2
2109,35.7792,29865.9,29878.3,36373.6,47595.7
2110,35.7952,29865.9,29878.3,35852.9,50676.2
2111,35.8109,29865.9,29878.3,35509.5,46903.2
2112,35.8274,29865.9,29878.3,36169,48664
2113,35.8438,29865.9,29878.3,35552.6,50794.7
2114,35.8596,29865.9,29878.3,35288.5,47968.7
2115,35.8761,29865.9,29878.3,36312.1,49518.2
2116,35.8922,29865.9,29878.3,35817.6,49897
2117,35.907,29865.9,29878.3,34118.2,47373
2118,35.9222,29865.9,29878.3,34745.8,49982.2
2119,35.9378,29865.9,29878.3,34914.1,50780.3
2120,35.9529,29865.9,29878.3,34157,46547.2
2121,35.9683,29865.9,29878.3,34368.9,50971.3
2122,35.9835,29865.9,29865.9,34603.2,49192.4
2123,35.9995,29865.9,29878.3,35339.6,51558.3
2124,36.015,29865.9,29878.3,34533.6,46624.7
2125,36.0301,29865.9,29878.3,34189.1,46675.9
2126,36.0459,29865.9,29878.3,34821.4,47431
2127,36.0617,29865.9,29878.3,35395.9,50129.5
2128,36.077,29865.9,29878.3,34728.4,49849.4
2129,36.0927,29865.9,29878.3,35229.8,49770
2130,36.1087,29865.9,29878.3,35483.6,47101.1
2131,36.1246,29865.9,29878.3,34927.3,47246.6
2132,36.1398,29865.9,29878.3,35081.9,47727.7
2133,36.1552,29865.9,29878.3,34986.2,46586
2134,36.171,29865.9,29878.3,35349.1,47422.3
2135,36.1865,29865.9,29878.3,35028.5,47507.7
2136,36.2018,29865.9,29878.3,35245.6,47522.6
2137,36.2175,29865.9,29878.3,35641.6,45881.2
2138,36.2334,29865.9,29878.3,35709.6,48520.5
2139,36.2502,29865.9,29878.3,35901.4,49887.1
2140,36.2661,29865.9,29878.3,35661.1,48168.7
2141,36.2821,29865.9,29878.3,35180.9,48696.8
2142,36.2985,29865.9,29878.3,36196,56564.3
2143,36.3149,29865.9,29878.3,36202.3,48588.9
2144,36.3315,29865.9,29878.3,36199.1,49595.8
2145,36.3479,29865.9,29878.3,36485.1,52424.9
2146,36.364,29865.9,29878.3,35965.6,48101.4
2147,36.3805,29865.9,29878.3,36216.2,50860.3
2148,36.3973,29865.9,29878.3,36827.7,52458.4
2149,36.4144,29865.9,29878.3,36991,49195.5
2150,36.4311,29865.9,29878.3,36779.7,49740.8
2151,36.4477,29865.9,29878.3,36457,54430.4
2152,36.4644,29865.9,29878.3,37311.2,50131.7
2153,36.4811,29865.9,29878.3,36637.8,49019.6
2154,36.4977,29865.9,29878.3,36845,50298
2155,36.5146,29865.9,29878.3,37473.5,52794
2156,36.5324,29865.9,29878.3,37270.9,51559.8
2157,36.5496,29865.9,29878.3,37857.9,50711.4
2158,36.5667,29865.9,29878.3,37720.8,50330.3
2159,36.5821,29865.9,29878.3,34578.5,49639
2160,36.597,29865.9,29878.3,34444.6,46420
2161,36.6126,29865.9,29878.3,35427.8,46595.2
2162,36.6281,29865.9,29878.3,35169.9,48678.5
2163,36.6443,29865.9,29878.3,35749.1,52092.3
2164,36.6595,29865.9,29878.3,34877,51245.5
2165,36.6745,29865.9,29878.3,34558,47240
2166,36.6902,29865.9,29878.3,34788.6,47274.9
2167,36.7055,29865.9,29878.3,35080.7,47285.9
2168,36.7212,29865.9,29878.3,35236.9,46494.3
2169,36.7369,29865.9,29878.3,35072,49264.2
2170,36.7532,29865.9,29878.3,35510.4,46665.8
2171,36.769,29865.9,29878.3,35741.6,48052.6
2172,36.785,29865.9,29878.3,35520.3,53614.1
2173,36.8009,29865.9,29878.3,35740,52152.8
2174,36.8169,29865.9,29878.3,35817.3,48807.9
2175,36.8331,29865.9,29878.3,36384.4,49076.5
2176,36.8493,29865.9,29878.3,36203.7,51323.7
2177,36.8656,29865.9,29878.3,36053.8,51636.4
2178,36.8819,29865.9,29878.3,36763.2,52425.7
2179,36.8984,29865.9,29878.3,36115.7,49766.5
2180,36.9147,29865.9,29878.3,36414.5,49870.5
2181,36.9313,29865.9,29878.3,36577.4,51537.7
2182,36.9479,29865.9,29878.3,37082.3,49604.8
2183,36.9648,29865.9,29878.3,37331.2,52417.9
2184,36.9813,29865.9,29865.9,36655.9,49857.8
2185,36.998,29865.9,29878.3,36619.1,52465
2186,37.0147,29865.9,29878.3,37347.6,57580
2187,37.0317,29865.9,29878.3,37400.5,52476.2
2188,37.0482,29865.9,29878.3,36991,52180.1
2189,37.0634,29865.9,29878.3,34590.6,46570.6
2190,37.0785,29865.9,29878.3,34614.2,47604.5
2191,37.0942,29865.9,29878.3,35065.5,53801.9
2192,37.109,29865.9,29878.3,34145,45565.8
2193,37.1242,29865.9,29878.3,34890.3,47196.3
2194,37.1395,29865.9,29878.3,34543.1,47394.7
2195,37.1552,29865.9,29878.3,35291.9,49764.3
2196,37.1708,29865.9,29878.3,35485,47347.5
2197,37.1858,29865.9,29878.3,34613.3,48074.9
2198,37.2014,29865.9,29878.3,35184.8,52167.7
2199,37.2171,29865.9,29878.3,35497.3,48334.6
2200,37.2325,29865.9,29878.3,34715.6,46459.7
2201,37.2484,29865.9,29878.3,35527.4,46403.6
2202,37.2643,29865.9,29878.3,35865.3,51924.1
2203,37.2804,29865.9,29878.3,35851.9,47266.1
2204,37.2969,29865.9,29878.3,36399.3,49912.3
2205,37.3129,29865.9,29878.3,35583.7,53554.2
2206,37.3288,29865.9,29878.3,35835.8,50409.2
2207,37.345,29865.9,29878.3,36167.9,49102.8
2208,37.361,29865.9,29878.3,35956.9,51313.5
2209,37.3758,29865.9,29878.3,33893.7,46422.7
2210,37.3909,29865.9,29878.3,34288,51774.4
2211,37.4062,29865.9,29878.3,34885.7,46391.2
2212,37.4209,29865.9,29878.3,34305.6,50992.5
2213,37.4359,29865.9,29878.3,34379.4,47209.6
2214,37.4507,29865.9,29878.3,33880.6,47546.1
2215,37.4656,29865.9,29878.3,34197.6,47175.8
2216,37.4809,29865.9,29878.3,34737.8,47039.3
2217,37.4964,29865.9,29878.3,35032.5,47295
2218,37.5113,29865.9,29878.3,33994.8,46580.9
2219,37.5262,29865.9,29878.3,34274.5,49227.7
2220,37.5415,29865.9,29878.3,34354.2,49392.9
2221,37.5569,29865.9,29878.3,34567.8,51895.4
2222,37.5728,29865.9,29878.3,35068.7,45387.3
2223,37.588,29865.9,29878.3,34492.2,51806
2224,37.6031,29865.9,29878.3,34569.5,49862.2
2225,37.619,29865.9,29878.3,35285.7,50709.4
2226,37.635,29865.9,29878.3,35386.8,46762.8
2227,37.6507,29865.9,29878.3,35746.6,50444.3
2228,37.6654,29865.9,29878.3,33720.2,48633.4
2229,37.6797,29865.9,29878.3,33582.2,46348.6
2230,37.6943,29865.9,29878.3,33593.4,41856.8
2231,37.709,29865.9,29878.3,33691.9,42434.3
2232,37.7238,29865.9,29878.3,34025.5,47494.6
2233,37.7385,29865.9,29878.3,33835,43969.7
2234,37.753,29865.9,29865.9,34133.2,49636.9
2235,37.7677,29865.9,29878.3,34011.3,48209.3
2236,37.7826,29865.9,29878.3,34276.5,44572.4
2237,37.7973,29865.9,29878.3,34275.6,47710.9
2238,37.813,29865.9,29878.3,34442.4,48373.1
2239,37.8282,29865.9,29878.3,34408.8,50149.5
2240,37.8434,29865.9,29878.3,34362.3,48198.7
2241,37.8587,29865.9,29878.3,34391.9,46507.6
2242,37.874,29865.9,29878.3,34728,48611.9
2243,37.8892,29865.9,29878.3,34135.8,44385.9
2244,37.9045,29865.9,29878.3,34651.1,47553.9
2245,37.92,29865.9,29878.3,35244.6,48640.4
2246,37.9358,29865.9,29878.3,35173.5,53560.7
2247,37.9516,29865.9,29878.3,35337.6,52204.1
2248,37.9672,29865.9,29878.3,34979.9,45772.8
2249,37.9827,29865.9,29878.3,34899.9,52531.5
2250,37.9986,29865.9,29878.3,34968.7,50814.2
2251,38.0166,29865.9,29878.3,35012,50765.9
2252,38.0335,29865.9,29878.3,35347.3,47992.2
2253,38.0501,29865.9,29878.3,35220.4,48841.9
2254,38.0666,29865.9,29878.3,35765.6,46452.8
2255,38.0818,29865.9,29878.3,33633.1,51041.4
2256,38.0968,29865.9,29878.3,33818.1,50274.1
2257,38.1117,29865.9,29878.3,34122.1,48557.6
2258,38.1268,29865.9,29878.3,34249.5,46524.2
2259,38.142,29865.9,29878.3,34531.1,45750.7
2260,38.157,29865.9,29878.3,34266.7,46685.9
2261,38.1716,29865.9,29878.3,33891.9,46700.1
2262,38.187,29865.9,29878.3,34787.1,52143.5
2263,38.202,29865.9,29878.3,34724,47403.4
2264,38.2172,29865.9,29878.3,34491.5,51357.4
2265,38.2331,29865.9,29878.3,35154.6,49234.1
2266,38.2484,29865.9,29878.3,34489.8,47224.9
2267,38.2638,29865.9,29878.3,34865.7,47505.2
2268,38.2791,29865.9,29878.3,34743.2,48882.4
2269,38.2943,29865.9,29878.3,34547.1,49305.1
2270,38.3096,29865.9,29878.3,34664.7,48561.1
2271,38.3251,29865.9,29878.3,35285.5,50388.1
2272,38.3405,29865.9,29878.3,34584.6,46925.2
2273,38.3562,29865.9,29878.3,35151.2,46932.9
2274,38.3719,29865.9,29878.3,35270.4,51040.8
2275,38.3875,29865.9,29878.3,34768.2,48926.1
2276,38.4032,29865.9,29878.3,35421.2,47434.6
2277,38.4192,29865.9,29878.3,35766.9,50338.4
2278,38.4353,29865.9,29878.3,35962.4,52945.7
2279,38.4512,29865.9,29878.3,35549.9,55373.3
2280,38.4672,29865.9,29878.3,35876.9,49456.4
2281,38.4833,29865.9,29878.3,35919.8,47830.8
2282,38.4994,29865.9,29878.3,36124.7,48935.5
2283,38.5154,29865.9,29878.3,36801.4,51769.3
2284,38.5318,29865.9,29878.3,36449.5,49997.2
2285,38.548,29865.9,29878.3,35958.6,50039.3
2286,38.564,29865.9,29878.3,35917,48830.8
2287,38.5801,29865.9,29878.3,36064.3,52146.3
2288,38.5967,29865.9,29878.3,36365.9,51865.4
2289,38.613,29865.9,29878.3,36490.2,48855.6
2290,38.6296,29865.9,29878.3,36522.6,48818.9
2291,38.6463,29865.9,29878.3,36865.9,52198.5
2292,38.6626,29865.9,29878.3,36178.2,50576.3
2293,38.6793,29865.9,29878.3,36691.2,48992.3
2294,38.6939,29865.9,29878.3,33832.6,48894.2
2295,38.7091,29865.9,29878.3,34433.1,45083.2
2296,38.7243,29865.9,29878.3,34507.6,48085.1
2297,38.7394,29865.9,29878.3,34061.1,46261.7
2298,38.7547,29865.9,29878.3,34549,46332.1
2299,38.7701,29865.9,29878.3,34623.3,45673.8
2300,38.7854,29865.9,29878.3,34481.8,49534.9
2301,38.801,29865.9,29878.3,34827,49437.7
2302,38.8166,29865.9,29878.3,34637.5,46026.2
2303,38.8323,29865.9,29878.3,34929.6,50773.3
2304,38.8477,29865.9,29878.3,34948.4,48508.7
2305,38.8635,29865.9,29878.3,35546.7,48291.4
2306,38.8791,29865.9,29878.3,35355,47552.2
2307,38.8949,29865.9,29878.3,35279.7,48032.6
2308,38.9105,29865.9,29878.3,35044,49888.1
2309,38.9262,29865.9,29878.3,34774.9,47916.3
2310,38.9417,29865.9,29878.3,35114.9,47169.2
2311,38.9579,29865.9,29878.3,35933,49952.1
2312,38.9739,29865.9,29878.3,35953.2,49451.2
2313,38.9899,29865.9,29878.3,35952,52409.3
2314,39.0065,29865.9,29878.3,36460.9,53610.9
2315,39.0228,29865.9,29878.3,35727.9,49192.2
2316,39.0389,29865.9,29878.3,36028,52284.2
2317,39.0553,29865.9,29878.3,36050.6,53137.2
2318,39.0716,29865.9,29878.3,35804.9,52521.6
2319,39.088,29865.9,29878.3,36225.4,48274.6
2320,39.1043,29865.9,29878.3,35922.5,51026.7
2321,39.1208,29865.9,29878.3,36297.1,54545.7
2322,39.1373,29865.9,29878.3,36777.4,53402.6
2323,39.1539,29865.9,29878.3,37299.7,50891.1
2324,39.1705,29865.9,29878.3,36455,48256.3
2325,39.1876,29865.9,29878.3,37600.8,52823.7
2326,39.2044,29865.9,29878.3,37226.2,48740.4
2327,39.2212,29865.9,29878.3,37223.6,49242.5
2328,39.2382,29865.9,29878.3,37283.2,57397
2329,39.2551,29865.9,29878.3,37351,51654.8
2330,39.2721,29865.9,29878.3,37412.5,53772.6
2331,39.2891,29865.9,29878.3,37674.1,51799.8
2332,39.306,29865.9,29878.3,37163.9,51427.8
2333,39.3231,29865.9,29878.3,37704.9,49266.2
2334,39.3403,29865.9,29878.3,37996.8,51065.6
2335,39.3579,29865.9,29878.3,38258,54097.3
2336,39.3729,29865.9,29878.3,34615.2,49269.4
2337,39.3885,29865.9,29878.3,34807.7,46869.7
2338,39.404,29865.9,29878.3,34781.5,47294.7
2339,39.4192,29865.9,29878.3,34776.2,45811.7
2340,39.4347,29865.9,29878.3,34885.3,53425.1
2341,39.4497,29865.9,29878.3,34820.5,53258.5
2342,39.4654,29865.9,29878.3,35022.4,48781.2
2343,39.4813,29865.9,29878.3,35315,51792.9
2344,39.4968,29865.9,29878.3,34864.5,47943.9
2345,39.5125,29865.9,29878.3,35033.5,52387
2346,39.5282,29865.9,29865.9,35491.8,51013.5
2347,39.5436,29865.9,29878.3,35001.8,52025.8
2348,39.5591,29865.9,29878.3,35308.6,45444.6
2349,39.5752,29865.9,29878.3,35509.9,51691.5
2350,39.591,29865.9,29878.3,35320.6,49294.6
2351,39.6073,29865.9,29878.3,36274.3,51051.9
2352,39.6236,29865.9,29878.3,36256.5,51603.6
2353,39.6396,29865.9,29878.3,35586.2,52739.2
2354,39.6553,29865.9,29878.3,35681,53994.2
2355,39.672,29865.9,29878.3,36232.4,48436
2356,39.6884,29865.9,29878.3,36126.5,51484.9
2357,39.705,29865.9,29878.3,36473.1,50908.9
2358,39.7215,29865.9,29878.3,36816,50953.3
2359,39.7381,29865.9,29878.3,36995.4,55959.2
2360,39.755,29865.9,29878.3,37145.9,50796.3
2361,39.7717,29865.9,29878.3,36839.8,49034.8
2362,39.7885,29865.9,29878.3,36760.1,48003.7
2363,39.8053,29865.9,29878.3,36590.9,50336.6
2364,39.8222,29865.9,29878.3,37458.9,60707.9
2365,39.8391,29865.9,29878.3,37045.1,51389.2
2366,39.856,29865.9,29878.3,37524.7,49229.4
2367,39.8731,29865.9,29878.3,37490.5,57076.7
2368,39.8897,29865.9,29878.3,37707.9,51687.7
2369,39.9069,29865.9,29878.3,37746.2,48801.7
2370,39.9241,29865.9,29878.3,37483,50509.5
2371,39.9412,29865.9,29878.3,37591.5,57297.8
2372,39.9616,29865.9,29878.3,38051.6,51256.5
2373,39.9811,29865.9,29878.3,38091.4,56408.6
2374,39.9984,29865.9,29878.3,38136.9,52617.3
2375,40.0159,29865.9,29878.3,38664.6,53996.5
2376,40.0335,29865.9,29878.3,38404.6,53179.2
2377,40.0514,29865.9,29878.3,39066.5,50002.9
2378,40.0668,29865.9,29878.3,34920.9,46832.1
2379,40.0821,29865.9,29878.3,34840.3,46467.1
2380,40.0974,29865.9,29878.3,34781.2,46301.2
2381,40.113,29865.9,29878.3,35149.1,49277.8
2382,40.1288,29865.9,29878.3,35151,47463.3
2383,40.1452,29865.9,29878.3,36035.3,51520.8
2384,40.1609,29865.9,29878.3,35172.8,48987.9
2385,40.1767,29865.9,29878.3,35654.1,57130
2386,40.1928,29865.9,29878.3,35159,46043.8
2387,40.2092,29865.9,29878.3,36066.3,49143.5
2388,40.225,29865.9,29878.3,35824,49863.1
2389,40.2405,29865.9,29878.3,35216.7,50795.1
2390,40.2564,29865.9,29878.3,35673.3,51080.8
2391,40.2726,29865.9,29878.3,36386.1,49452.6
2392,40.2891,29865.9,29878.3,36215.4,47847.3
2393,40.3052,29865.9,29878.3,36337.5,57980.7
2394,40.3216,29865.9,29878.3,36702.1,48908.1
2395,40.3374,29865.9,29878.3,36288.9,50450.4
2396,40.3539,29865.9,29878.3,36690.4,49227.8
2397,40.3705,29865.9,29878.3,36304.5,51775.5
2398,40.3869,29865.9,29878.3,36167.5,51772.9
2399,40.4037,29865.9,29878.3,36751.1,49364.9
2400,40.4203,29865.9,29878.3,36503.6,53474.3
2401,40.4368,29865.9,29878.3,36278.9,53050.9
2402,40.4533,29865.9,29878.3,36305.9,49286.7
2403,40.4709,29865.9,29878.3,37605.8,51419.3
2404,40.488,29865.9,29878.3,37446.2,50228.3
2405,40.5051,29865.9,29878.3,37279.4,47659.1
2406,40.5217,29865.9,29878.3,36972.8,50686.8
2407,40.5385,29865.9,29878.3,37103.4,51769.2
2408,40.5555,29865.9,29878.3,37442.3,56998.5
2409,40.5726,29865.9,29878.3,37595.3,53793
2410,40.5894,29865.9,29878.3,37724.5,55234.9
2411,40.6067,29865.9,29878.3,37758.4,54014.7
2412,40.6238,29865.9,29878.3,37767.8,50768.2
2413,40.6409,29865.9,29878.3,37936.6,51819.1
2414,40.6585,29865.9,29878.3,38654.3,52025
2415,40.6762,29865.9,29878.3,38820.9,53364
2416,40.6914,29865.9,29878.3,34523.9,53295
2417,40.7074,29865.9,29878.3,35077.2,50860.2
2418,40.7232,29865.9,29878.3,35266,45905.8
2419,40.7386,29865.9,29878.3,34727.9,50205.4
2420,40.7549,29865.9,29878.3,35298.2,52175.5
2421,40.7704,29865.9,29878.3,34821.5,49817.1
2422,40.7862,29865.9,29878.3,35623.8,50415.4
2423,40.8024,29865.9,29878.3,35562.6,48828.5
2424,40.818,29865.9,29878.3,35356.1,49004
2425,40.8339,29865.9,29878.3,35388.6,49029
2426,40.8501,29865.9,29878.3,35960.8,50439.5
2427,40.8659,29865.9,29878.3,35639.3,46593.1
2428,40.8823,29865.9,29878.3,36021.3,56158.5
2429,40.8984,29865.9,29878.3,35914.6,52173.7
2430,40.9144,29865.9,29878.3,35823.2,47796.2
2431,40.9308,29865.9,29878.3,36395.9,49259.2
2432,40.9467,29865.9,29878.3,35610.5,49302.1
2433,40.9626,29865.9,29878.3,35564.5,47051.2
2434,40.979,29865.9,29878.3,36100.2,52542.2
2435,40.9954,29865.9,29878.3,36456.5,47949.2
2436,41.0117,29865.9,29878.3,35970.9,55947.8
2437,41.0281,29865.9,29878.3,36231.6,50161.4
2438,41.0443,29865.9,29878.3,36684.3,49616.9
2439,41.0613,29865.9,29878.3,37454.6,56157.4
2440,41.0765,29865.9,29878.3,34584.8,45552.5
2441,41.0912,29865.9,29878.3,34465.6,49707.1
2442,41.1063,29865.9,29878.3,34597.2,47720.8
2443,41.1207,29865.9,29878.3,34051.6,42978.8
2444,41.1362,29865.9,29878.3,35078.7,49741.7
2445,41.1515,29865.9,29878.3,34930.8,49443.1
2446,41.1666,29865.9,29878.3,35269.1,48883.4
2447,41.1817,29865.9,29878.3,34889.2,46535.6
2448,41.1969,29865.9,29878.3,34633.4,46034.3
2449,41.2122,29865.9,29878.3,35303.5,52066
2450,41.2279,29865.9,29878.3,35354.4,47123.5
2451,41.2436,29865.9,29878.3,35234.1,48227.1
2452,41.2587,29865.9,29878.3,35113.6,48792.6
2453,41.275,29865.9,29878.3,35199.2,47997.9
2454,41.2908,29865.9,29878.3,36069,48979.5
2455,41.3059,29865.9,29878.3,34854.9,48045.1
2456,41.3211,29865.9,29878.3,35301.8,46361.2
2457,41.3371,29865.9,29878.3,36149.3,54772.5
2458,41.353,29865.9,29878.3,36147.3,48362.1
2459,41.3687,29865.9,29878.3,35092.4,45958.6
2460,41.3848,29865.9,29878.3,35973.1,53556.2
2461,41.4009,29865.9,29878.3,36207.7,50575.2
2462,41.4168,29865.9,29878.3,36217.8,55442.1
2463,41.4324,29865.9,29878.3,36112.6,51516.9
2464,41.4485,29865.9,29878.3,36466.8,50362
2465,41.4652,29865.9,29878.3,36722.5,50734.1
2466,41.4814,29865.9,29878.3,36865.6,55463.7
2467,41.4981,29865.9,29865.9,36686.2,52081.3
2468,41.5142,29865.9,29878.3,36240.1,51915.6
2469,41.5305,29865.9,29878.3,36861.6,50292.7
2470,41.5469,29865.9,29878.3,36978.2,50244.7
2471,41.5633,29865.9,29878.3,36955.6,53489.4
2472,41.5801,29865.9,29878.3,37055.6,51330.6
2473,41.5968,29865.9,29878.3,37231,48463
2474,41.6132,29865.9,29878.3,36628.5,49424
2475,41.6301,29865.9,29878.3,37449.3,49404.6
2476,41.6468,29865.9,29878.3,37229.8,48631.2
2477,41.6639,29865.9,29865.9,37730.8,51845
2478,41.6808,29865.9,29878.3,38144.9,55091.8
2479,41.6983,29865.9,29878.3,38873.7,51536.8
2480,41.7136,29865.9,29878.3,35317.4,49394.8
2481,41.7292,29865.9,29878.3,34698.8,47465.3
2482,41.7448,29865.9,29878.3,35005,49768.9
2483,41.7602,29865.9,29878.3,35210.9,49523.1
2484,41.7754,29865.9,29878.3,34970.7,50970
2485,41.7906,29865.9,29878.3,35384.6,45948.3
2486,41.806,29865.9,29878.3,34906.5,49150
2487,41.8216,29865.9,29878.3,35512.4,53663.3
2488,41.8367,29865.9,29878.3,35091.9,52222.3
2489,41.852,29865.9,29878.3,34947.1,47671.7
2490,41.8677,29865.9,29878.3,35935.7,50927.8
2491,41.8832,29865.9,29878.3,35171.2,48860.7
2492,41.8987,29865.9,29878.3,35420.4,49097.2
2493,41.9143,29865.9,29878.3,35810.8,49302.4
2494,41.93,29865.9,29878.3,36040.6,48749
2495,41.9461,29865.9,29878.3,36030,54265.4
2496,41.9622,29865.9,29878.3,36291.2,50904.9
2497,41.9787,29865.9,29878.3,36460.8,53440.6
2498,41.9949,29865.9,29878.3,36602.7,48183.2
2499,42.0123,29865.9,29878.3,36121.5,47456.9
2500,42.0291,29865.9,29878.3,36463.4,47643.2
2501,42.0444,29865.9,29878.3,34362.9,45043.1
2502,42.059,29865.9,29878.3,34085.6,49588.6
2503,42.0738,29865.9,29878.3,34099.3,45480.5
2504,42.0886,29865.9,29878.3,33952.8,46771.6
2505,42.1035,29865.9,29878.3,34595.6,47091.9
2506,42.1189,29865.9,29878.3,34852.4,47269.1
2507,42.1341,29865.9,29878.3,34628.5,48413.4
2508,42.1493,29865.9,29878.3,34315,49522.6
2509,42.164,29865.9,29878.3,34414.4,50407.1
2510,42.1791,29865.9,29878.3,34898.9,52364.2
2511,42.1944,29865.9,29878.3,34557.8,47134.4
2512,42.2099,29865.9,29878.3,34503.5,50491.3
2513,42.2256,29865.9,29878.3,34696,47433.9
2514,42.2421,29865.9,29878.3,35205.6,46985.2
2515,42.2588,29865.9,29878.3,35242.2,52201.6
2516,42.2757,29865.9,29878.3,35311.2,48146
2517,42.2918,29865.9,29878.3,35368.4,49706
2518,42.3074,29865.9,29878.3,35658.4,52438.7
2519,42.323,29865.9,29878.3,35373,49932.8
2520,42.3387,29865.9,29865.9,35914.2,53847.7
2521,42.3544,29865.9,29878.3,35688.9,50334.8
2522,42.3696,29865.9,29878.3,35001,45758.7
2523,42.3857,29865.9,29878.3,36099.2,55891.2
2524,42.4018,29865.9,29878.3,35986.4,49029.4
2525,42.4177,29865.9,29878.3,36142.1,54162.4
2526,42.4333,29865.9,29878.3,35775.3,47170.2
2527,42.4496,29865.9,29878.3,35882.6,49680.4
2528,42.4656,29865.9,29878.3,36574.4,55787.5
2529,42.4816,29865.9,29878.3,36563.2,53411.4
2530,42.4978,29865.9,29878.3,36722.5,50842.3
2531,42.5141,29865.9,29878.3,36418.2,52208.7
2532,42.53,29865.9,29878.3,35906.5,50419.1
2533,42.5448,29865.9,29878.3,34111.5,45619.9
2534,42.5595,29865.9,29878.3,34469.5,47052.4
2535,42.5747,29865.9,29878.3,34292,44441.1
2536,42.5897,29865.9,29878.3,34691.2,47337
2537,42.6046,29865.9,29878.3,34577.8,51100.4
2538,42.6196,29865.9,29878.3,34448.6,48149.7
2539,42.6348,29865.9,29878.3,34508.6,46035.7
2540,42.6502,29865.9,29878.3,34682.5,52364.5
2541,42.6655,29865.9,29878.3,34734.4,45279.2
2542,42.6809,29865.9,29878.3,35104.3,48050.5
2543,42.6965,29865.9,29878.3,35618.9,50913.5
2544,42.7124,29865.9,29878.3,34875.7,48112
2545,42.7279,29865.9,29878.3,35348.2,49977.3
2546,42.7433,29865.9,29878.3,35574,48293.9
2547,42.7586,29865.9,29878.3,35189.5,47987.2
2548,42.7741,29865.9,29878.3,35391.2,48460.9
2549,42.7898,29865.9,29878.3,35304.3,49538.8
2550,42.8053,29865.9,29878.3,35459.7,49400.5
2551,42.821,29865.9,29878.3,36084.1,48574.7
2552,42.8369,29865.9,29878.3,35888.3,47803.9
2553,42.8529,29865.9,29878.3,35851.9,51046.5
2554,42.8688,29865.9,29878.3,35901.1,49374
2555,42.8844,29865.9,29878.3,35524.3,47813.1
2556,42.9007,29865.9,29878.3,36420.3,49137.9
2557,42.9169,29865.9,29878.3,36019.3,52645.6
2558,42.9329,29865.9,29878.3,36229.4,49116.9
2559,42.9488,29865.9,29878.3,36251.4,53073.3
2560,42.9648,29865.9,29878.3,36271.3,52439.5
2561,42.9816,29865.9,29878.3,37236.6,53306.2
2562,42.9984,29865.9,29878.3,36934.1,51734.5
2563,43.0159,29865.9,29878.3,36546.3,48911.6
2564,43.0322,29865.9,29878.3,34785.4,51965.5
2565,43.0468,29865.9,29878.3,34202.1,45154.1
2566,43.0618,29865.9,29878.3,33981.1,46835.2
2567,43.0772,29865.9,29878.3,34483.4,47776.5
2568,43.0926,29865.9,29878.3,34322.3,44881.4
2569,43.1078,29865.9,29878.3,34412.9,60119
2570,43.1235,29865.9,29878.3,34469.7,49023.5
2571,43.1388,29865.9,29878.3,34458.1,46792
2572,43.1547,29865.9,29878.3,35122.7,48228.4
2573,43.17,29865.9,29878.3,34452.3,46945.4
2574,43.1857,29865.9,29878.3,34761,46977.4
2575,43.2018,29865.9,29878.3,35330.3,46754.1
2576,43.2181,29865.9,29878.3,35461.5,48013.5
2577,43.235,29865.9,29878.3,35828.6,50172.2
2578,43.251,29865.9,29878.3,34814.4,48203
2579,43.2672,29865.9,29878.3,35487,50904.7
2580,43.284,29865.9,29878.3,35458.6,52646.5
2581,43.3001,29865.9,29878.3,35860.8,52355.3
2582,43.3163,29865.9,29878.3,35791.2,48753.4
2583,43.3325,29865.9,29878.3,35639.5,49135.7
2584,43.3488,29865.9,29878.3,35714.4,49495.2
2585,43.3657,29865.9,29878.3,36211.8,54896
2586,43.3823,29865.9,29878.3,35975.7,51339.6
2587,43.3991,29865.9,29878.3,36450,53128.1
2588,43.4154,29865.9,29878.3,36261,48171.6
2589,43.4314,29865.9,29878.3,35520.6,50032.8
2590,43.4482,29865.9,29878.3,36390.6,52223.5
2591,43.465,29865.9,29878.3,36054.3,46890.9
2592,43.4813,29865.9,29865.9,35992.2,51081.2
2593,43.4986,29865.9,29878.3,37374,52830.3
2594,43.5154,29865.9,29878.3,36288.6,51953.1
2595,43.5324,29865.9,29878.3,36923.1,49563.1
2596,43.5494,29865.9,29878.3,37234.1,51430.2
2597,43.566,29865.9,29878.3,36557.6,50986.7
2598,43.5831,29865.9,29878.3,37482.6,53429.6
2599,43.6001,29865.9,29878.3,37302.7,53899.6
2600,43.6174,29865.9,29878.3,37171.8,51890.4
2601,43.6348,29865.9,29878.3,37812.4,50380.1
2602,43.652,29865.9,29878.3,37867.8,56690.6
2603,43.6693,29865.9,29878.3,38021.7,58969.9
2604,43.687,29865.9,29878.3,38013.2,49514.1
2605,43.7045,29865.9,29878.3,38047.4,51311.6
2606,43.722,29865.9,29878.3,38356.5,52075.8
2607,43.7396,29865.9,29878.3,38297.4,59355.2
2608,43.7572,29865.9,29878.3,38516.6,51962.8
2609,43.7746,29865.9,29878.3,37988.5,51623.7
2610,43.7925,29865.9,29878.3,38869.7,50460
2611,43.81,29865.9,29878.3,38267.2,53748
2612,43.8276,29865.9,29878.3,38149.6,53393.4
2613,43.8453,29865.9,29878.3,38586.3,49767.1
2614,43.8612,29865.9,29878.3,35279.7,51757.4
2615,43.8772,29865.9,29878.3,34994,51263.4
2616,43.8934,29865.9,29878.3,35669.3,47448.2
2617,43.909,29865.9,29878.3,35129.5,50370.8
2618,43.925,29865.9,29865.9,35373.7,50722.7
2619,43.9409,29865.9,29878.3,35759.6,48190.4
2620,43.9572,29865.9,29878.3,35558.5,47689.5
2621,43.9735,29865.9,29878.3,35541.1,50121.2
2622,43.9898,29865.9,29878.3,36421.4,52306.9
2623,44.0066,29865.9,29878.3,36413.6,51729
2624,44.023,29865.9,29878.3,36076.5,50678.1
2625,44.0391,29865.9,29878.3,35583.2,51575.9
2626,44.0559,29865.9,29878.3,36567.2,50906.2
2627,44.072,29865.9,29878.3,35889.4,54241.9
2628,44.0892,29865.9,29878.3,36887.9,52647
2629,44.1058,29865.9,29878.3,36065.5,48374.2
2630,44.123,29865.9,29878.3,37207,49572.3
2631,44.1399,29865.9,29878.3,36651.6,54255.6
2632,44.1566,29865.9,29878.3,37037.2,52198.1
2633,44.172,29865.9,29878.3,34674.8,48700.1
2634,44.1875,29865.9,29878.3,34493.1,45320.6
2635,44.2027,29865.9,29878.3,34098.4,44586.3
2636,44.2179,29865.9,29878.3,34349.4,46441
2637,44.2337,29865.9,29878.3,34951.6,48572
2638,44.2492,29865.9,29865.9,34933.1,51400.8
2639,44.2649,29865.9,29878.3,34897.1,46296.9
2640,44.2805,29865.9,29878.3,34728.6,50347.5
2641,44.2959,29865.9,29878.3,34595.9,47963.8
2642,44.3118,29865.9,29878.3,34956.1,46591.4
2643,44.3279,29865.9,29878.3,35392.7,47739
2644,44.3435,29865.9,29878.3,35471.8,50956.3
2645,44.3594,29865.9,29878.3,35395.8,52083.1
2646,44.3755,29865.9,29878.3,35325.6,48875.3
2647,44.3917,29865.9,29878.3,35447.7,49193.7
2648,44.4077,29865.9,29878.3,35445.9,46651.2
2649,44.4236,29865.9,29878.3,35223,50708.5
2650,44.4395,29865.9,29878.3,35294.7,54090.4
2651,44.4559,29865.9,29878.3,35623.7,48228.7
2652,44.4722,29865.9,29878.3,35709.6,52806.7
2653,44.4888,29865.9,29878.3,36117.5,50401.4
2654,44.5055,29865.9,29878.3,36596.4,48521
2655,44.5216,29865.9,29878.3,35950.6,51397.1
2656,44.5383,29865.9,29878.3,36370.5,49145.2
2657,44.5547,29865.9,29878.3,36217.3,49601.6
2658,44.5716,29865.9,29878.3,36695.7,50738
2659,44.5882,29865.9,29878.3,36665.3,51397.3
2660,44.6049,29865.9,29878.3,36495.5,52644
2661,44.6217,29865.9,29878.3,36526.5,49063.9
2662,44.6384,29865.9,29878.3,36491,49379.1
2663,44.6555,29865.9,29878.3,36922.6,51601.9
2664,44.6727,29865.9,29878.3,37477.1,56034.9
2665,44.6894,29865.9,29878.3,37368.9,49463
2666,44.7065,29865.9,29878.3,37175.5,51326.5
2667,44.7237,29865.9,29878.3,37053.4,51237.4
2668,44.7403,29865.9,29878.3,37152.8,52091.5
2669,44.7576,29865.9,29878.3,37163.9,47813.7
2670,44.7746,29865.9,29878.3,36908.5,51932.2
2671,44.7921,29865.9,29878.3,37696.1,53884.8
2672,44.8096,29865.9,29878.3,37773.1,51952.3
2673,44.8269,29865.9,29878.3,37408.1,49890.5
2674,44.8442,29865.9,29878.3,37114.3,50083.4
2675,44.8618,29865.9,29878.3,38289.3,51376.1
2676,44.8771,29865.9,29878.3,34383.7,47527.3
2677,44.8929,29865.9,29878.3,34540,47023.8
2678,44.9086,29865.9,29878.3,34927.1,44876.4
2679,44.9243,29865.9,29878.3,35225.3,50076.2
2680,44.9397,29865.9,29878.3,34813.7,50632.8
2681,44.9558,29865.9,29878.3,35185.8,48432.9
2682,44.9715,29865.9,29878.3,35057.6,48240.2
2683,44.9874,29865.9,29878.3,35294.6,49428.5
2684,45.0038,29865.9,29878.3,35811.2,47947.7
2685,45.02,29865.9,29878.3,35493.5,52791.5
2686,45.0365,29865.9,29878.3,35476.6,48482.7
2687,45.0528,29865.9,29878.3,35514.6,48789.1
2688,45.0694,29865.9,29878.3,36243.5,49525.8
2689,45.0859,29865.9,29878.3,35998.9,50054.8
2690,45.1026,29865.9,29878.3,35985.4,57620.1
2691,45.1192,29865.9,29878.3,36278.8,51378.7
2692,45.136,29865.9,29878.3,36535.9,49898.7
2693,45.1521,29865.9,29878.3,35866.2,52239.8
2694,45.1685,29865.9,29878.3,35966.2,49657.1
2695,45.1856,29865.9,29878.3,36330.9,53223.8
2696,45.202,29865.9,29878.3,36207.6,50712
2697,45.2193,29865.9,29878.3,37044.3,52341.2
2698,45.2361,29865.9,29878.3,36798.5,50390.1
2699,45.2528,29865.9,29865.9,36375.4,48521.6
2700,45.2699,29865.9,29878.3,37090,49017.9
2701,45.287,29865.9,29878.3,37040.4,50132.2
2702,45.3045,29865.9,29878.3,37212.6,50047.8
2703,45.321,29865.9,29878.3,36004.8,51852.2
2704,45.3385,29865.9,29878.3,37630.4,53994.7
2705,45.3559,29865.9,29878.3,37468.9,55033.7
2706,45.3734,29865.9,29878.3,37679.2,49175.4
2707,45.3908,29865.9,29878.3,37517.2,48809.9
2708,45.406,29865.9,29878.3,34559.2,47586.8
2709,45.4218,29865.9,29878.3,34884.5,48756.6
2710,45.4377,29865.9,29878.3,35091.4,50168.9
2711,45.4529,29865.9,29878.3,34412,49687.6
2712,45.4689,29865.9,29878.3,35469.2,48482.5
2713,45.4843,29865.9,29878.3,34516.5,47615.6
2714,45.5,29865.9,29878.3,34750.8,46249.9
2715,45.5161,29865.9,29878.3,35744.4,47507.5
2716,45.5323,29865.9,29878.3,35200,49529.1
2717,45.5482,29865.9,29878.3,34884.2,51265.2
2718,45.5642,29865.9,29878.3,34968.3,44768.4
2719,45.5802,29865.9,29878.3,35490.9,47046.3
2720,45.5967,29865.9,29878.3,35995.5,49889.7
2721,45.6125,29865.9,29878.3,35114.9,48962.9
2722,45.6286,29865.9,29878.3,35657.4,49674.6
2723,45.6446,29865.9,29878.3,35724.2,54643.4
2724,45.6609,29865.9,29878.3,36005.7,47648.9
2725,45.6773,29865.9,29878.3,35573.6,50359.9
2726,45.6937,29865.9,29878.3,36495.7,56244.4
2727,45.7104,29865.9,29878.3,36612.9,49437.7
2728,45.7272,29865.9,29878.3,36562.7,51623.2
2729,45.7437,29865.9,29878.3,36394.1,47660.1
2730,45.7608,29865.9,29878.3,37016.4,52108
2731,45.7778,29865.9,29878.3,36739.7,50340.9
2732,45.7929,29865.9,29878.3,33781,48412.7
2733,45.8086,29865.9,29878.3,34346.2,49744.3
2734,45.8241,29865.9,29878.3,34306.1,45390
2735,45.8397,29865.9,29878.3,34573.3,47598.1
2736,45.8551,29865.9,29878.3,34583.9,49563.4
2737,45.8706,29865.9,29878.3,34434.1,50597.3
2738,45.8863,29865.9,29878.3,34417,49205.5
2739,45.9018,29865.9,29878.3,34967.6,51616.5
2740,45.9178,29865.9,29878.3,34951.9,49578.2
2741,45.9334,29865.9,29878.3,34821.9,46869.6
2742,45.9488,29865.9,29878.3,34867.7,48148.3
2743,45.9641,29865.9,29878.3,34811.1,46261.9
2744,45.9798,29865.9,29878.3,35407.3,51524.9
2745,45.9957,29865.9,29878.3,35124.2,48065.4
2746,46.012,29865.9,29878.3,35730,56478.5
2747,46.0279,29865.9,29878.3,35130.3,46223.9
2748,46.0443,29865.9,29878.3,35936.4,51903.4
2749,46.0594,29865.9,29878.3,34295.2,48517.5
2750,46.0744,29865.9,29878.3,33469.1,47496.9
2751,46.0897,29865.9,29878.3,33770.7,45106.5
2752,46.1052,29865.9,29878.3,34375.6,48966
2753,46.1208,29865.9,29878.3,34025.3,48487.5
2754,46.1361,29865.9,29878.3,34393.8,48455.4
2755,46.1513,29865.9,29878.3,33875,49228.3
2756,46.1671,29865.9,29878.3,34224,43935.5
2757,46.1826,29865.9,29878.3,34069.5,45945.4
2758,46.1985,29865.9,29878.3,34310.4,46774.9
2759,46.2153,29865.9,29878.3,34435.9,48590.9
2760,46.2319,29865.9,29878.3,34599.6,47833.1
2761,46.2495,29865.9,29878.3,34600.5,49053.7
2762,46.2679,29865.9,29878.3,34536.4,46456.7
2763,46.2841,29865.9,29878.3,34781.7,51078.4
2764,46.2996,29865.9,29878.3,34715.1,49972.7
2765,46.3153,29865.9,29865.9,35019.9,48207.8
2766,46.3329,29865.9,29878.3,34973.1,47051.7
2767,46.349,29865.9,29878.3,34875.6,49300
2768,46.3665,29865.9,29878.3,35445,51028.2
2769,46.3862,29865.9,29878.3,34997.4,47973.7
2770,46.4025,29865.9,29878.3,35672,52577
2771,46.4181,29865.9,29878.3,35415.2,49146.2
2772,46.4338,29865.9,29878.3,34653.3,47287.4
2773,46.45,29865.9,29878.3,35003.1,46703.9
2774,46.4663,29865.9,29878.3,35885.1,46973
2775,46.4827,29865.9,29878.3,35775.7,48952.5
2776,46.4985,29865.9,29878.3,35244.2,45976.1
2777,46.5149,29865.9,29878.3,35933.3,51317.9
2778,46.53,29865.9,29878.3,33650.4,49566
2779,46.5449,29865.9,29878.3,34130,47721.7
2780,46.5602,29865.9,29878.3,34429.3,46253.9
2781,46.5758,29865.9,29878.3,34149.1,44940.7
2782,46.5912,29865.9,29878.3,34405.8,50755.2
2783,46.6066,29865.9,29878.3,34413.5,45011.1
2784,46.6219,29865.9,29878.3,34590.3,47354.4
2785,46.637,29865.9,29878.3,33753.7,45490.5
2786,46.6533,29865.9,29878.3,34245,44956.1
2787,46.6683,29865.9,29878.3,34695.5,47963.8
2788,46.6834,29865.9,29878.3,35047.4,51370.3
2789,46.6989,29865.9,29878.3,34443.7,48554.1
2790,46.7141,29865.9,29878.3,34437.9,52744.1
2791,46.7299,29865.9,29878.3,35062.2,46690.9
2792,46.7459,29865.9,29878.3,35617.4,50891.2
2793,46.7618,29865.9,29878.3,34893.6,47185.6
2794,46.7779,29865.9,29878.3,35239.2,45968
2795,46.7935,29865.9,29878.3,35262.7,48309.1
2796,46.8098,29865.9,29878.3,35646.2,46650
2797,46.8263,29865.9,29878.3,35251.8,46628.1
2798,46.843,29865.9,29878.3,36119.4,51067.4
2799,46.859,29865.9,29878.3,35254.1,47897.5
2800,46.8754,29865.9,29878.3,35695.1,50090.7
2801,46.8916,29865.9,29878.3,36099.2,50176.5
2802,46.9083,29865.9,29878.3,35868.8,47573.2
2803,46.9268,29865.9,29878.3,36223.6,52135.7
2804,46.9419,29865.9,29878.3,33682,48981.5
2805,46.9568,29865.9,29878.3,33470.4,46742
2806,46.9727,29865.9,29878.3,34127.6,47106.3
2807,46.9881,29865.9,29878.3,34312.1,45226.6
2808,47.0029,29865.9,29878.3,34094,47731.4
2809,47.0185,29865.9,29878.3,34243.5,48910
2810,47.034,29865.9,29878.3,34601.1,47498.8
2811,47.0494,29865.9,29878.3,34172.2,43554.8
2812,47.0649,29865.9,29878.3,34429.7,45031.8
2813,47.0804,29865.9,29878.3,34693.6,45596.4
2814,47.0963,29865.9,29878.3,34666.4,48942.8
2815,47.1117,29865.9,29865.9,34527.6,49714.4
2816,47.1271,29865.9,29878.3,34560.2,50372.4
2817,47.1425,29865.9,29878.3,34723.9,48360.9
2818,47.1582,29865.9,29878.3,35147.1,54306.4
2819,47.1742,29865.9,29878.3,35219.4,46085.6
2820,47.1901,29865.9,29878.3,34920,46384.3
2821,47.206,29865.9,29878.3,35125.3,52151
2822,47.2227,29865.9,29878.3,35550.3,50766.2
2823,47.2389,29865.9,29878.3,35607.4,53549.5
2824,47.2552,29865.9,29878.3,35415.7,53354.3
2825,47.271,29865.9,29878.3,35035,47988.7
2826,47.2873,29865.9,29878.3,35610.7,52694.6
2827,47.3035,29865.9,29878.3,35873.7,50382.5
2828,47.3192,29865.9,29878.3,35311.6,48658.5
2829,47.3355,29865.9,29878.3,35675.6,50971.6
2830,47.3519,29865.9,29878.3,36084.4,49509.8
2831,47.3689,29865.9,29878.3,36751.9,48831.8
2832,47.3852,29865.9,29878.3,36290,49847.5
2833,47.4014,29865.9,29878.3,35885.9,48233
2834,47.4179,29865.9,29878.3,35584.2,45148.6
2835,47.4344,29865.9,29878.3,36341.3,51582.5
2836,47.4511,29865.9,29878.3,36313.4,47876.5
2837,47.4681,29865.9,29878.3,36748.5,52447.5
2838,47.4851,29865.9,29878.3,36392.5,49600.4
2839,47.5023,29865.9,29878.3,36205.2,47384
2840,47.5186,29865.9,29878.3,36566.9,50468.4
2841,47.5351,29865.9,29878.3,36997.6,53187.4
2842,47.5524,29865.9,29878.3,37561.7,52778
2843,47.5698,29865.9,29878.3,37079.8,52452.9
2844,47.5863,29865.9,29878.3,36562,51280.2
2845,47.6033,29865.9,29878.3,37047.7,47910.8
2846,47.6205,29865.9,29878.3,36882.1,50048.8
2847,47.638,29865.9,29878.3,37637.1,51904.1
2848,47.6554,29865.9,29878.3,37783.4,53374.1
2849,47.671,29865.9,29878.3,34281.4,45843.6
2850,47.6866,29865.9,29878.3,34589.2,48114
2851,47.7025,29865.9,29878.3,34895.1,47341.3
2852,47.7183,29865.9,29878.3,35001.6,45934.7
2853,47.7336,29865.9,29878.3,34229.8,50116.2
2854,47.7491,29865.9,29878.3,34580.1,44528.4
2855,47.7651,29865.9,29878.3,35532.1,49647.6
2856,47.7816,29865.9,29878.3,34746.1,46461.6
2857,47.7978,29865.9,29878.3,35567.1,47336.3
2858,47.814,29865.9,29878.3,35511.2,46343.2
2859,47.8304,29865.9,29878.3,35625.3,52411.3
2860,47.8464,29865.9,29878.3,35241.8,48863.9
2861,47.863,29865.9,29878.3,35986.6,51596.7
2862,47.8791,29865.9,29878.3,35750.4,50224.7
2863,47.8956,29865.9,29878.3,35949.6,52842.3
2864,47.9119,29865.9,29878.3,36150.4,53096
2865,47.9285,29865.9,29878.3,35550.1,46877.1
2866,47.9454,29865.9,29878.3,36186.4,52347.8
2867,47.9615,29865.9,29878.3,35837.1,50957.3
2868,47.978,29865.9,29878.3,36046.1,48600.8
2869,47.9931,29865.9,29878.3,34087.7,49628.6
2870,48.0085,29865.9,29878.3,34737.9,50337.5
2871,48.0235,29865.9,29878.3,33914,46061.8
2872,48.0391,29865.9,29878.3,34312.9,48716.3
2873,48.0545,29865.9,29878.3,34041.7,47257.4
2874,48.0696,29865.9,29878.3,33891.6,46099
2875,48.0845,29865.9,29878.3,33825.2,46630.4
2876,48.0998,29865.9,29878.3,34576,52757.6
2877,48.115,29865.9,29878.3,34325.8,53570.9
2878,48.131,29865.9,29878.3,35058,52679.7
2879,48.1463,29865.9,29878.3,34303.7,47490.5
2880,48.1615,29865.9,29878.3,34344.2,48375.9
2881,48.1774,29865.9,29878.3,34953.9,48908.8
2882,48.1933,29865.9,29878.3,35273.1,52283.1
2883,48.2095,29865.9,29878.3,35083.5,46387.5
2884,48.2252,29865.9,29878.3,35014.2,54386.7
2885,48.2412,29865.9,29878.3,35270.3,47103.4
2886,48.2574,29865.9,29878.3,35357.3,49157.8
2887,48.2737,29865.9,29878.3,35083.5,46251.8
2888,48.2905,29865.9,29878.3,35714.8,53335.1
2889,48.3068,29865.9,29878.3,35471.2,49067
2890,48.323,29865.9,29878.3,35214.1,49916.1
2891,48.3392,29865.9,29878.3,35551.7,50513.4
2892,48.3552,29865.9,29878.3,35763.2,52193.6
2893,48.3716,29865.9,29878.3,36014.7,52586.6
2894,48.3881,29865.9,29878.3,35904.7,50179.7
2895,48.4043,29865.9,29878.3,35641.4,46529.8
2896,48.4206,29865.9,29878.3,35956.7,55866.2
2897,48.4371,29865.9,29878.3,36225.6,50981.4
2898,48.4541,29865.9,29878.3,36964.8,49462
2899,48.4706,29865.9,29878.3,36258.5,52631.9
2900,48.487,29865.9,29878.3,35974.5,49708.9
2901,48.5038,29865.9,29878.3,36015.6,50143.4
2902,48.5206,29865.9,29878.3,36556.3,52426.1
2903,48.5376,29865.9,29878.3,37047.6,50770.7
2904,48.5546,29865.9,29878.3,36880.3,52347.8
2905,48.5715,29865.9,29878.3,37001.1,55247.8
2906,48.5884,29865.9,29878.3,37058.4,57020.1
2907,48.6057,29865.9,29878.3,37453.4,54070
2908,48.6229,29865.9,29878.3,37281.8,51058.9
2909,48.6402,29865.9,29878.3,36933.7,49018.8
2910,48.6571,29865.9,29878.3,37204.4,49881.1
2911,48.6745,29865.9,29878.3,37535,52237.9
2912,48.6917,29865.9,29878.3,37566.1,50089.5
2913,48.709,29865.9,29878.3,37832.2,48952.8
2914,48.7263,29865.9,29878.3,38132.1,55472.9
2915,48.742,29865.9,29878.3,35021.2,47578.9
2916,48.7577,29865.9,29878.3,34903.9,46954.3
2917,48.7734,29865.9,29878.3,34958,48257.8
2918,48.7895,29865.9,29878.3,34987.6,47822.2
2919,48.8054,29865.9,29878.3,34799.6,50174.9
2920,48.821,29865.9,29878.3,34941.7,54118.9
2921,48.8366,29865.9,29878.3,34887.9,47119.9
2922,48.8531,29865.9,29878.3,35776.7,46056.2
2923,48.8688,29865.9,29878.3,34872.1,49823.1
2924,48.8854,29865.9,29878.3,35790.6,54584.2
2925,48.9018,29865.9,29878.3,35346,51414.2
2926,48.9181,29865.9,29878.3,35514.4,48289.1
2927,48.9348,29865.9,29878.3,35713.1,52302.5
2928,48.9498,29865.9,29878.3,33707.2,46365.7
2929,48.9646,29865.9,29878.3,33749,44597
2930,48.9798,29865.9,29878.3,33962.2,47154.9
2931,48.9947,29865.9,29878.3,33946.7,47159.9
2932,49.0104,29865.9,29878.3,34266.5,47902.3
2933,49.0255,29865.9,29878.3,33950.8,48403.3
2934,49.0408,29865.9,29878.3,33877.9,44072.4
2935,49.0564,29865.9,29878.3,34641.6,49485.4
2936,49.072,29865.9,29878.3,34482.2,47656.6
2937,49.0879,29865.9,29878.3,34943.5,47291.3
2938,49.1038,29865.9,29878.3,34707.5,47729.7
2939,49.1195,29865.9,29878.3,34640.6,47968.1
2940,49.1354,29865.9,29878.3,35117.5,47189
2941,49.1508,29865.9,29878.3,34631,47888.9
2942,49.1667,29865.9,29878.3,34859.1,48053.2
2943,49.1822,29865.9,29878.3,34655.8,47469.8
2944,49.1981,29865.9,29878.3,35083.8,46187.9
2945,49.2138,29865.9,29878.3,34621.2,53557.5
2946,49.2299,29865.9,29878.3,35738.7,46513.6
2947,49.2455,29865.9,29878.3,35143,47985.5
2948,49.2618,29865.9,29878.3,35556.8,52279.4
2949,49.2782,29865.9,29878.3,35585.3,48693.4
2950,49.294,29865.9,29878.3,34917.8,50059.8
2951,49.3104,29865.9,29878.3,34993.2,50514.9
2952,49.3265,29865.9,29878.3,35498.5,48313
2953,49.3428,29865.9,29878.3,35815.7,48095.8
2954,49.3591,29865.9,29878.3,35913.9,47903.1
2955,49.3756,29865.9,29878.3,35999.3,52752.5
2956,49.3923,29865.9,29878.3,36149,47824.2
2957,49.4092,29865.9,29878.3,36767.1,54407
2958,49.4255,29865.9,29878.3,35359.1,51111.4
2959,49.4426,29865.9,29878.3,35999.1,46876.9
2960,49.4593,29865.9,29878.3,36368.7,48312.7
2961,49.4771,29865.9,29878.3,36806.3,57799.5
2962,49.4938,29865.9,29878.3,36515,49444.6
2963,49.5109,29865.9,29878.3,36371.8,52269.8
2964,49.528,29865.9,29878.3,36670.3,50075.4
2965,49.5454,29865.9,29878.3,37064.5,52384.7
2966,49.5623,29865.9,29878.3,36643.4,53225.9
2967,49.5796,29865.9,29878.3,36795.3,48359.7
2968,49.5968,29865.9,29878.3,37255.9,52308.2
2969,49.6139,29865.9,29878.3,37597.7,49492.2
2970,49.6315,29865.9,29878.3,37902.7,57808
2971,49.6487,29865.9,29878.3,37245.6,51916.4
2972,49.6663,29865.9,29878.3,38307.3,56227.4
2973,49.6837,29865.9,29865.9,37259.5,51812.6
2974,49.7009,29865.9,29878.3,37560.1,49606.7
2975,49.7187,29865.9,29878.3,38260.6,55730.9
2976,49.7341,29865.9,29878.3,34461.1,48793.7
2977,49.7504,29865.9,29878.3,34887.3,52280.1
2978,49.7658,29865.9,29878.3,34229.2,47872.9
2979,49.7811,29865.9,29878.3,34734.6,49252.8
2980,49.7969,29865.9,29878.3,35266.9,47886.3
2981,49.8124,29865.9,29878.3,34669.4,48482.3
2982,49.8281,29865.9,29878.3,35012,50569.7
2983,49.8437,29865.9,29878.3,35368,48378.2
2984,49.8599,29865.9,29878.3,35440.9,48182.6
2985,49.8754,29865.9,29878.3,34825.2,47280.7
2986,49.8912,29865.9,29878.3,35267.8,46413.3
2987,49.9075,29865.9,29878.3,35753.7,49053.4
2988,49.9236,29865.9,29878.3,35835.7,48345.6
2989,49.9404,29865.9,29878.3,36235.7,48926.8
2990,49.9565,29865.9,29865.9,35464.6,47902.7
2991,49.9724,29865.9,29878.3,35334.2,48571.5
2992,49.9889,29865.9,29878.3,36359.4,50524.4
2993,50.005,29865.9,29878.3,36085.8,51653.9
2994,50.0219,29865.9,29878.3,36749.9,55083.2
2995,50.0388,29865.9,29878.3,36740.9,53028.4
2996,50.0557,29865.9,29878.3,36363.6,50910.7
2997,50.073,29865.9,29878.3,37024.9,55177.4
2998,50.0896,29865.9,29878.3,36612,50479
2999,50.1065,29865.9,29878.3,36513,52694.9
3000,50.123,29865.9,29878.3,36569.6,49188.9
3001,50.1405,29865.9,29878.3,37437.1,47795.3
3002,50.1572,29865.9,29878.3,36456.7,50473
3003,50.1742,29865.9,29878.3,36792.1,52230
3004,50.1917,29865.9,29878.3,37340.6,49612.4
3005,50.2089,29865.9,29878.3,37463.7,53247.5
3006,50.2259,29865.9,29878.3,37253.2,51440.8
3007,50.2433,29865.9,29878.3,38110.5,51862.1
3008,50.261,29865.9,29878.3,37353,52835.5
3009,50.2786,29865.9,29865.9,37311.9,53005.3
3010,50.2961,29865.9,29878.3,37802.4,52168.6
3011,50.3135,29865.9,29878.3,37764.3,51761.7
3012,50.3312,29865.9,29878.3,38048.9,54720.5
3013,50.3489,29865.9,29878.3,38309.1,54975.9
3014,50.3667,29865.9,29878.3,38107.6,50853.5
3015,50.3843,29865.9,29878.3,38181.8,53842
3016,50.4025,29865.9,29878.3,38547,50755
3017,50.4208,29865.9,29878.3,38613.2,57107.1
3018,50.4389,29865.9,29878.3,38984.8,53600.9
3019,50.4548,29865.9,29878.3,34968,52953.4
3020,50.4715,29865.9,29878.3,35267.4,53299.2
3021,50.4876,29865.9,29878.3,34891.8,45412.4
3022,50.5036,29865.9,29878.3,35625.6,54206.9
3023,50.5193,29865.9,29878.3,34952.1,49491.1
3024,50.5355,29865.9,29878.3,35685.2,52309.1
3025,50.5518,29865.9,29878.3,35805.6,48752.8
3026,50.5682,29865.9,29878.3,35585.5,50938.4
3027,50.5842,29865.9,29878.3,34854,48048.8
3028,50.6001,29865.9,29878.3,35276.5,48522.5
3029,50.6165,29865.9,29878.3,35543.9,47895.6
3030,50.6333,29865.9,29878.3,36213.8,48434.8
3031,50.6498,29865.9,29878.3,36508.2,52044.8
3032,50.6658,29865.9,29878.3,35578.5,50022.4
3033,50.6824,29865.9,29878.3,36714.2,52731.3
3034,50.6991,29865.9,29878.3,36442.4,52684.5
3035,50.7161,29865.9,29878.3,36017.4,49009.3
3036,50.7327,29865.9,29878.3,35859.6,52005
3037,50.7496,29865.9,29878.3,36337.2,50759.2
3038,50.7668,29865.9,29878.3,36672.4,50553
3039,50.7834,29865.9,29878.3,36697.8,49995.1
3040,50.8,29865.9,29878.3,36555.6,53867.6
3041,50.8171,29865.9,29878.3,36963.1,46724.1
3042,50.8344,29865.9,29878.3,37341.4,49840.6
3043,50.8518,29865.9,29878.3,37180.6,48558.9
3044,50.8693,29865.9,29878.3,37027.8,53969.8
3045,50.8872,29865.9,29878.3,37125.9,48654.9
3046,50.9023,29865.9,29878.3,34010.7,48019.5
3047,50.918,29865.9,29878.3,34764.7,49517.5
3048,50.9341,29865.9,29878.3,34998,53573.2
3049,50.9496,29865.9,29878.3,34695.1,48313.5
3050,50.9654,29865.9,29878.3,34830.1,48325.5
3051,50.9813,29865.9,29878.3,35216,46958.6
3052,50.9977,29865.9,29878.3,35285.7,47276.4
3053,51.0135,29865.9,29878.3,34906.8,52844.2
3054,51.0287,29865.9,29878.3,34518,51143.1
3055,51.0443,29865.9,29878.3,34909.3,51015.1
3056,51.0602,29865.9,29878.3,35226.9,48393.2
3057,51.0763,29865.9,29878.3,34926.9,45021.6
3058,51.0926,29865.9,29878.3,35424.9,46783.3
3059,51.1085,29865.9,29878.3,35813.8,50093.6
3060,51.125,29865.9,29878.3,35564.7,48101
3061,51.1414,29865.9,29865.9,35882.9,47816.5
3062,51.158,29865.9,29878.3,35548.9,52201.1
3063,51.1749,29865.9,29878.3,36293,46361.4
3064,51.1915,29865.9,29878.3,36141.9,55433.4
3065,51.208,29865.9,29878.3,36012.1,48519.1
3066,51.225,29865.9,29878.3,36593.8,52365.6
3067,51.2408,29865.9,29878.3,34170.9,46011.1
3068,51.2563,29865.9,29878.3,34112.6,48617.1
3069,51.2717,29865.9,29878.3,34628.9,47831.8
3070,51.2875,29865.9,29878.3,34450.5,47908.6
3071,51.3029,29865.9,29878.3,34641,50653.8
3072,51.3183,29865.9,29878.3,34171.3,47683.9
3073,51.3342,29865.9,29878.3,34681.7,51378.3
3074,51.3496,29865.9,29865.9,34759,46632.9
3075,51.3649,29865.9,29878.3,34634,48578.3
3076,51.3805,29865.9,29878.3,34305.5,44417.2
3077,51.3959,29865.9,29878.3,34658.7,47975
3078,51.4115,29865.9,29878.3,34438.9,47815.9
3079,51.4274,29865.9,29878.3,34984.9,48433
3080,51.4436,29865.9,29878.3,34795.6,47903.1
3081,51.4597,29865.9,29878.3,35235.2,49152.8
3082,51.4754,29865.9,29878.3,35143,47796
3083,51.4914,29865.9,29878.3,35040.8,47269.5
3084,51.5079,29865.9,29878.3,35559.5,50494.7
3085,51.5241,29865.9,29878.3,34772.3,50409.9
3086,51.5404,29865.9,29878.3,35558.7,46534
3087,51.5564,29865.9,29878.3,35223,49513.3
3088,51.5729,29865.9,29878.3,36002.1,49814
3089,51.5894,29865.9,29878.3,35599.9,50964.5
3090,51.6058,29865.9,29878.3,36273.4,53312.2
3091,51.6221,29865.9,29878.3,36064.3,51881.1
3092,51.6387,29865.9,29878.3,36538.5,47461.1
3093,51.6558,29865.9,29878.3,36460.5,53022.1
3094,51.6722,29865.9,29878.3,36395.1,49126.3
3095,51.6887,29865.9,29878.3,36360.7,49676.5
3096,51.7052,29865.9,29878.3,36005.6,47757.4
3097,51.7226,29865.9,29878.3,36877,52925.6
3098,51.7396,29865.9,29878.3,36365.7,50474.1
3099,51.7565,29865.9,29878.3,36711.2,48186.8
3100,51.7737,29865.9,29878.3,36946.3,50252.5
3101,51.7891,29865.9,29878.3,34590,46351.4
3102,51.8044,29865.9,29878.3,34286.3,48309
3103,51.8198,29865.9,29878.3,34266.8,46768.1
3104,51.8358,29865.9,29878.3,35115.3,55678.4
3105,51.8509,29865.9,29878.3,33798.8,45999.6
3106,51.8667,29865.9,29878.3,34839.9,46669
3107,51.8822,29865.9,29878.3,35046.2,47135.6
3108,51.8979,29865.9,29878.3,35153,49779.1
3109,51.9136,29865.9,29878.3,34548.5,45854.9
3110,51.9302,29865.9,29878.3,35702.9,47066
3111,51.9457,29865.9,29878.3,34741.5,50666.5
3112,51.9617,29865.9,29878.3,34944.5,47081.7
3113,51.9784,29865.9,29878.3,35536.6,47594
3114,51.9954,29865.9,29878.3,35141.1,52575.1
3115,52.0114,29865.9,29878.3,34957.6,47520.6
3116,52.0279,29865.9,29878.3,35960.4,52636.3
3117,52.0439,29865.9,29878.3,35430.2,47258
3118,52.0595,29865.9,29878.3,35255.4,52201.4
3119,52.0756,29865.9,29878.3,35933.5,51243.8
3120,52.092,29865.9,29878.3,35611.1,48263.5
3121,52.1086,29865.9,29878.3,36159.7,50173.4
3122,52.1252,29865.9,29878.3,35993.4,48650.8
3123,52.1423,29865.9,29878.3,36949.8,51050.1
3124,52.1588,29865.9,29878.3,36216.4,48315.2
3125,52.1756,29865.9,29878.3,36628.2,49124.4
3126,52.1919,29865.9,29878.3,36050.3,51073.2
3127,52.2072,29865.9,29878.3,33818.2,46055.3
3128,52.2224,29865.9,29878.3,34233.9,45205.3
3129,52.2376,29865.9,29878.3,34603.6,48323.4
3130,52.2526,29865.9,29878.3,33898.8,47174.7
3131,52.2683,29865.9,29878.3,34173.9,46550.2
3132,52.2844,29865.9,29878.3,34368.6,47663.3
3133,52.3001,29865.9,29878.3,34774.5,44966
3134,52.3157,29865.9,29878.3,34467.2,44587.2
3135,52.3313,29865.9,29878.3,34833.7,46749
3136,52.3471,29865.9,29878.3,34409.7,44721.4
3137,52.3628,29865.9,29878.3,35291.2,46146.3
3138,52.3793,29865.9,29878.3,35712.6,52036
3139,52.3949,29865.9,29878.3,34707.3,51210.2
3140,52.4105,29865.9,29878.3,34783,48768.5
3141,52.4265,29865.9,29878.3,35325.7,49876.3
3142,52.4425,29865.9,29878.3,35082.3,47242.5
3143,52.4585,29865.9,29878.3,35431.8,49973.8
3144,52.475,29865.9,29878.3,35548.2,49518.5
3145,52.4919,29865.9,29878.3,36180.9,47547.8
3146,52.5077,29865.9,29878.3,35750.1,57177
3147,52.5239,29865.9,29878.3,35433.5,49337.3
3148,52.54,29865.9,29878.3,35218.1,51013.1
3149,52.557,29865.9,29878.3,35526.8,48414.2
3150,52.5738,29865.9,29878.3,36179.9,49401.7
3151,52.5904,29865.9,29878.3,36207.4,52538.6
3152,52.6072,29865.9,29878.3,35894,48348.1
3153,52.6236,29865.9,29878.3,35760.8,51373.6
3154,52.6399,29865.9,29878.3,36159.2,48825
3155,52.6566,29865.9,29878.3,35987.1,48987.7
3156,52.6736,29865.9,29878.3,36437.7,51140.9
3157,52.6902,29865.9,29878.3,36396.1,57151.9
3158,52.7069,29865.9,29878.3,36902.5,48135.9
3159,52.7237,29865.9,29878.3,36556.9,50686.2
3160,52.741,29865.9,29878.3,37272.5,51776.5
3161,52.758,29865.9,29878.3,36782.2,49023.2
3162,52.7748,29865.9,29878.3,37025.6,51337
3163,52.7916,29865.9,29865.9,36911.2,53860.1
3164,52.8089,29865.9,29878.3,37465.6,51639.8
3165,52.8261,29865.9,29878.3,37343,48259
3166,52.8441,29865.9,29878.3,37928.6,53479.6
3167,52.8615,29865.9,29878.3,37325.5,52419.1
3168,52.8769,29865.9,29878.3,34999.7,49367.6
3169,52.8925,29865.9,29878.3,34534.7,53495.2
3170,52.9084,29865.9,29878.3,35047.7,49313.1
3171,52.9245,29865.9,29878.3,34768.4,46462.3
3172,52.9398,29865.9,29878.3,34751.5,48411.7
3173,52.956,29865.9,29878.3,35270.8,46867
3174,52.9718,29865.9,29878.3,34946.9,49906.3
3175,52.9877,29865.9,29878.3,35022,48844.7
3176,53.0034,29865.9,29878.3,34999.9,51735
3177,53.0192,29865.9,29878.3,35634.1,46778.4
3178,53.0351,29865.9,29878.3,35308.4,47415
3179,53.0501,29865.9,29878.3,33560.9,44826.4
3180,53.066,29865.9,29878.3,34391.1,45516.3
3181,53.0807,29865.9,29878.3,33831.6,46276.9
3182,53.0959,29865.9,29878.3,34518,53867.6
3183,53.1108,29865.9,29878.3,33784.3,47138.3
3184,53.1265,29865.9,29878.3,33907.1,45032.4
3185,53.1413,29865.9,29878.3,33717.7,47813.1
3186,53.1565,29865.9,29878.3,34440.8,50493.9
3187,53.1715,29865.9,29878.3,34036.9,46246.2
3188,53.1867,29865.9,29878.3,34102.8,47330.3
3189,53.2022,29865.9,29878.3,34532.9,48350.8
3190,53.2178,29865.9,29878.3,34746.8,49590.4
3191,53.2334,29865.9,29878.3,34678,47933.7
3192,53.2492,29865.9,29878.3,34629.8,50818.9
3193,53.2649,29865.9,29878.3,34873.7,45997.1
3194,53.2807,29865.9,29878.3,34850,49035.5
3195,53.2964,29865.9,29878.3,35003.5,46833.6
3196,53.3123,29865.9,29878.3,35340.2,49646.9
3197,53.3283,29865.9,29878.3,35166.9,52820
3198,53.3443,29865.9,29878.3,35549.9,47775.7
3199,53.3601,29865.9,29878.3,35060,45886.7
3200,53.3766,29865.9,29878.3,35980.7,53111.9
3201,53.393,29865.9,29878.3,35267.4,48099.2
3202,53.4094,29865.9,29865.9,35043.3,48416.5
3203,53.4256,29865.9,29878.3,35396.2,48790
3204,53.442,29865.9,29878.3,35720.9,49435.4
3205,53.4579,29865.9,29878.3,35500,49806.1
3206,53.4746,29865.9,29878.3,35876.8,52658
3207,53.4909,29865.9,29878.3,35694,49105.1
3208,53.5074,29865.9,29878.3,35792.5,48219.6
3209,53.524,29865.9,29878.3,35964,52466.2
3210,53.5406,29865.9,29878.3,35863.4,47752.7
3211,53.5571,29865.9,29878.3,36049.4,48839.3
3212,53.5721,29865.9,29878.3,33980.4,47803.6
3213,53.5875,29865.9,29878.3,34310.3,46387.8
3214,53.6028,29865.9,29878.3,34255.4,45368.5
3215,53.6179,29865.9,29878.3,34337.1,45355.6
3216,53.6331,29865.9,29878.3,34459,49421.2
3217,53.6488,29865.9,29878.3,34106.4,45297
3218,53.664,29865.9,29878.3,34763.5,48447.2
3219,53.6793,29865.9,29878.3,34530.7,47319.5
3220,53.6954,29865.9,29878.3,34713.8,50232.9
3221,53.7112,29865.9,29878.3,34749.3,52232.9
3222,53.7269,29865.9,29865.9,34858.7,45090
3223,53.7428,29865.9,29878.3,35055.3,46911.2
3224,53.7586,29865.9,29878.3,35229.2,52153.7
3225,53.7745,29865.9,29878.3,35092.4,52241.8
3226,53.7906,29865.9,29878.3,35282.3,48686.4
3227,53.8066,29865.9,29878.3,34600.2,45683.8
3228,53.8234,29865.9,29878.3,36214.5,49960.7
3229,53.8395,29865.9,29878.3,35352.1,47651.3
3230,53.8551,29865.9,29878.3,35187.6,54074.5
3231,53.8712,29865.9,29878.3,35484.8,48251.1
3232,53.8864,29865.9,29878.3,33773.1,48822.7
3233,53.9015,29865.9,29878.3,33822.2,45107.5
3234,53.9162,29865.9,29878.3,33707.3,43161.3
3235,53.9321,29865.9,29878.3,34369.1,45221.4
3236,53.9469,29865.9,29878.3,34095.5,48828.9
3237,53.9617,29865.9,29878.3,33840.1,48536.7
3238,53.9772,29865.9,29878.3,34061.3,46581.7
3239,53.9925,29865.9,29878.3,34020.2,48519.4
3240,54.0081,29865.9,29878.3,34597.4,47352.9
3241,54.0235,29865.9,29878.3,34465.9,49612.4
3242,54.0392,29865.9,29878.3,34407.6,49261.1
3243,54.0559,29865.9,29878.3,34414.9,53147.1
3244,54.0718,29865.9,29878.3,34688.7,48033.7
3245,54.0873,29865.9,29878.3,34790,50430.7
3246,54.103,29865.9,29878.3,34513.7,45753.8
3247,54.1191,29865.9,29878.3,35106.5,49501.5
3248,54.1348,29865.9,29878.3,35165.6,48271.8
3249,54.1507,29865.9,29878.3,34523.8,50843.4
3250,54.1662,29865.9,29878.3,34694.1,47672.2
3251,54.1828,29865.9,29878.3,35072.7,48021.5
3252,54.1979,29865.9,29878.3,34695.5,52732.6
3253,54.2135,29865.9,29878.3,34843.8,49952.8
3254,54.2297,29865.9,29878.3,35682.8,53379.3
3255,54.2458,29865.9,29878.3,35567.9,50285.4
3256,54.262,29865.9,29878.3,35306.7,47108.4
3257,54.2782,29865.9,29878.3,35202.5,50536.6
3258,54.2941,29865.9,29878.3,35120.1,45467.9
3259,54.3104,29865.9,29878.3,35848.3,51850.4
3260,54.327,29865.9,29878.3,36328.2,54212.9
3261,54.3431,29865.9,29878.3,35838.9,51283.9
3262,54.3595,29865.9,29878.3,36206.4,48793.5
3263,54.3767,29865.9,29878.3,35886.7,50124.9
3264,54.3934,29865.9,29878.3,36509.7,54319.3
3265,54.4086,29865.9,29878.3,34195.3,50658.8
3266,54.4245,29865.9,29878.3,34929.6,50311.7
3267,54.4394,29865.9,29878.3,33848.1,46097.4
3268,54.4546,29865.9,29878.3,33769.9,47849.9
3269,54.4704,29865.9,29878.3,34503.6,47034.9
3270,54.4855,29865.9,29878.3,34162.9,49565.4
3271,54.5014,29865.9,29865.9,35008,47398.8
3272,54.5171,29865.9,29878.3,34687,46764.8
3273,54.5331,29865.9,29878.3,35126.1,48609.3
3274,54.5494,29865.9,29878.3,34545.3,50355.1
3275,54.5654,29865.9,29878.3,34945.2,48031.5
3276,54.5807,29865.9,29878.3,34363.7,47040.3
3277,54.5963,29865.9,29878.3,35015.9,48793.3
3278,54.6117,29865.9,29878.3,34628.7,46485.6
3279,54.6278,29865.9,29878.3,35020.4,47393
3280,54.6437,29865.9,29878.3,35032.7,49621.5
3281,54.6598,29865.9,29878.3,35254.1,46582.1
3282,54.6757,29865.9,29878.3,35461.5,52350
3283,54.6919,29865.9,29878.3,35790,50644
3284,54.7081,29865.9,29878.3,35585.5,49603.2
3285,54.7243,29865.9,29878.3,35421,51589.7
3286,54.7406,29865.9,29878.3,35739.2,51780.1
3287,54.7567,29865.9,29878.3,35785.2,47687.5
3288,54.7728,29865.9,29878.3,35605.9,51810.1
3289,54.7895,29865.9,29878.3,35386.8,48006.4
3290,54.8064,29865.9,29878.3,36504.7,49340
3291,54.8228,29865.9,29878.3,36050,50639.4
3292,54.8391,29865.9,29878.3,36193.7,49431.1
3293,54.8557,29865.9,29878.3,36395.9,51261.5
3294,54.8723,29865.9,29878.3,35956.7,48143.2
3295,54.8887,29865.9,29878.3,36359.1,50712.9
3296,54.9055,29865.9,29878.3,36890.2,46113.5
3297,54.9223,29865.9,29878.3,36461.4,48836
3298,54.9388,29865.9,29878.3,35947.8,48319.3
3299,54.9559,29865.9,29878.3,36573.2,50721.9
3300,54.9734,29865.9,29878.3,37529.2,52066.3
3301,54.9907,29865.9,29878.3,37440.5,52118.4
3302,55.0079,29865.9,29878.3,37486.7,49926.2
3303,55.0251,29865.9,29878.3,36830.8,50792.4
3304,55.042,29865.9,29878.3,37002.2,49378.4
3305,55.0591,29865.9,29878.3,37290.3,56383.5
3306,55.0764,29865.9,29878.3,37530.3,55013.6
3307,55.0937,29865.9,29878.3,37420.6,51976.4
3308,55.111,29865.9,29878.3,37575.6,52280.9
3309,55.1284,29865.9,29878.3,37535.3,51640
3310,55.1464,29865.9,29878.3,38032.2,57224.3
3311,55.1636,29865.9,29878.3,37638.2,50522.1
3312,55.1815,29865.9,29878.3,38249.5,56972.9
3313,55.1991,29865.9,29878.3,37980.6,55097.8
3314,55.2146,29865.9,29878.3,34476.7,46913.9
3315,55.2307,29865.9,29878.3,35330.1,50107.6
3316,55.2467,29865.9,29878.3,35282.6,52906.4
3317,55.2622,29865.9,29878.3,34830.7,47153.4
3318,55.278,29865.9,29878.3,34754.3,50372.9
3319,55.2944,29865.9,29878.3,36117.5,49714
3320,55.3107,29865.9,29878.3,35432.3,49322.3
3321,55.3267,29865.9,29878.3,35376.4,48882
3322,55.3426,29865.9,29878.3,35340.6,46056.1
3323,55.3588,29865.9,29878.3,35327.9,52673.3
3324,55.375,29865.9,29878.3,35550.3,50226.8
3325,55.3923,29865.9,29878.3,35792.7,51347.9
3326,55.4088,29865.9,29878.3,36227.3,51930.3
3327,55.4252,29865.9,29878.3,35914.3,46760.6
3328,55.4417,29865.9,29878.3,36052.8,50032.4
3329,55.4585,29865.9,29878.3,35993,47327.7
3330,55.4755,29865.9,29878.3,36418.1,48827.7
3331,55.4923,29865.9,29878.3,36364,53439.5
3332,55.5089,29865.9,29878.3,36760.5,53154.2
3333,55.5256,29865.9,29878.3,36447.2,49205.9
3334,55.5427,29865.9,29878.3,36839.3,55390.7
3335,55.5598,29865.9,29878.3,36735.4,53734.7
3336,55.5768,29865.9,29878.3,36738.1,50256.6
3337,55.5937,29865.9,29878.3,37260.7,54336.2
3338,55.6107,29865.9,29878.3,36905.1,53664.4
3339,55.6282,29865.9,29878.3,37847.2,49407.6
3340,55.6449,29865.9,29878.3,36655.4,49728.6
3341,55.6621,29865.9,29878.3,37093.2,54591.5
3342,55.6791,29865.9,29878.3,37631.5,52140.1
3343,55.6961,29865.9,29878.3,37433.5,51253
3344,55.7137,29865.9,29878.3,37624.2,54774.4
3345,55.731,29865.9,29878.3,37068.2,51894.7
3346,55.748,29865.9,29878.3,37030.2,52281.1
3347,55.7652,29865.9,29878.3,36972.9,49495.8
3348,55.7829,29865.9,29878.3,38252.2,54954.8
3349,55.8005,29865.9,29878.3,38060.1,54397.6
3350,55.8179,29865.9,29878.3,38411.4,51780.9
3351,55.836,29865.9,29878.3,38370.6,54172.9
3352,55.8536,29865.9,29878.3,39038.6,54871.1
3353,55.8711,29865.9,29878.3,38256.7,49420.4
3354,55.8891,29865.9,29878.3,39141.3,52870.6
3355,55.9067,29865.9,29878.3,38584.8,59879.7
3356,55.9244,29865.9,29878.3,38648.3,54556.1
3357,55.9399,29865.9,29878.3,34679.6,46876.1
3358,55.9562,29865.9,29878.3,35942.6,50922.3
3359,55.9722,29865.9,29878.3,35075.2,50817.9
3360,55.9885,29865.9,29878.3,35548.4,55875.4
3361,56.0046,29865.9,29878.3,35094.7,49072.4
3362,56.0207,29865.9,29878.3,35144.1,49832.2
3363,56.0368,29865.9,29878.3,35477,52247
3364,56.0529,29865.9,29878.3,35709.6,51701.7
3365,56.0691,29865.9,29878.3,35729.9,49071.2
3366,56.0859,29865.9,29878.3,36089.6,47800.1
3367,56.1018,29865.9,29878.3,35730.8,57186.5
3368,56.1186,29865.9,29878.3,35852.8,47656.3
3369,56.1353,29865.9,29878.3,36679.6,51018
3370,56.1511,29865.9,29878.3,36047.1,48474.6
3371,56.1672,29865.9,29878.3,36790.2,51617
3372,56.1837,29865.9,29878.3,36301.9,52128.8
3373,56.2002,29865.9,29878.3,35924.9,47638.4
3374,56.2173,29865.9,29878.3,37186.1,51986.3
3375,56.2341,29865.9,29878.3,37034.3,51178.4
3376,56.2509,29865.9,29878.3,36924.4,54960.2
3377,56.2673,29865.9,29878.3,36296.1,50675.8
3378,56.2843,29865.9,29878.3,37521.7,52097.4
3379,56.3015,29865.9,29878.3,37161.4,51017.8
3380,56.3186,29865.9,29878.3,37075.1,54493.3
3381,56.3358,29865.9,29878.3,37355.3,50006.1
3382,56.3529,29865.9,29878.3,36824.2,52388.1
3383,56.3701,29865.9,29878.3,37191.1,52944
3384,56.3877,29865.9,29878.3,37850.8,56441.2
3385,56.4033,29865.9,29878.3,34581.3,49497.6
3386,56.4184,29865.9,29878.3,34316.9,51779.9
3387,56.4338,29865.9,29878.3,34265.4,48201.8
3388,56.4494,29865.9,29878.3,35025.4,46299.3
3389,56.4646,29865.9,29878.3,34772.4,48086.9
3390,56.4805,29865.9,29878.3,34932.6,51210.9
3391,56.4959,29865.9,29878.3,34869.4,49223.1
3392,56.512,29865.9,29878.3,35242.3,51553.8
3393,56.5279,29865.9,29878.3,35551.4,51260.4
3394,56.5435,29865.9,29878.3,35471.2,52396
3395,56.5596,29865.9,29878.3,35275.1,52305.4
3396,56.5756,29865.9,29878.3,35299.2,46620
3397,56.5916,29865.9,29878.3,35301.8,46957.5
3398,56.6078,29865.9,29878.3,35573.7,48683.1
3399,56.6244,29865.9,29878.3,36241.1,47975
3400,56.641,29865.9,29878.3,35724.8,51425.2
3401,56.6572,29865.9,29878.3,35506.7,47120
3402,56.6735,29865.9,29878.3,36140.7,52061.4
3403,56.6897,29865.9,29878.3,35272.6,50050
3404,56.706,29865.9,29878.3,35975.7,49447.1
3405,56.7228,29865.9,29878.3,36168.9,49235.2
3406,56.7392,29865.9,29878.3,36295.7,49309.8
3407,56.7558,29865.9,29878.3,36710.6,53060.6
3408,56.7732,29865.9,29878.3,36587.8,52414.3
3409,56.79,29865.9,29878.3,36315,55705.3
3410,56.8071,29865.9,29878.3,36825.2,51715.1
3411,56.8239,29865.9,29878.3,36700.1,52022.3
3412,56.8404,29865.9,29878.3,36714.5,48187.5
3413,56.8573,29865.9,29878.3,36856.9,53297.1
3414,56.8744,29865.9,29878.3,37302.7,51447.6
3415,56.8899,29865.9,29878.3,34423.6,43564.5
3416,56.9054,29865.9,29878.3,34899.5,50253.3
3417,56.9202,29865.9,29878.3,33999.1,47411.9
3418,56.9356,29865.9,29878.3,34785.3,46762.4
3419,56.9507,29865.9,29878.3,34605.8,45697.9
3420,56.9667,29865.9,29878.3,35074.6,48281.7
3421,56.9823,29865.9,29878.3,35127.9,58110.9
3422,56.998,29865.9,29878.3,35327.2,48683.9
3423,57.0141,29865.9,29878.3,35215.9,47930.1
3424,57.0298,29865.9,29878.3,34908.3,49322.3
3425,57.0454,29865.9,29878.3,35191.2,47845.2
3426,57.0612,29865.9,29878.3,35431.4,48716.6
3427,57.0776,29865.9,29878.3,35960.9,51478.6
3428,57.0941,29865.9,29878.3,35756,53908.8
3429,57.1103,29865.9,29878.3,35871,49916.8
3430,57.1268,29865.9,29878.3,36077.6,50807.3
3431,57.1427,29865.9,29878.3,35279.4,46376.4
3432,57.1593,29865.9,29878.3,35826,51639.9
3433,57.1756,29865.9,29878.3,35977.2,48406
3434,57.1916,29865.9,29878.3,35432.1,46921.2
3435,57.2082,29865.9,29878.3,36155.3,49241.3
3436,57.225,29865.9,29878.3,36575.1,53058.5
3437,57.2418,29865.9,29878.3,35814.3,54760.6
3438,57.258,29865.9,29878.3,35738.3,49646.1
3439,57.275,29865.9,29878.3,36723.8,51992.8
3440,57.2922,29865.9,29878.3,36230.2,50412
3441,57.3093,29865.9,29878.3,36542.7,49491.8
3442,57.3258,29865.9,29878.3,36364.3,49888.6
3443,57.3427,29865.9,29878.3,36686.7,49361.1
3444,57.3594,29865.9,29878.3,36451.5,49449.3
3445,57.3766,29865.9,29878.3,37097.9,53995.5
3446,57.3932,29865.9,29878.3,36824.7,50693.7
3447,57.4103,29865.9,29878.3,37209.5,53988.8
3448,57.4277,29865.9,29878.3,37490.6,50085.5
3449,57.4448,29865.9,29878.3,36949.8,52424.3
3450,57.4621,29865.9,29878.3,38163,53789.9
3451,57.4793,29865.9,29878.3,37670.9,50192.8
3452,57.4967,29865.9,29878.3,37810.1,50569.4
3453,57.5143,29865.9,29878.3,38151.2,52139.6
3454,57.532,29865.9,29878.3,38294.4,52751
3455,57.5498,29865.9,29878.3,38249.4,53226.9
3456,57.5678,29865.9,29878.3,38238.6,52852.3
3457,57.5854,29865.9,29878.3,38019.6,53363.9
3458,57.6036,29865.9,29878.3,38802.3,51298.5
3459,57.6214,29865.9,29878.3,38309.8,54162.6
3460,57.6371,29865.9,29865.9,34663,46139.6
3461,57.6526,29865.9,29878.3,34915.9,50796
3462,57.6685,29865.9,29878.3,35213.5,48042.5
3463,57.6844,29865.9,29878.3,35111.6,51723.8
3464,57.6998,29865.9,29878.3,34711.9,50009.4
3465,57.7153,29865.9,29878.3,34858.2,45266.7
3466,57.7308,29865.9,29878.3,34926.4,52259.5
3467,57.7468,29865.9,29878.3,35657.1,47914.3
3468,57.7631,29865.9,29865.9,36417.2,51928.3
3469,57.7798,29865.9,29878.3,36324.9,51399.4
3470,57.7959,29865.9,29878.3,35468.3,51725.7
3471,57.8125,29865.9,29878.3,35926.4,48188.4
3472,57.8288,29865.9,29878.3,35793.6,51301.1
3473,57.8454,29865.9,29878.3,36221.8,54645.3
3474,57.8618,29865.9,29878.3,36241.4,54208.6
3475,57.8783,29865.9,29878.3,36080.3,49021.6
3476,57.895,29865.9,29878.3,36273.3,49973.3
3477,57.912,29865.9,29878.3,36165.9,52285.9
3478,57.9281,29865.9,29878.3,36246,52833.8
3479,57.9443,29865.9,29878.3,36498.2,48957.4
3480,57.9616,29865.9,29878.3,37426.1,52776.7
3481,57.9789,29865.9,29878.3,37134.7,50331.9
3482,57.9956,29865.9,29878.3,36724.4,49942.5
3483,58.0126,29865.9,29878.3,37035.8,51542.7
3484,58.0297,29865.9,29878.3,36926.1,50920.4
3485,58.047,29865.9,29878.3,37267.5,48286.9
3486,58.0626,29865.9,29878.3,34702.2,46975.7
3487,58.0785,29865.9,29878.3,34751.6,46793.3
3488,58.0948,29865.9,29878.3,35430.5,49522
3489,58.1103,29865.9,29878.3,34536.3,48055.5
3490,58.1253,29865.9,29878.3,34026.8,46227.2
3491,58.141,29865.9,29878.3,35119.3,47191.5
3492,58.157,29865.9,29878.3,35230.1,48128.8
3493,58.1729,29865.9,29878.3,34655.8,47959.9
3494,58.1891,29865.9,29878.3,35113.6,46696.5
3495,58.2049,29865.9,29878.3,34959.5,49475.6
3496,58.2204,29865.9,29878.3,35220.4,50174.8
3497,58.2363,29865.9,29878.3,34876.7,46254.6
3498,58.2526,29865.9,29878.3,35973.1,49819
3499,58.2687,29865.9,29878.3,35373.2,47640.5
3500,58.2857,29865.9,29878.3,35740.9,49047.7
3501,58.3023,29865.9,29878.3,36019.9,48281.3
3502,58.3183,29865.9,29878.3,35521.9,49134.9
3503,58.3346,29865.9,29878.3,35766,54132.5
3504,58.3511,29865.9,29878.3,35498.3,48046.9
3505,58.3675,29865.9,29878.3,36093.4,48441.3
3506,58.3839,29865.9,29878.3,36419.2,48614
3507,58.4005,29865.9,29878.3,35898.2,48919.1
3508,58.4171,29865.9,29878.3,36966.2,58610.9
3509,58.4338,29865.9,29878.3,36012.2,53062.5
3510,58.4507,29865.9,29878.3,36610.1,51876.4
3511,58.4677,29865.9,29878.3,37011.9,49214.4
3512,58.4846,29865.9,29878.3,37018.3,54577.6
3513,58.5015,29865.9,29878.3,36633.6,52171.6
3514,58.5184,29865.9,29878.3,37048.4,50780.5
3515,58.5356,29865.9,29878.3,36880.7,50284.6
3516,58.5527,29865.9,29878.3,36707.4,51763.6
3517,58.5697,29865.9,29878.3,37053.9,54480.3
3518,58.5871,29865.9,29878.3,37620.5,52677.4
3519,58.6039,29865.9,29878.3,36738.5,49939.3
3520,58.6211,29865.9,29878.3,36645.5,48394.3
3521,58.6386,29865.9,29878.3,38021.7,54139.6
3522,58.6556,29865.9,29878.3,37414.9,48322.4
3523,58.6714,29865.9,29878.3,35116.4,51624.5
3524,58.6872,29865.9,29878.3,34658.9,47041.1
3525,58.7027,29865.9,29878.3,34887.1,52039.7
3526,58.7183,29865.9,29878.3,34822.2,45725.3
3527,58.7343,29865.9,29878.3,35056.2,45152.7
3528,58.7499,29865.9,29878.3,35269.2,50534.2
3529,58.766,29865.9,29878.3,35194.6,51937.3
3530,58.7823,29865.9,29878.3,35370.2,47602.2
3531,58.7983,29865.9,29878.3,35011.7,47897.9
3532,58.814,29865.9,29878.3,34925.2,48566.8
3533,58.83,29865.9,29878.3,35206.1,48877.7
3534,58.8458,29865.9,29878.3,35076.2,49301.5
3535,58.8621,29865.9,29878.3,35476.6,46285.2
3536,58.8783,29865.9,29878.3,35916.7,50740.3
3537,58.8944,29865.9,29878.3,35611.2,55121.6
3538,58.911,29865.9,29878.3,36341.6,50802.5
3539,58.9271,29865.9,29878.3,35698.2,48713.7
3540,58.9432,29865.9,29878.3,36036.4,49910.4
3541,58.9592,29865.9,29878.3,35512.6,47772.7
3542,58.9764,29865.9,29878.3,36248.5,48929.4
3543,58.9931,29865.9,29878.3,36710.3,50614.7
3544,59.0096,29865.9,29878.3,36308.9,49898.3
3545,59.0263,29865.9,29878.3,36211.1,50246
3546,59.0435,29865.9,29878.3,37112.5,51403.3
3547,59.0602,29865.9,29878.3,36493.2,50193.5
3548,59.0766,29865.9,29878.3,36873,57531.9
3549,59.0934,29865.9,29878.3,36526.4,50359.8
3550,59.1104,29865.9,29878.3,37101.8,48900.1
3551,59.1276,29865.9,29878.3,37277.3,50080.3
3552,59.1447,29865.9,29878.3,37296.3,54810.8
3553,59.1617,29865.9,29878.3,37291.9,51172.2
3554,59.1787,29865.9,29878.3,36847.7,50185.5
3555,59.1959,29865.9,29878.3,37588,50241.2
3556,59.2131,29865.9,29878.3,37558.1,50793.6
3557,59.2306,29865.9,29878.3,37630.6,50282.8
3558,59.2479,29865.9,29878.3,37606.5,49580.3
3559,59.2656,29865.9,29878.3,37655.9,52857
3560,59.2836,29865.9,29878.3,38689.8,53420.4
3561,59.3016,29865.9,29878.3,38984.3,57726.9
3562,59.3195,29865.9,29878.3,38518.6,56202.6
3563,59.3374,29865.9,29878.3,38610.1,52745.7
3564,59.3534,29865.9,29878.3,35366.2,49864
3565,59.3691,29865.9,29878.3,34822.7,48727.6
3566,59.385,29865.9,29878.3,35047.8,52447.6
3567,59.401,29865.9,29878.3,35166.4,49321.9
3568,59.4167,29865.9,29865.9,35124.1,54328.9
3569,59.4325,29865.9,29878.3,35231.7,48312.3
3570,59.4484,29865.9,29878.3,35237.4,48168
3571,59.4645,29865.9,29878.3,35627.6,46834.4
3572,59.4806,29865.9,29878.3,35695.5,49862.5
3573,59.497,29865.9,29878.3,35979.9,47378.5
3574,59.5128,29865.9,29878.3,35810.8,48627.6
3575,59.5294,29865.9,29878.3,35936.9,48090
3576,59.5455,29865.9,29878.3,35650.7,49027.8
3577,59.5614,29865.9,29878.3,35204,48373.6
3578,59.5781,29865.9,29878.3,36403.5,51217.4
3579,59.5949,29865.9,29878.3,36354.9,51132.6
3580,59.6118,29865.9,29878.3,36535.3,47401.2
3581,59.6281,29865.9,29878.3,36195.9,47118.7
3582,59.6449,29865.9,29878.3,36165.5,49424.6
3583,59.6621,29865.9,29878.3,37151.5,49187
3584,59.6789,29865.9,29878.3,36748.4,49911.4
3585,59.6955,29865.9,29878.3,36992.4,49381.6
3586,59.712,29865.9,29878.3,36876.7,51616.6
3587,59.7287,29865.9,29878.3,36559.8,48391
3588,59.7456,29865.9,29878.3,37125,52899.7
3589,59.7625,29865.9,29878.3,36800.5,50188.6
3590,59.7797,29865.9,29878.3,37601,49206.5
3591,59.7968,29865.9,29878.3,37700.8,53362.6
3592,59.8139,29865.9,29878.3,37070.2,51029.5
3593,59.8309,29865.9,29878.3,37495.7,50108.2
3594,59.848,29865.9,29878.3,37288.4,50233.8
3595,59.8634,29865.9,29878.3,34528,48529.3
3596,59.879,29865.9,29878.3,34615,50842.2
3597,59.8945,29865.9,29878.3,34841.4,51788.1
3598,59.9105,29865.9,29878.3,35157.1,48224.9
3599,59.9261,29865.9,29878.3,34932.7,52273.8
3600,59.9419,29865.9,29878.3,35150.6,48500.3
3601,59.958,29865.9,29878.3,35400.5,55340.7
3602,59.9736,29865.9,29878.3,35170.6,47310
3603,59.9895,29865.9,29878.3,35464,51945.7
3604,60.0054,29865.9,29865.9,35296.8,47022.3
3605,60.0215,29865.9,29878.3,35605.9,53028.4
3606,60.0373,29865.9,29878.3,35393.9,49657.7
3607,60.0532,29865.9,29878.3,35560.2,48863.4
3608,60.0697,29865.9,29878.3,36061.1,53779.9
3609,60.0856,29865.9,29878.3,35151,49000.2
3610,60.1021,29865.9,29878.3,35609.9,48146.8
3611,60.1187,29865.9,29878.3,36132.2,47380.2
3612,60.1351,29865.9,29878.3,35876.4,49593.4
3613,60.1519,29865.9,29878.3,36527.5,49226.7
3614,60.1689,29865.9,29878.3,36777.7,48305.9
3615,60.1852,29865.9,29878.3,36192.9,51160
3616,60.202,29865.9,29878.3,36585,48383.8
3617,60.2185,29865.9,29878.3,36348.5,49736.5
3618,60.2353,29865.9,29878.3,36695.9,50239.4
3619,60.2525,29865.9,29878.3,37067.7,51547.4
3620,60.2695,29865.9,29878.3,36864.5,52731.7
3621,60.2864,29865.9,29878.3,36584.7,49471.4
3622,60.3034,29865.9,29878.3,36372.3,53160.1
3623,60.3206,29865.9,29878.3,36941.5,48259
3624,60.3379,29865.9,29878.3,37553.8,52224.9
3625,60.3548,29865.9,29878.3,37049,57614.6
3626,60.372,29865.9,29878.3,36690.2,50877.3
3627,60.3891,29865.9,29878.3,37105.1,50358
3628,60.4067,29865.9,29878.3,37783.8,52118.6
3629,60.4223,29865.9,29878.3,34744.3,50238.7
3630,60.4379,29865.9,29878.3,34449.5,51657.8
3631,60.4531,29865.9,29878.3,34245.2,46386.7
3632,60.4686,29865.9,29878.3,34617.8,49762.1
3633,60.4844,29865.9,29878.3,35049.8,49626.5
3634,60.5005,29865.9,29878.3,35892.2,54800.6
3635,60.5162,29865.9,29878.3,34721.7,47419.9
3636,60.532,29865.9,29878.3,34826.2,47858.3
3637,60.5474,29865.9,29878.3,34995.9,51548.6
3638,60.5634,29865.9,29878.3,35459.9,48540.7
3639,60.5795,29865.9,29878.3,35457.4,47190.1
3640,60.595,29865.9,29878.3,35282.2,51320.3
3641,60.6113,29865.9,29878.3,35504.4,48847.4
3642,60.6277,29865.9,29878.3,35512.2,45869.4
3643,60.6442,29865.9,29878.3,35873.5,50524.9
3644,60.6606,29865.9,29878.3,36153.6,48929.6
3645,60.6771,29865.9,29878.3,35767.6,56954.6
3646,60.6936,29865.9,29878.3,36545.5,56702
3647,60.7096,29865.9,29878.3,35719.8,50887.4
3648,60.7269,29865.9,29878.3,36853.7,51290.1
3649,60.7434,29865.9,29878.3,35996.7,50823.7
3650,60.7598,29865.9,29878.3,35836.4,49284.5
3651,60.7765,29865.9,29878.3,36494.5,52845.8
3652,60.7931,29865.9,29878.3,36409.8,52172.7
3653,60.8099,29865.9,29878.3,35927.9,51862.6
3654,60.8266,29865.9,29878.3,36371.6,49488.3
3655,60.8433,29865.9,29878.3,36795.7,50804.1
3656,60.8606,29865.9,29878.3,37331.8,50302.2
3657,60.8776,29865.9,29878.3,37257.9,51293.6
3658,60.8943,29865.9,29878.3,36786.9,48272.9
3659,60.9112,29865.9,29878.3,36967.5,50787.4
3660,60.9287,29865.9,29878.3,37420.5,51392.2
3661,60.9438,29865.9,29878.3,34471.7,49821.9
3662,60.959,29865.9,29878.3,34415.4,50281.8
3663,60.9746,29865.9,29878.3,34601.8,46457.5
3664,60.9902,29865.9,29878.3,34708.3,49579.8
3665,61.0059,29865.9,29878.3,35187.8,47156.9
3666,61.0217,29865.9,29878.3,35114.2,49586.3
3667,61.0373,29865.9,29878.3,34852.3,44812.3
3668,61.053,29865.9,29878.3,35475.2,49211.8
3669,61.0686,29865.9,29878.3,34832,47534.2
3670,61.0847,29865.9,29878.3,35215.1,50659.3
3671,61.1008,29865.9,29878.3,35553.4,48660.1
3672,61.117,29865.9,29878.3,35377,48518.2
3673,61.1327,29865.9,29878.3,34915.4,47917.2
3674,61.1489,29865.9,29878.3,35491.7,51041.7
3675,61.165,29865.9,29878.3,35555,49296.8
3676,61.1814,29865.9,29878.3,36031.8,53145
3677,61.1976,29865.9,29878.3,36285.7,49035.3
3678,61.2138,29865.9,29878.3,35971.6,50604.9
3679,61.2301,29865.9,29878.3,35646.5,48530.4
3680,61.2465,29865.9,29878.3,35913.9,49053.4
3681,61.2636,29865.9,29878.3,36976.4,51470.9
3682,61.2799,29865.9,29878.3,36391,50636.2
3683,61.2953,29865.9,29878.3,34572.1,47588.4
3684,61.3106,29865.9,29878.3,34774.6,43910.6
3685,61.3258,29865.9,29865.9,34467.2,46873.6
3686,61.3411,29865.9,29878.3,34671.7,47342.3
3687,61.3567,29865.9,29878.3,34928.5,45702.1
3688,61.3718,29865.9,29878.3,34294.5,48370.8
3689,61.3873,29865.9,29878.3,34615.8,47906.7
3690,61.4028,29865.9,29878.3,34851.5,48780
3691,61.4182,29865.9,29878.3,35021.5,45891.8
3692,61.4334,29865.9,29878.3,34234.1,49814.9
3693,61.4487,29865.9,29878.3,34469,49824.3
3694,61.4644,29865.9,29878.3,35189.1,49863.4
3695,61.4803,29865.9,29878.3,35397.6,52812.3
3696,61.4958,29865.9,29878.3,34996.9,46481.8
3697,61.5113,29865.9,29878.3,34522.1,51110.1
3698,61.5274,29865.9,29878.3,35335.2,52313.7
3699,61.5436,29865.9,29878.3,35512.7,48019
3700,61.5592,29865.9,29878.3,35504.5,48343.6
3701,61.5752,29865.9,29878.3,35915.8,48278.1
3702,61.5914,29865.9,29878.3,35673.6,47630.9
3703,61.6075,29865.9,29878.3,35745.5,51334.8
3704,61.6242,29865.9,29878.3,36233.1,50512
3705,61.6407,29865.9,29878.3,35729.2,48688.4
3706,61.657,29865.9,29878.3,35870.6,49462.1
3707,61.6733,29865.9,29878.3,35732.1,52684.5
3708,61.6894,29865.9,29878.3,36094.7,52707.2
3709,61.7059,29865.9,29878.3,36163.5,52077.9
3710,61.7224,29865.9,29878.3,36321.3,49929.9
3711,61.7389,29865.9,29878.3,36216.1,49204.7
3712,61.7555,29865.9,29878.3,36177.7,49832
3713,61.7708,29865.9,29878.3,34619.5,45921.6
3714,61.7865,29865.9,29878.3,35007.1,51212.6
3715,61.8017,29865.9,29878.3,34374.8,47418.1
3716,61.8171,29865.9,29878.3,34644.9,48747.2
3717,61.8326,29865.9,29878.3,34580.9,47088.2
3718,61.848,29865.9,29878.3,34528.1,47186.6
3719,61.8635,29865.9,29878.3,34447.9,48882.8
3720,61.8792,29865.9,29878.3,35348.2,47045.2
3721,61.8951,29865.9,29878.3,35279.7,50046.6
3722,61.9114,29865.9,29878.3,35228.2,55128.4
3723,61.928,29865.9,29878.3,35378.8,47120.3
3724,61.9442,29865.9,29878.3,35102.2,49529.2
3725,61.9603,29865.9,29878.3,34998.3,47606.4
3726,61.9761,29865.9,29878.3,35429.6,49168.2
3727,61.9923,29865.9,29878.3,35514.7,56969.9
3728,62.0081,29865.9,29878.3,35165.4,51387.9
3729,62.0242,29865.9,29878.3,35540.2,44956.6
3730,62.0398,29865.9,29878.3,35344.7,46807.1
3731,62.0563,29865.9,29878.3,36020.3,53596.1
3732,62.0709,29865.9,29878.3,34164.3,48396
3733,62.086,29865.9,29878.3,33936.9,49596.2
3734,62.1009,29865.9,29878.3,33741.6,49499.9
3735,62.1155,29865.9,29878.3,33724.5,50212.7
3736,62.13,29865.9,29878.3,33408.2,45622.9
3737,62.1448,29865.9,29878.3,33718.2,45028
3738,62.1595,29865.9,29878.3,34241.2,48072
3739,62.1748,29865.9,29878.3,34196.6,45474.5
3740,62.19,29865.9,29878.3,34146.1,45281.2
3741,62.2049,29865.9,29878.3,33858.6,45614.4
3742,62.2206,29865.9,29878.3,34847.9,48025.8
3743,62.2365,29865.9,29878.3,34558.1,48885.2
3744,62.252,29865.9,29878.3,34941.8,46434.5
3745,62.2677,29865.9,29878.3,34546.6,47775.1
3746,62.2839,29865.9,29878.3,34355.4,51152.4
3747,62.2991,29865.9,29878.3,34235.9,46331.2
3748,62.3146,29865.9,29878.3,34940.2,46150.1
3749,62.3304,29865.9,29878.3,35197.9,49411.6
3750,62.3462,29865.9,29878.3,35074.6,46745.1
3751,62.3623,29865.9,29878.3,35281.6,48553.2
3752,62.3779,29865.9,29878.3,34956.2,48567.8
3753,62.3939,29865.9,29878.3,35256.3,47380.1
3754,62.4102,29865.9,29878.3,35576.8,46527.9
3755,62.426,29865.9,29878.3,35188.2,47747.1
3756,62.4415,29865.9,29878.3,35650.7,49646.5
3757,62.4589,29865.9,29878.3,36185.9,55711.6
3758,62.4751,29865.9,29878.3,35850.4,50919.5
3759,62.491,29865.9,29878.3,35754.4,47445
3760,62.5074,29865.9,29878.3,35856.4,52300.1
3761,62.5235,29865.9,29878.3,35304,49096.9
3762,62.54,29865.9,29878.3,36214.8,48160.1
3763,62.5568,29865.9,29878.3,36530.9,52645.5
3764,62.5738,29865.9,29878.3,36595.9,51340.8
3765,62.5901,29865.9,29878.3,35989,53072.6
3766,62.6067,29865.9,29878.3,36624.9,49998.9
3767,62.6231,29865.9,29878.3,35856.4,46908.4
3768,62.6397,29865.9,29878.3,36675,49636.3
3769,62.6564,29865.9,29878.3,36655.4,49727.2
3770,62.6726,29865.9,29865.9,36393.6,51783.8
3771,62.6896,29865.9,29878.3,36515.5,48268.2
3772,62.7069,29865.9,29878.3,37067.6,54436.4
3773,62.7242,29865.9,29878.3,37613.6,50452.4
3774,62.7414,29865.9,29878.3,37379,51682.1
3775,62.7585,29865.9,29878.3,37079.7,49085.2
3776,62.7741,29865.9,29878.3,34807.7,48030.4
3777,62.7899,29865.9,29878.3,35117.7,52807.9
3778,62.8054,29865.9,29878.3,34654.4,49961.2
3779,62.8206,29865.9,29878.3,34699,46321.5
3780,62.836,29865.9,29878.3,34711.6,47632.7
3781,62.8518,29865.9,29878.3,35325.9,48429.9
3782,62.8676,29865.9,29878.3,34735.1,47926.6
3783,62.883,29865.9,29878.3,34651.1,50664.6
3784,62.8989,29865.9,29878.3,35184.2,51420.4
3785,62.9151,29865.9,29878.3,35602.6,50222
3786,62.9313,29865.9,29878.3,35648,46997.2
3787,62.9473,29865.9,29878.3,35185.8,47212.6
3788,62.9634,29865.9,29878.3,35417.1,49212.8
3789,62.9795,29865.9,29878.3,35638,49876.9
3790,62.995,29865.9,29878.3,34352.1,47761.1
3791,63.0097,29865.9,29878.3,33660.5,45832.3
3792,63.0248,29865.9,29878.3,33859.6,48438.8
3793,63.0397,29865.9,29878.3,34215,46295.9
3794,63.0548,29865.9,29878.3,33752,50020.8
3795,63.0695,29865.9,29878.3,33812.3,47105.9
3796,63.0845,29865.9,29878.3,33995.4,50174.6
3797,63.0994,29865.9,29878.3,34030.7,50449.3
3798,63.1149,29865.9,29878.3,34545.1,54364.6
3799,63.13,29865.9,29878.3,34258.1,49736.9
3800,63.1452,29865.9,29878.3,34018.9,48128.1
3801,63.1603,29865.9,29878.3,34198.2,48124.6
3802,63.1759,29865.9,29878.3,34543.5,49957
3803,63.1914,29865.9,29878.3,34523.4,47459.7
3804,63.2068,29865.9,29878.3,34494.7,48342.8
3805,63.2223,29865.9,29878.3,34555.3,45180.4
3806,63.2377,29865.9,29878.3,34852.7,49007
3807,63.2521,29865.9,29878.3,33248.2,45552.9
3808,63.2669,29865.9,29878.3,33830.4,49227
3809,63.2824,29865.9,29878.3,33687.2,43662.7
3810,63.2971,29865.9,29878.3,33672.1,45932.3
3811,63.312,29865.9,29878.3,33721.8,43939.8
3812,63.3265,29865.9,29878.3,33288,45991.8
3813,63.3413,29865.9,29878.3,33791.7,43924.6
3814,63.3563,29865.9,29878.3,34050.7,50411.2
3815,63.3716,29865.9,29878.3,34099.4,46260.5
3816,63.3872,29865.9,29878.3,34589.1,44762.6
3817,63.4026,29865.9,29878.3,33871.4,45990.9
3818,63.4178,29865.9,29878.3,34405.2,51219.2
3819,63.433,29865.9,29878.3,34284.1,49627.6
3820,63.4487,29865.9,29878.3,34868.1,51350.3
3821,63.4646,29865.9,29878.3,33936.8,47621.4
3822,63.4797,29865.9,29878.3,34123.1,46163.6
3823,63.4949,29865.9,29878.3,34093.8,50771
3824,63.5101,29865.9,29878.3,34296.5,49903.5
3825,63.5254,29865.9,29878.3,34455.5,50839.4
3826,63.5407,29865.9,29878.3,34582.6,49132.2
3827,63.5563,29865.9,29878.3,34899.1,46720.7
3828,63.5727,29865.9,29878.3,35136,49178.7
3829,63.5885,29865.9,29878.3,34953.3,48736.9
3830,63.6042,29865.9,29878.3,35120.3,50085.1
3831,63.6201,29865.9,29878.3,35181.6,49023.8
3832,63.6363,29865.9,29878.3,35755,48765.9
3833,63.6523,29865.9,29878.3,34706.6,49885.2
3834,63.6682,29865.9,29878.3,35080,50062.6
3835,63.6843,29865.9,29878.3,35267.9,49207.7
3836,63.7005,29865.9,29878.3,35421.8,48166.3
3837,63.7167,29865.9,29878.3,35568.2,47194.7
3838,63.733,29865.9,29878.3,35641.9,50668.2
3839,63.7494,29865.9,29878.3,35600.9,52971.6
3840,63.7656,29865.9,29878.3,35903.1,50881.3
3841,63.7823,29865.9,29878.3,36122.1,50413.7
3842,63.7988,29865.9,29878.3,36219.7,51526.6
3843,63.8155,29865.9,29878.3,36509.1,51768.8
3844,63.8319,29865.9,29878.3,36374.7,50265.9
3845,63.8486,29865.9,29878.3,35732.4,51395.9
3846,63.8656,29865.9,29878.3,37140.7,52066.9
3847,63.8825,29865.9,29878.3,36592.3,50723.6
3848,63.8992,29865.9,29878.3,36531.6,50985.1
3849,63.9159,29865.9,29878.3,36760,53394.9
3850,63.9327,29865.9,29878.3,37133,54571.3
3851,63.9498,29865.9,29878.3,36653.4,54092.6
3852,63.9671,29865.9,29878.3,36970.1,49659.2
3853,63.9841,29865.9,29878.3,37091.9,52469
3854,64.0013,29865.9,29878.3,37317.9,50694.9
3855,64.0183,29865.9,29878.3,37141.6,54163.9
3856,64.0355,29865.9,29878.3,37362,52167.1
3857,64.0526,29865.9,29878.3,37921.9,51811.6
3858,64.0701,29865.9,29878.3,37672.1,54020.9
3859,64.087,29865.9,29878.3,37655.5,53565.2
3860,64.104,29865.9,29878.3,37876.9,50428.7
3861,64.1215,29865.9,29878.3,38038.9,53357.3
3862,64.1393,29865.9,29878.3,37938,52470.3
3863,64.1569,29865.9,29878.3,38699.2,55423.2
3864,64.174,29865.9,29878.3,37693.9,49948.8
3865,64.1918,29865.9,29878.3,38406.8,53785.2
3866,64.2099,29865.9,29878.3,38969.5,55286
3867,64.2274,29865.9,29878.3,38162.2,50770.8
3868,64.2452,29865.9,29878.3,39098.1,53436.7
3869,64.263,29865.9,29878.3,38431.4,57352.5
3870,64.2791,29865.9,29878.3,35162.9,50742.8
3871,64.2951,29865.9,29878.3,35229,49058.9
3872,64.311,29865.9,29878.3,35523.2,51758.8
3873,64.3277,29865.9,29878.3,35768.7,46556.4
3874,64.3431,29865.9,29878.3,34733.1,46161.8
3875,64.359,29865.9,29878.3,35274.7,49722.2
3876,64.375,29865.9,29878.3,35249.3,46036.8
3877,64.3913,29865.9,29878.3,35415.6,50054.2
3878,64.4075,29865.9,29878.3,35475.9,49030.4
3879,64.4239,29865.9,29878.3,36173.3,50240.6
3880,64.44,29865.9,29878.3,35711.3,48163.4
3881,64.4565,29865.9,29878.3,36178.1,47579.6
3882,64.473,29865.9,29878.3,36294.2,50839.3
3883,64.489,29865.9,29878.3,35517,50344.8
3884,64.5053,29865.9,29878.3,36074.3,47502.1
3885,64.5214,29865.9,29878.3,35992.4,49123
3886,64.5367,29865.9,29878.3,34196.9,47408.8
3887,64.5521,29865.9,29865.9,34386.6,48986.7
3888,64.5673,29865.9,29878.3,34470.2,47448.6
3889,64.5827,29865.9,29878.3,34607.6,48456.3
3890,64.598,29865.9,29878.3,34381.3,47763.9
3891,64.6136,29865.9,29878.3,34329.7,44258
3892,64.6291,29865.9,29878.3,34229,51426
3893,64.6443,29865.9,29878.3,34192.6,44742.9
3894,64.6596,29865.9,29878.3,34822.9,50840.2
3895,64.6752,29865.9,29878.3,34647.5,46761.1
3896,64.6904,29865.9,29878.3,34302.1,50958.1
3897,64.7063,29865.9,29878.3,35615.5,49547.1
3898,64.7219,29865.9,29878.3,34945.5,48412.5
3899,64.7372,29865.9,29878.3,35015.9,48829.8
3900,64.7529,29865.9,29878.3,34805.9,48176.8
3901,64.7686,29865.9,29878.3,34771.8,48811.5
3902,64.7845,29865.9,29878.3,35377.7,52636.3
3903,64.8005,29865.9,29878.3,35265.7,46945.4
3904,64.8164,29865.9,29878.3,34908.6,46624.9
3905,64.8333,29865.9,29878.3,36036.2,50953.9
3906,64.8498,29865.9,29878.3,35376.4,45751.9
3907,64.8663,29865.9,29878.3,36065.1,52851.6
3908,64.8826,29865.9,29878.3,35800.3,49796.3
3909,64.8986,29865.9,29878.3,36049,49618.4
3910,64.9148,29865.9,29878.3,36005.7,47932.6
3911,64.9314,29865.9,29878.3,36246.8,52383.7
3912,64.9482,29865.9,29878.3,36679.7,54037.9
3913,64.9645,29865.9,29878.3,36160.2,51780.1
3914,64.9811,29865.9,29878.3,36111.1,50439.1
3915,64.9976,29865.9,29878.3,36774.5,54845.1
3916,65.0142,29865.9,29878.3,36558.6,53509.3
3917,65.0294,29865.9,29878.3,34626.1,47921.6
3918,65.0447,29865.9,29878.3,34217.1,47369
3919,65.06,29865.9,29878.3,33794,50644.1
3920,65.0753,29865.9,29878.3,34253.7,47759
3921,65.0903,29865.9,29878.3,34324.1,48457.3
3922,65.1061,29865.9,29878.3,35024.7,45208.6
3923,65.1218,29865.9,29878.3,34825.9,48872.9
3924,65.1372,29865.9,29878.3,34690.2,46486.6
3925,65.153,29865.9,29878.3,34872.6,50117.3
3926,65.1693,29865.9,29878.3,35446.7,48638
3927,65.1849,29865.9,29878.3,34947,51995.6
3928,65.2006,29865.9,29878.3,34970.5,47612.6
3929,65.2165,29865.9,29878.3,35480.8,45084.9
3930,65.2325,29865.9,29878.3,35429.3,50016.9
3931,65.2489,29865.9,29878.3,35831.9,50730.2
3932,65.2652,29865.9,29878.3,35656.6,48750.8
3933,65.2811,29865.9,29878.3,35396.7,49793.3
3934,65.2961,29865.9,29865.9,33754.6,46891.3
3935,65.3113,29865.9,29878.3,34243.3,50914.4
3936,65.3265,29865.9,29878.3,34284.7,47111.6
3937,65.3415,29865.9,29878.3,34162.4,45359.3
3938,65.3561,29865.9,29865.9,33777.2,45921.6
3939,65.3709,29865.9,29878.3,34014.1,47264
3940,65.3862,29865.9,29865.9,34190.5,49308.1
3941,65.4019,29865.9,29878.3,34868.6,50300.4
3942,65.4172,29865.9,29878.3,34473,47296.1
3943,65.4322,29865.9,29878.3,34090.6,47918.2
3944,65.4479,29865.9,29878.3,34899.2,54369.6
3945,65.4637,29865.9,29878.3,34728.8,49761.2
3946,65.4791,29865.9,29878.3,34705.1,44956.7
3947,65.4942,29865.9,29878.3,34256.1,47321
3948,65.5097,29865.9,29878.3,34999.3,51420.7
3949,65.5251,29865.9,29865.9,34704.9,49190.2
3950,65.5409,29865.9,29878.3,34829.3,45938.8
3951,65.5564,29865.9,29878.3,34885.7,46702.1
3952,65.5722,29865.9,29878.3,34971.6,49186.5
3953,65.5879,29865.9,29878.3,35335.3,49492.6
3954,65.6038,29865.9,29878.3,35466.4,53016.7
3955,65.6198,29865.9,29878.3,35420.7,48718.7
3956,65.6357,29865.9,29878.3,35707.9,49166.1
3957,65.6519,29865.9,29878.3,35913.5,46864.9
3958,65.6677,29865.9,29865.9,35621.4,46950.2
3959,65.6837,29865.9,29865.9,35313.2,49662
3960,65.7003,29865.9,29878.3,36278.6,47196.7
3961,65.7167,29865.9,29878.3,36016.7,46313
3962,65.7336,29865.9,29878.3,36049.9,49918.2
3963,65.7496,29865.9,29878.3,35678.7,49860.5
3964,65.766,29865.9,29878.3,36286.7,47785.6
3965,65.7825,29865.9,29878.3,35922.5,51157.9
3966,65.7986,29865.9,29878.3,35377.9,51930.4
3967,65.8153,29865.9,29878.3,36783.7,48825.5
3968,65.832,29865.9,29878.3,36554.2,55704
3969,65.8487,29865.9,29878.3,36251.7,50834.1
3970,65.8657,29865.9,29878.3,36852.7,52962.9
3971,65.8823,29865.9,29878.3,36892.8,51739.9
3972,65.8994,29865.9,29878.3,36521.6,49948.7
3973,65.9163,29865.9,29878.3,36705,49608
3974,65.9331,29865.9,29878.3,36653.2,49371.1
3975,65.9502,29865.9,29878.3,36886.4,51919.9
3976,65.9676,29865.9,29878.3,36984.1,52993.1
3977,65.9845,29865.9,29878.3,36913.4,48635.3
3978,66.002,29865.9,29878.3,37408.5,50668.4
3979,66.0187,29865.9,29878.3,37344.7,52060.5
3980,66.0359,29865.9,29878.3,37552.9,50271.8
3981,66.0538,29865.9,29878.3,38421,50701.9
3982,66.0712,29865.9,29878.3,37641.6,51201.6
3983,66.0872,29865.9,29878.3,34962.3,48356.5
3984,66.1029,29865.9,29878.3,34631.1,51073.9
3985,66.1189,29865.9,29878.3,35243.8,48024.9
3986,66.1353,29865.9,29878.3,35099.3,50184.8
3987,66.1509,29865.9,29878.3,34640.4,44949.6
3988,66.1675,29865.9,29878.3,35615.4,47007.8
3989,66.1834,29865.9,29878.3,35101.7,52621.5
3990,66.1993,29865.9,29878.3,35301.5,47842.7
3991,66.2153,29865.9,29878.3,35612.8,49151.2
3992,66.2313,29865.9,29878.3,35505.1,47684.7
3993,66.2476,29865.9,29878.3,35804.2,49485.7
3994,66.2638,29865.9,29878.3,35976.1,49170.9
3995,66.2795,29865.9,29878.3,34944.4,48753.4
3996,66.2958,29865.9,29878.3,35398.2,51182.9
3997,66.3123,29865.9,29878.3,35612.8,47055.6
3998,66.3286,29865.9,29878.3,35905.1,50485.8
3999,66.345,29865.9,29865.9,35945.7,50013.1
