iter,elapsed_s,global_best_len,iter_best_len,iter_mean_len,iter_worst_len
0,0.0202949,36226.2,84594.8,105670,132182
1,0.0403136,36226.2,79253,96485.6,113539
2,0.0605849,36226.2,77157.3,89868,105168
3,0.0808701,36226.2,69637.3,84097,98363.2
4,0.101283,36226.2,63266.1,77558.5,93080.9
5,0.12152,36226.2,59463.2,71687.3,87852.8
6,0.14178,36226.2,51402.6,64108.3,75991.1
7,0.161915,36226.2,47749.4,57537.1,71108.9
8,0.181829,36226.2,44194.9,52705.9,61081.1
9,0.201537,36226.2,40793.7,49428,60517.6
10,0.221071,36226.2,41468.9,47949.9,58611.8
11,0.240444,36226.2,38229.5,45931.5,54547.3
12,0.259693,36226.2,38506,45785.5,54231.6
13,0.278887,36226.2,39021,45208.2,53810.1
14,0.297849,36226.2,39848.1,44936.7,51037.4
15,0.317018,36226.2,39621,44810.9,55004.9
16,0.336256,36226.2,38592.4,44688.3,53246.5
17,0.355923,36226.2,37991.6,44603.4,53313.4
18,0.37505,36226.2,38566.8,45115.5,54354.9
19,0.394047,36226.2,38399.6,44670.5,53853.2
20,0.412999,36226.2,36474.4,44996.5,52982.1
21,0.432119,36226.2,37701.5,45015,59102.6
22,0.451046,36226.2,37800.3,45018.8,55630.2
23,0.470004,36226.2,36651.5,44906.6,53138.2
24,0.488992,36226.2,37210.6,45058.3,54677.7
25,0.50781,36226.2,37284.3,44634.6,54430.6
26,0.526942,36226.2,37431.1,44920.8,57044.7
27,0.545826,36226.2,38018.7,45047.9,58301.9
28,0.564946,36226.2,38712.5,45060.2,54927
29,0.583998,36226.2,37463,44665.7,54920.3
30,0.602998,36226.2,39428.1,45193.4,54444.6
31,0.622049,36226.2,37358.3,45485.5,55238.6
32,0.640806,36226.2,38468.6,44956.6,52997.2
33,0.659716,36226.2,38131.8,45069,57135.3
34,0.678918,34657.9,34657.9,44915.1,53007.7
35,0.697844,34657.9,36365.1,44958.4,57871.1
36,0.71685,34657.9,36421.4,44572.2,54261.2
37,0.7359,34657.9,35779.6,44600.6,52915.3
38,0.755175,34657.9,36518.4,44520.4,54626.9
39,0.774139,34657.9,37533,44433.8,54068.8
40,0.793383,34657.9,35905.8,44078.4,54540.4
41,0.81234,34657.9,37760.4,44334.9,55496.4
42,0.831232,34657.9,36350.9,43772.9,54323.7
43,0.849811,34657.9,37641,43849.8,50983.9
44,0.869066,34657.9,38062.7,43660.5,54106.9
45,0.888002,34657.9,35094,43322.9,54368.2
46,0.906858,34657.9,36064.8,43643,53968.6
47,0.925512,34657.9,36695.2,43016.4,52863.1
48,0.94459,34657.9,36995.7,43546.3,53800.4
49,0.963517,34657.9,37213.2,43566.3,51782.1
50,0.98223,34657.9,35523.7,43516.4,60720.3
51,1.00099,34657.9,35514.6,43516.5,55487
52,1.0197,34657.9,36448.5,43305.9,55531.6
53,1.03866,34657.9,36750,43286,50994.3
54,1.05757,34657.9,36786.6,42990.5,51062.3
55,1.07626,34657.9,37342,43113.7,56030.2
56,1.0948,34657.9,36003.7,43296.4,53083.8
57,1.11358,34657.9,37007.2,43077.6,56113.1
58,1.13198,34657.9,35756.9,42870.9,50117.9
59,1.15083,34657.9,35325.2,42855,53060.3
60,1.16977,34657.9,36041,43076.9,55541.2
61,1.18853,34657.9,35471,42858.3,50335.8
62,1.20703,34657.9,36594.3,42735.3,54079.1
63,1.22567,34657.9,35415.4,42926.7,52497.8
64,1.24421,34657.9,36134.7,43142.5,55043.1
65,1.26274,34657.9,36232.6,42760.3,52925.6
66,1.28122,34163.3,34163.3,42847.7,52148.6
67,1.29993,34163.3,35315.5,43446.9,53813.6
68,1.31859,34163.3,35933.2,43072.8,57323
69,1.33741,34163.3,36741.3,43054.4,54968.2
70,1.35606,34163.3,36973,43693.4,55652.4
71,1.37485,34163.3,36117.2,43308,56326.7
72,1.39365,34163.3,35989.1,43436.8,53173.9
73,1.4124,34163.3,35955,43648,55854.8
74,1.43124,34163.3,36620.5,44187.4,53874.7
75,1.45001,34163.3,36097.8,44303.5,56946.8
76,1.46885,34163.3,36657.6,44057.2,52248.8
77,1.48779,34163.3,38193.8,44241.5,52664.9
78,1.507,34163.3,37219.5,44515.7,56528.2
79,1.52646,34163.3,35224.6,44470.8,55750.7
80,1.54584,34163.3,37919.8,44782.3,54191.5
81,1.56498,34163.3,38020,45085.5,56367.2
82,1.58428,33948.4,33948.4,44898,56399.6
83,1.60325,33948.4,35809.5,44722.6,55725.1
84,1.62217,33948.4,38472,44878.3,59635.4
85,1.6407,33948.4,37350,44559.9,56370.5
86,1.65968,33948.4,36699.3,43929.3,54501.1
87,1.6782,33948.4,37245.2,44007.6,53422.6
88,1.69692,33948.4,36532.3,44305.7,56296.9
89,1.71555,33948.4,36452.4,43929.9,52797
90,1.73447,33948.4,36242.6,43830.3,54538.3
91,1.75312,33948.4,36417.5,44208.2,55322.5
92,1.77193,33948.4,37679,44430,54572.1
93,1.79068,33948.4,36288.7,44226,51971.8
94,1.80968,33948.4,37814.7,44319.8,53027.2
95,1.82838,33948.4,37796.9,44048.4,53425.6
96,1.84755,33948.4,35461.7,44512,52378.4
97,1.86649,33948.4,37136.3,43982.9,54887
98,1.88577,33948.4,38108.3,44359.2,54948.2
99,1.90438,33948.4,36389,44453.5,54799.7
100,1.92317,33948.4,35974.2,43860.5,55072.9
101,1.94209,33948.4,38171.8,44232,55767.1
102,1.96106,33948.4,35699.5,44219.9,52592
103,1.98072,33948.4,37097.7,44206.3,52610.8
104,1.99952,33948.4,36463.4,44084,54358.7
105,2.01837,33948.4,37422.2,44389.9,56845.5
106,2.03734,33948.4,36858.2,44201.4,54459.7
107,2.05647,33948.4,37134.4,44223.7,54355.8
108,2.07561,33948.4,37251.4,44253,52214.8
109,2.09461,33948.4,37718.6,44703.9,57298.1
110,2.11381,33948.4,37381.2,44798.8,57901.8
111,2.13294,33948.4,36566.3,44314.5,57602.7
112,2.15211,33948.4,36144.4,44485.4,53847.9
113,2.1711,33948.4,36756.9,44788.2,55748.6
114,2.19029,33948.4,37317.5,44587.5,52963.3
115,2.20946,33948.4,37832.7,44478.1,54821.1
116,2.22855,33948.4,38105.4,44542.9,53792.8
117,2.2477,33948.4,38153.5,44329,54525.6
118,2.26673,33948.4,38117.6,44375.8,52822.8
119,2.28581,33948.4,36943.6,44635.9,58073
120,2.30531,33948.4,36637.6,44441.2,58280.4
121,2.32438,33948.4,38042.4,44435.2,54922.2
122,2.34346,33948.4,36918.5,44496,54405.2
123,2.36272,33948.4,37683.1,44876,54024.5
124,2.3819,33948.4,37773.3,44422.3,54763.5
125,2.40097,33948.4,38116.6,44058,55161
126,2.42014,33948.4,36017.1,44431,52317.6
127,2.43934,33948.4,36442.5,44704,55644.3
128,2.45837,33948.4,38170.6,44709.8,54366.3
129,2.47754,33948.4,37634,44541.3,52187.9
130,2.49669,33948.4,36960.7,44074.7,53790.8
131,2.51594,33948.4,37120.1,44641.5,53172.9
132,2.53507,33948.4,35124.1,44278.4,55638.2
133,2.55414,33948.4,36140.6,44626,56162.7
134,2.57359,33948.4,37855.7,44331.7,55192.7
135,2.5934,33948.4,36172,44709.3,54211.8
136,2.61276,33948.4,37282.2,44068.3,54178.7
137,2.6324,33948.4,35436.3,44229.2,54032.3
138,2.65169,33948.4,36403.9,44179.4,52160.2
139,2.67074,33948.4,34969.7,44643.5,54535.7
140,2.68999,33948.4,37191.8,44215.4,55592.9
141,2.70917,33948.4,36535.9,44545.9,54152.7
142,2.72824,33948.4,37397.6,44362.2,55740.2
143,2.7472,33948.4,36621.3,44022.2,52591.1
144,2.76623,33948.4,36629.2,44433.7,55849.4
145,2.78529,33948.4,36066.3,44193.3,52110.8
146,2.80442,33948.4,36323,44105.9,54376.3
147,2.82344,33948.4,37588.2,44271.8,56115.6
148,2.8424,33948.4,37420.1,44199.7,53153.6
149,2.86164,33948.4,38292.3,44639.3,56032.3
150,2.8807,33948.4,36125.3,44026,55785.6
151,2.89961,33948.4,36865.4,44239.7,54540
152,2.91874,33948.4,37956.9,44560.4,55641.7
153,2.93755,33948.4,37059.5,43998.9,57585.3
154,2.95666,33948.4,37402,43862,50984.1
155,2.9755,33948.4,38083,43900.5,54678
156,2.9946,33948.4,38042.3,43508.7,50682.1
157,3.0134,33948.4,37081.2,43826.4,54255.9
158,3.03248,33948.4,36475.4,44209.4,52645.7
159,3.0515,33948.4,37681.5,44119.9,53919.4
160,3.07054,33948.4,36326,44251.7,55398.4
161,3.08944,33948.4,37151.1,43950.5,56754.2
162,3.10843,33948.4,35001.2,44243.5,55794
163,3.12761,33948.4,37759.9,44365.4,55576.2
164,3.14667,33948.4,37248.4,44137.1,54188.6
165,3.16556,33948.4,37170.4,44195.5,52754.9
166,3.18462,33948.4,35964.2,44089.7,56079.7
167,3.20362,33948.4,36922.1,44230.3,54682.7
168,3.22268,33948.4,38263.5,44710,57744.6
169,3.24181,33948.4,37210.8,44493.4,52237.8
170,3.26086,33948.4,36172.7,44374.1,53114.9
171,3.2798,33948.4,36319.9,44338.4,52522.8
172,3.29856,33948.4,36686.2,44267.4,53462
173,3.31747,33948.4,37170.1,44464.2,54906.6
174,3.33657,33948.4,36541.1,44506.6,56848.3
175,3.35547,33948.4,37706.2,44361.6,58608.5
176,3.37446,33948.4,36384.6,44328.4,51490.4
177,3.3935,33948.4,37870,44348.2,53057.9
178,3.41251,33948.4,37527.2,44535.6,53321.4
179,3.43146,33948.4,35735.2,44407.9,55661.9
180,3.45054,33948.4,36258.4,44320.7,54881.3
181,3.46939,33948.4,37317.7,44520,53848.8
182,3.48824,33948.4,36277.8,44422.8,53900.8
183,3.50722,33948.4,35553.2,44091.3,51099.2
184,3.52617,33948.4,36687.2,44234.6,53484.2
185,3.54484,33948.4,37573.5,43747,51270.8
186,3.56375,33948.4,37658.4,44062.9,55388.8
187,3.5827,33948.4,37189.1,44000.5,54087.3
188,3.6012,33948.4,35811.1,43945.8,53867.4
189,3.62,33948.4,38073.1,44033,56644.1
190,3.63901,33948.4,37920.6,44047.8,58257.2
191,3.65765,33948.4,36323.7,44088.8,57177
192,3.6765,33948.4,37977.5,43795.3,50976.5
193,3.69536,33948.4,36557.8,44403.7,56390.7
194,3.71436,33948.4,36993.9,44059.3,59284.8
195,3.73333,33948.4,36856,44155,53807.9
196,3.7521,33948.4,37344.6,43468.5,56302.3
197,3.77089,33948.4,37168.8,44033.7,53162.8
198,3.78969,33948.4,36870.7,44027.6,56125.9
199,3.80845,33948.4,36818.9,44437.3,52558.7
200,3.82742,33948.4,35481,43828.3,53304.9
201,3.84631,33948.4,36061.3,44086.4,54904
202,3.86531,33948.4,36036.2,44263.6,55723.6
203,3.88392,33948.4,36763.1,43585,53335
204,3.90286,33948.4,36263.8,43916.5,52273.8
205,3.92166,33948.4,35196.6,44254.9,54131
206,3.94038,33948.4,36230.1,43902,53042.9
207,3.95944,33948.4,36587.2,44266.4,54998.8
208,3.97836,33948.4,36854.1,44104.7,55934.9
209,3.99737,33948.4,37007.9,44355.8,54997.9
210,4.01615,33948.4,35882.8,43298,54856.7
211,4.03483,33948.4,35503.8,43395.2,54353.8
212,4.05339,33948.4,36968.6,43781.4,52720.3
213,4.07234,33948.4,36999.8,44323.9,56267.8
214,4.09109,33948.4,36969.4,44441.8,54138.7
215,4.10999,33948.4,35999.6,43707,53471.1
216,4.12849,33948.4,36250.9,44265.2,56196.4
217,4.14727,33948.4,36165.6,44233.8,57491.3
218,4.16638,33948.4,36968,44185.2,56133.1
219,4.18516,33948.4,37206.6,44424.6,53903.6
220,4.20397,33948.4,36643.1,43782.5,53247.6
221,4.22291,33948.4,37737.2,44177.7,53716.9
222,4.24156,33948.4,36839.6,43808.4,54314.5
223,4.26039,33948.4,36748.4,43861.7,50369.6
224,4.27917,33948.4,35737.1,43594.3,53806.6
225,4.2981,33948.4,36477.3,43736.3,53102
226,4.31689,33948.4,36398.3,44133.1,60175.6
227,4.33583,33948.4,35942.4,44245.8,52720.8
228,4.35475,33948.4,36174.7,43726.9,53495
229,4.37333,33948.4,36963.8,44021,53555.7
230,4.39237,33948.4,35797.3,43979.7,55052.4
231,4.41133,33948.4,36492.5,44001.1,54369.5
232,4.42999,33948.4,37197.1,43853.8,58177.2
233,4.44876,33948.4,36013,43781.4,52463.9
234,4.46782,33948.4,36031.8,43757.3,53762.4
235,4.48676,33948.4,37178,43945.4,52651.7
236,4.50566,33948.4,36721.1,44024.9,52698.3
237,4.52485,33948.4,37162.5,44193.7,59355.8
238,4.54377,33948.4,35878.7,43972.6,54230.9
239,4.5625,33948.4,34658.8,43050.3,51163.6
240,4.58128,33948.4,36933.2,43848.1,52339.3
241,4.60055,33948.4,36067,44020.4,54121
242,4.61933,33948.4,37063.8,43613.3,52269.6
243,4.63772,33948.4,34789.5,43702.4,53709.6
244,4.65651,33948.4,36139.5,43733.7,54923.9
245,4.67512,33948.4,36383.3,43644.1,52110.4
246,4.69388,33948.4,37147.4,43859.7,51664.1
247,4.71232,33948.4,37553.7,44170.1,52149.1
248,4.73084,33948.4,37107.7,43397.6,54436.6
249,4.74967,33948.4,37698.8,43962.2,51475.1
250,4.76821,33948.4,36742.4,43630.2,57695.5
251,4.78673,33948.4,35604.8,44102.7,55278.5
252,4.8054,33948.4,36682.8,43774.3,54829.4
253,4.82401,33948.4,36713.2,44018.2,52957.8
254,4.84262,33948.4,36893.4,43802.2,54031.7
255,4.86144,33948.4,36333.7,43639,53779.3
256,4.88014,33948.4,36945.9,43711.8,54159.1
257,4.8987,33948.4,36463.7,43991.4,55496.5
258,4.9175,33948.4,36660.9,43694.5,56060.4
259,4.93612,33948.4,35183.1,43581.9,51148.2
260,4.95517,33948.4,36801.5,43936.5,52297.4
261,4.97373,33948.4,36554.7,43897,56130.3
262,4.99264,33948.4,35978.7,43527.1,53272.6
263,5.01165,33948.4,36525.5,43736.7,55818.6
264,5.03041,33948.4,35983.8,44076.7,52951.2
265,5.04916,33948.4,36195.2,43448.2,52113.1
266,5.06802,33948.4,37478.2,43696.9,53886.3
267,5.08696,33948.4,37373.2,44049.6,56298.9
268,5.10564,33948.4,36574.9,43984,55245.9
269,5.12395,33948.4,35795.9,43757.5,53286.5
270,5.14261,33948.4,37010.7,44138.7,52264.7
271,5.16155,33948.4,36064.2,44207.2,55246
272,5.18023,33948.4,38052.6,43966,56684.9
273,5.19893,33948.4,36324.8,43469,54967.4
274,5.2176,33948.4,36808.2,43909.9,54037.3
275,5.23633,33948.4,36216.1,43872.5,54509.5
276,5.25492,33948.4,36515,44009.2,54855.2
277,5.27366,33948.4,34949.8,43863.7,53569.8
278,5.29221,33948.4,37440.1,43640.8,51667.4
279,5.31071,33948.4,36531.3,43427.7,54466.4
280,5.33,33948.4,36462.9,44103.3,53537.5
281,5.34862,33948.4,36598.2,43702.5,55842.7
282,5.36739,33948.4,37022.9,43798.3,55202.4
283,5.38643,33948.4,35757.7,43594.6,52729.6
284,5.40538,33948.4,37022.1,43927.1,53185.9
285,5.42411,33948.4,37196.7,43875.4,59769
286,5.443,33948.4,36101.8,43918.7,54058.5
287,5.46239,33948.4,35843.3,44100.9,53465
288,5.48116,33948.4,36843.2,44077.1,53360.7
289,5.50005,33948.4,36619.5,43836.9,57417.5
290,5.51886,33948.4,36500,44411.8,53921.8
291,5.53743,33948.4,37074.5,43841.1,53918.3
292,5.55621,33948.4,35710.4,44087.2,55393.9
293,5.57523,33948.4,37107,44085.8,54409.1
294,5.594,33948.4,36348.5,43987,53833.6
295,5.61284,33948.4,37118.6,44700,54598.3
296,5.63147,33948.4,35655.8,44076.2,54788.5
297,5.65104,33948.4,36734,44119,54606.3
298,5.66996,33948.4,36708.9,44446.4,57798.5
299,5.68885,33948.4,37366.1,44232.1,63173.2
300,5.70787,33948.4,37154,44653.7,53702.6
301,5.72667,33948.4,37593.9,44149.6,54296.8
302,5.74615,33948.4,38084.5,44458.2,57554.4
303,5.76501,33948.4,36844.3,43995.2,54031.8
304,5.78418,33948.4,36278.9,44545.6,54256.9
305,5.80302,33948.4,37727.8,44208.7,53658
306,5.82189,33948.4,36001,44369,55919.7
307,5.84103,33948.4,37878.6,44389.5,53637.2
308,5.86044,33948.4,36254.7,44777.7,53408.9
309,5.87976,33948.4,37713.6,44574.8,55807.7
310,5.89857,33948.4,37731.4,44640.1,56429.5
311,5.91816,33948.4,36757.2,43906.9,53349.3
312,5.93708,33948.4,37429,44118.2,54241.4
313,5.95594,33948.4,36941.2,44165.3,53665.7
314,5.97488,33948.4,37990,44119.2,55787.1
315,5.99364,33948.4,35052,44080.8,53996.5
316,6.01263,33948.4,35966.6,44118.7,53770.8
317,6.03144,33948.4,38221.6,44201,52802.8
318,6.05026,33948.4,36106.4,44247.9,52681.1
319,6.06915,33948.4,36706.7,43989.9,52071.2
320,6.08808,33948.4,36568.6,43773.8,54956.7
321,6.107,33948.4,35835.3,43949.7,53108.8
322,6.12579,33948.4,37085.1,44300.5,58508.6
323,6.14453,33948.4,37863.3,44141.6,52521.5
324,6.16366,33948.4,36320.9,44344.7,52697
325,6.18247,33948.4,37802.3,44319.2,53782
326,6.20161,33948.4,36973.5,44178.4,55786.2
327,6.22054,33948.4,37172.5,44125.6,54428.8
328,6.23949,33948.4,36257.9,44003.9,55437.1
329,6.25836,33948.4,36054.9,44271.6,57937.7
330,6.27706,33948.4,37521.8,43575,53659
331,6.29598,33948.4,37415.3,44302.2,53660.1
332,6.31478,33948.4,36787,43787.1,51418.9
333,6.33385,33948.4,36645.9,44178,58008.3
334,6.35278,33948.4,36877.1,44301.7,54947.6
335,6.37156,33948.4,36923.4,43814.8,57930.5
336,6.39041,33948.4,35915.5,43699.8,52966.5
337,6.40915,33948.4,36625.9,44103.4,53497.3
338,6.4279,33948.4,36657.2,43729.6,54236.3
339,6.44664,33948.4,36433.5,43977,55246.4
340,6.46551,33948.4,36675.2,43774.8,51795.5
341,6.4845,33948.4,36702.1,44002.7,52184.1
342,6.50336,33948.4,36319.4,43539.6,53224.2
343,6.52223,33948.4,36440.4,43268.5,55379.7
344,6.54112,33948.4,37312.8,43822.4,53342.2
345,6.56015,33948.4,37279.9,43988,55806.6
346,6.57911,33948.4,36336.8,43776.7,53297.1
347,6.59831,33948.4,37011.8,43937,53294.4
348,6.61767,33948.4,36495.8,44106.5,54559
349,6.63699,33948.4,35299.1,43988.9,55131.6
350,6.6558,33948.4,38049.7,43990.5,54964
351,6.6747,33948.4,37087.2,43835.9,54022.8
352,6.69344,33948.4,36657.3,43982.3,51352.5
353,6.71228,33948.4,37236.5,43901.2,53097.2
354,6.73087,33948.4,35384.4,42999.3,53234.6
355,6.74946,33948.4,37569.7,43675.5,56860.1
356,6.76793,33948.4,36052.2,43547.2,53025.6
357,6.78667,33948.4,36028.4,44036.1,57146.8
358,6.80541,33948.4,36416,44042.8,58818.1
359,6.82415,33948.4,36178.7,43417.8,51481.6
360,6.84323,33948.4,37549.2,44093.6,52162
361,6.86209,33948.4,37496.8,43702.3,51918.4
362,6.88099,33948.4,36527.2,44012,55989.2
363,6.89984,33948.4,37923.2,43597,51694.3
364,6.91849,33948.4,36345.4,43602.2,53262.6
365,6.93737,33948.4,37052.8,43785.2,51699.9
366,6.95594,33948.4,36100.3,44255.9,55433.4
367,6.97458,33948.4,35437.5,43682.4,52597.4
368,6.99316,33948.4,37883.8,43590.9,53686
369,7.01167,33948.4,37121.6,43674.5,56050.8
370,7.03054,33948.4,37302.5,43995.7,53651.9
371,7.04933,33948.4,37245.2,43786.7,55367.7
372,7.06819,33948.4,36451.4,44023.4,56995.9
373,7.08671,33473.2,33473.2,43564.5,54469.7
374,7.10557,33473.2,36958.1,44106.7,59349.2
375,7.12428,33473.2,37346.6,43629.4,55284.6
376,7.14293,33473.2,34208.6,43340.5,54011.3
377,7.16172,33473.2,34855.5,43544.4,53993.6
378,7.18038,33473.2,36729.3,42929.8,52884.1
379,7.19878,33473.2,36880.4,42954.3,54808.8
380,7.21769,33473.2,35948.5,42985.2,54470.1
381,7.23608,33473.2,36032.5,42793.4,51911.6
382,7.25455,33473.2,36606,42923.7,52443.7
383,7.27297,33473.2,35849.5,43064.5,55339.2
384,7.29118,33473.2,36251.7,42393.2,50497.9
385,7.30977,33473.2,35590.3,42932.2,53346.5
386,7.32831,33473.2,34916.7,42756.5,52566.9
387,7.34666,33473.2,34954.9,42568.6,56035.6
388,7.36504,33473.2,35676.6,42750.7,52951.7
389,7.38325,33473.2,35892.1,42369.6,53732.2
390,7.40135,33473.2,34343,42336.3,53752
391,7.41955,33473.2,35710.8,42157.2,54814.2
392,7.43797,33473.2,36635.4,42346.5,52088.1
393,7.45646,33473.2,36526.7,42750.7,52493
394,7.47478,33473.2,36234.6,42496.2,53787.9
395,7.49289,33473.2,35923.2,42549.3,54125.2
396,7.51161,33473.2,35319.4,42076.1,54055.8
397,7.52978,33473.2,34504.7,41944,51473.3
398,7.54785,33473.2,36390.8,42165.5,51894.7
399,7.56604,33473.2,35679.9,42309.9,53866.6
400,7.5845,33473.2,36208.7,42229.6,52023.6
401,7.60249,33473.2,34298.8,41977.2,52303.8
402,7.62052,33473.2,35056.8,41695.4,52034.5
403,7.63896,33473.2,35615,42418.3,49425.9
404,7.65707,33473.2,36370.4,42361,51200.1
405,7.67527,33473.2,36428.1,42147.2,51739.4
406,7.69382,33473.2,34222.2,42450.3,55323.1
407,7.71208,33473.2,35092.5,41885.4,53424.7
408,7.73055,33473.2,35638,42075.9,56093.1
409,7.74868,33473.2,34895,42122.6,51013.7
410,7.76658,33473.2,34744.1,41976.4,51972.5
411,7.78478,33473.2,35850.9,42269,51403.5
412,7.80281,33473.2,35448.3,41924,51663.8
413,7.82098,33473.2,36240.6,42208.4,53665.8
414,7.83927,33473.2,33872.9,42150,52127.4
415,7.85769,33473.2,33972,41887.1,50004.7
416,7.87608,33473.2,34682.1,42142.1,50200.7
417,7.89421,33473.2,34710.5,41886.3,52346.5
418,7.91253,33473.2,35507.7,42179.5,51187.7
419,7.93063,33473.2,35309.2,42282.9,51899.6
420,7.94935,33473.2,35598.2,42220.4,52710.4
421,7.96751,33473.2,33742.9,42059.4,50855.9
422,7.98591,33473.2,36083.4,42006.2,49732.3
423,8.00388,33473.2,35105.8,42488.9,53476.5
424,8.02203,33473.2,34466.1,41943.4,52180
425,8.04013,33473.2,34993.5,41652.8,54710.3
426,8.05801,33473.2,34709.2,41518.4,52100.1
427,8.07643,33473.2,33928.8,42251.7,61748.5
428,8.0945,33473.2,36010.8,41524,47647.3
429,8.11274,33473.2,34849.9,41645.9,51116
430,8.13139,33473.2,35045.9,42025.7,52036
431,8.14932,33473.2,35044.1,42051.7,57535.6
432,8.1673,33473.2,34237.4,41808.4,52845.9
433,8.18543,33473.2,34369,41662.6,51825
434,8.20341,33473.2,35636.6,41715,52054.6
435,8.22163,33473.2,35349.9,41802.7,51240.9
436,8.23985,33473.2,36221.1,41767,52814.9
437,8.25834,33473.2,35476.3,41785.5,52708.4
438,8.2764,33473.2,36419.2,42032.2,55877.7
439,8.29469,33473.2,35514.4,42223.9,52619.7
440,8.31332,33473.2,34912,42493.5,52634.4
441,8.33155,33473.2,35824,41910.6,53096.7
442,8.34984,33473.2,35935.5,41752.4,50416.6
443,8.36786,33473.2,35680.9,41965.3,58530.8
444,8.38623,33473.2,35929.4,41985.1,52392.2
445,8.40446,33473.2,35747.8,41983.4,51947.3
446,8.42264,33473.2,35190.7,42090.8,58233.1
447,8.441,33473.2,35741.4,41833.5,61119.1
448,8.45904,33473.2,35374.3,42185.4,53443.7
449,8.47746,33473.2,36258.8,42188.8,53520.4
450,8.49549,33473.2,35344.5,42058.9,54833.9
451,8.51363,33473.2,36360.1,42132.7,51961.7
452,8.53177,33473.2,35899.4,42129.1,55110.2
453,8.55007,33473.2,35225.5,42097,53041.3
454,8.56825,33473.2,34408.2,41969.1,52446.1
455,8.58664,33473.2,35773.1,42187.7,54596.5
456,8.60447,33473.2,35212.8,41828.6,54641.4
457,8.62276,33473.2,35744.7,41590.9,50343.4
458,8.64111,33473.2,34041.5,41954.9,51057.6
459,8.65933,33473.2,34645.3,41603.5,53193.5
460,8.67808,33473.2,34465.4,41746.2,55354.5
461,8.69611,33473.2,35038.9,41744.4,52600.4
462,8.71452,33473.2,35786.8,41951.2,51195.2
463,8.73289,33473.2,37077.1,42048.2,49510.3
464,8.75125,33473.2,35879.8,41686.5,49877.5
465,8.76938,33473.2,36641.2,42158.8,52646.4
466,8.7877,33473.2,36075.5,41688.7,53184.2
467,8.80572,33473.2,33946.5,41991.3,52695.4
468,8.82414,33473.2,35722.8,41912.7,51375.7
469,8.84227,33473.2,35147.9,41896.9,54751.1
470,8.86088,33473.2,36063,41936.8,56072.6
471,8.87908,33473.2,34682.6,41621,51187.3
472,8.89727,33473.2,36120.9,41620.2,54105.2
473,8.91603,33473.2,35550.3,41892.4,52180.7
474,8.93422,33473.2,35691,41828.2,50076.1
475,8.95238,33473.2,35822.8,41788.7,50714.8
476,8.97063,33473.2,34827.4,41823.1,50370.1
477,8.98892,33473.2,34802,42234.3,53784.2
478,9.00711,33473.2,35060.8,41609.5,53123.1
479,9.02557,33473.2,35834.7,42040.8,52855.7
480,9.04397,33473.2,35623.4,41507.6,50918.5
481,9.06204,33473.2,35500.4,41383.5,49308.4
482,9.08054,33473.2,35147.1,41910.7,52665.7
483,9.09885,33473.2,36001.4,42105,54068.7
484,9.11716,33473.2,34737.8,41653.2,51358.2
485,9.13545,33473.2,34892.6,41578.2,51391.2
486,9.15383,33473.2,35298.7,41523.7,53795.6
487,9.17197,33473.2,34692.4,41627.1,52904.1
488,9.19031,33473.2,34219.5,41957.3,51776
489,9.20857,33473.2,35015.9,41902.7,54855.6
490,9.22681,33473.2,36667.3,41740.3,49939
491,9.24499,33473.2,35753.1,41656.9,51870.2
492,9.26305,33473.2,35861.3,41512.7,52314
493,9.28111,33473.2,35843.4,41190.9,52017.4
494,9.29971,33473.2,35337.7,41788.9,50342.6
495,9.31779,33473.2,35163.8,41525.1,53829.4
496,9.33606,33473.2,34627.9,41651.1,50725.8
497,9.35427,33473.2,35433,41360.2,56803
498,9.37237,33473.2,34786.8,41657.8,55734.3
499,9.39074,33473.2,35362.2,41720.6,51537.7
500,9.40904,33473.2,35031,41723,53897.1
501,9.42703,33473.2,35203.4,41721,51814.9
502,9.44538,33473.2,34674.3,41429.4,49933.3
503,9.4637,33473.2,35386.2,41698.5,50334.6
504,9.48177,33473.2,35207.3,41303.7,49703.3
505,9.49999,33473.2,34481.7,41351.3,49005.8
506,9.51814,33473.2,34924.6,41655.4,51118.9
507,9.53637,33473.2,35747.5,41873.1,52632.2
508,9.55431,33473.2,35846.7,41961.8,52708
509,9.57244,33473.2,36880.2,41947.6,57222.8
510,9.59041,33473.2,35867.8,41644.2,50976.9
511,9.60843,33473.2,35463,41541.1,53953.1
512,9.62619,33473.2,35532.3,41408.5,49726.8
513,9.6445,33473.2,35077.9,41573.7,49795.2
514,9.66268,33473.2,36074.6,41790.2,50853.1
515,9.68094,33473.2,33943.6,41252.3,49569.2
516,9.69905,33473.2,34634,41700.1,50727.7
517,9.71719,33473.2,34369.4,41349.7,53686.3
518,9.73506,33473.2,35535.1,41483.5,50656.7
519,9.75346,33473.2,35515.8,41784.9,51299.9
520,9.77201,33473.2,35352,42094,53664.9
521,9.79036,33473.2,35346.8,41854.1,49772
522,9.80852,33473.2,34328,41768.8,53697.4
523,9.82668,33473.2,35331.4,41447.4,49960
524,9.84474,33473.2,34272.3,41733.8,52996
525,9.86296,33473.2,35522.8,41191.5,49399
526,9.88103,33473.2,34474.6,41679.3,50048.8
527,9.89925,33473.2,36855.6,41759.9,54112.6
528,9.91739,33473.2,34951.9,41657.4,53155.3
529,9.93537,33473.2,35443.1,41392.5,53200
530,9.95298,33473.2,35468.2,41346.4,52775.4
531,9.97097,33473.2,35709.4,41358.1,50335.2
532,9.98869,33473.2,35889.1,41256.9,50157.4
533,10.0064,33473.2,34210.4,41524.6,50218.5
534,10.0239,33473.2,34971.7,41469.6,51309.5
535,10.0418,33473.2,34369.5,41511.5,59272.1
536,10.0598,33473.2,36350.6,41848.1,50256.8
537,10.0775,33473.2,35430.3,41338.8,51306.6
538,10.0956,33473.2,36003.6,41658.4,57973.1
539,10.1138,33473.2,35330,41811.9,54575
540,10.1318,33473.2,35131.2,41558.9,50798
541,10.1497,33473.2,35819.9,41942.7,52695.3
542,10.1679,33473.2,35483.3,41780.5,51135.9
543,10.1858,33473.2,36166.3,41843,49523.6
544,10.2039,33473.2,35030.7,41624,52436.2
545,10.2217,33473.2,36340.3,41636.7,52119.2
546,10.24,33473.2,36272,41904.7,49696.9
547,10.2577,33473.2,35659.5,42041.1,50587.8
548,10.2758,33473.2,36241.8,42098.8,54846
549,10.2935,33473.2,35326.4,42013.1,51841.7
550,10.3118,33473.2,35566.2,42013.5,51204.9
551,10.3299,33473.2,35339.2,42148.1,54940.2
552,10.348,33473.2,35730.1,42072.1,51772.9
553,10.3664,33473.2,34957.6,41864.9,50067
554,10.3846,33473.2,34858.9,42268.5,52577.3
555,10.4029,33473.2,36255.9,42485.5,55356.3
556,10.4215,33473.2,36698.3,41927.5,49704.2
557,10.4397,33473.2,35198.5,42039.8,50829.9
558,10.458,33473.2,36020.6,42203,51173.4
559,10.4764,33473.2,36372.3,42476.4,53827.4
560,10.4948,33473.2,35955.1,42000.7,50524.8
561,10.5133,33473.2,35474,42386.3,52941.6
562,10.5314,33473.2,35620.9,41800.6,49886.2
563,10.5495,33473.2,34891.6,41419.3,53640.7
564,10.5677,33473.2,35104.2,41690.1,49973.6
565,10.5861,33473.2,36512.8,41964.5,54701.1
566,10.6041,33473.2,35297.5,41714.9,53775.2
567,10.6225,33473.2,34880.8,42201.7,57692.4
568,10.6408,33473.2,35606.8,42204.2,52826
569,10.659,33473.2,35675.7,41969.3,50265.5
570,10.6776,33473.2,35073.6,42155.6,54230.4
571,10.6958,33473.2,35647.4,42121.4,51528.9
572,10.7145,33473.2,34416,42346,57146.3
573,10.7326,33473.2,35363.7,42295,49664.7
574,10.7507,33473.2,36210.9,42381.9,51750.7
575,10.7687,33473.2,35675.5,41882.5,49818.1
576,10.7869,33473.2,35058.3,41752.4,52785.3
577,10.8054,33473.2,36199.6,41939.9,61362.1
578,10.8241,33473.2,35356.3,42377.9,52625.1
579,10.8423,33473.2,35141.1,42018.8,49539.6
580,10.8608,33473.2,35559.8,41995.3,51732.1
581,10.8796,33473.2,35608.3,42155.2,52891.8
582,10.8977,33473.2,36014.6,42031.7,58967.1
583,10.9157,33473.2,34713.7,41997.8,54068.2
584,10.9341,33473.2,35024.5,42036.3,51922.8
585,10.9525,33473.2,35644.8,42458.9,51120.5
586,10.971,33473.2,35506.5,42226.7,53968.4
587,10.9901,33473.2,35665.9,42297.4,52751
588,11.0081,33473.2,35998.8,42303,53290.8
589,11.0266,33473.2,35672,42385.7,52274.3
590,11.0448,33473.2,36274.4,42168,50538.5
591,11.0632,33473.2,34630.1,42423,50516.5
592,11.0817,33473.2,35386.7,42388.4,52197
593,11.0999,33473.2,36003.5,41802.8,52769.5
594,11.118,33473.2,35717.2,42222.6,51788
595,11.1363,33473.2,35422.9,41951.6,50225.9
596,11.1547,33473.2,36060.1,42204.3,53299.6
597,11.1732,33473.2,35684.4,42037.9,51833.5
598,11.1914,33473.2,35615.3,42398.7,53542.8
599,11.2099,33473.2,35116.4,42233,52027.3
600,11.2284,33473.2,34116.1,42435.5,52980.9
601,11.2467,33473.2,36358.7,42463.9,54259
602,11.2652,33473.2,36965.2,42667.1,51726.4
603,11.2838,33473.2,36302.4,42095.1,54041.8
604,11.3023,33473.2,35919.1,42511.4,51862.3
605,11.3207,33473.2,35238.7,42481.6,57010.5
606,11.339,33473.2,37064.6,42105.2,51786.8
607,11.3573,33473.2,36294.8,42275.9,50420.9
608,11.3758,33473.2,35587.8,42412.8,53030.9
609,11.3941,33473.2,36420.1,42186.8,51070.9
610,11.4125,33473.2,35281.1,42403.9,54059.7
611,11.4309,33473.2,36185.8,42328.6,57175
612,11.4495,33473.2,35360.7,42094.8,49781.7
613,11.4679,33473.2,35519.6,42186.6,51144.2
614,11.4865,33473.2,34738.7,42116.3,52522.1
615,11.5048,33473.2,36422.7,42637,52126.1
616,11.5229,33473.2,34713.4,42339.5,53993.9
617,11.541,33473.2,36214.3,42513.6,51999.3
618,11.5595,33473.2,34575.2,42053.8,51055.5
619,11.578,33473.2,35567.7,42279,51934.9
620,11.5963,33473.2,35572.5,42238.2,50965.6
621,11.6146,33473.2,34899.7,42402.8,50663.1
622,11.633,33473.2,36853.3,42138.4,54182.6
623,11.6515,33473.2,36228.4,42255.1,51108.1
624,11.6701,33473.2,35393.3,42450.1,51820.5
625,11.6883,33473.2,35752.7,42286,52575
626,11.7068,33473.2,36156.5,42525.4,51690.7
627,11.7253,33473.2,34758.5,42517.3,50299.4
628,11.7438,33473.2,35652.2,42645.2,50948.7
629,11.7623,33473.2,35679.2,42439.8,57449
630,11.7805,33473.2,35004.3,42291,53391.6
631,11.799,33473.2,35564.7,42208.5,49750.3
632,11.8175,33473.2,36229.6,42933.7,52149.5
633,11.8359,33473.2,35405.7,42119.2,53484.9
634,11.8546,33473.2,34727.8,42594.6,51546.1
635,11.873,33473.2,35427.4,42159.1,50748.4
636,11.8914,33473.2,34935.1,42450.2,55032
637,11.9099,33473.2,36404.1,42912.8,56366.8
638,11.9282,33473.2,35500.9,42461.5,52379.5
639,11.9468,33473.2,36782.9,42431.7,52605.9
640,11.9653,33473.2,36548,42297.1,52400
641,11.9838,33473.2,35975.6,42023.7,55490.7
642,12.0024,33473.2,35033.2,42179,50610.2
643,12.0205,33473.2,35169.8,41899.8,50013.1
644,12.0391,33473.2,36638.5,42426.1,49814.6
645,12.0576,33473.2,35905.8,42066.5,51585.7
646,12.076,33473.2,36006,42033.4,53608.2
647,12.094,33473.2,36739.2,42344.4,51523.3
648,12.1124,33473.2,34866.6,41891.4,51274.4
649,12.1306,33473.2,34650.3,42575.1,52631.5
650,12.1491,33473.2,35025.3,42205.6,52099
651,12.1673,33473.2,35224.7,42206.2,53501.9
652,12.1858,33473.2,35709.9,42667.2,54136.9
653,12.2044,33473.2,36057.2,42532.9,51863.9
654,12.2227,33473.2,35780.9,42060,51287.3
655,12.2408,33473.2,35756.8,42152.5,51798.2
656,12.2598,33473.2,35052.9,42260.9,54167.7
657,12.278,33473.2,35890,42193.4,54210.5
658,12.2963,33473.2,36709.5,41893.9,51704.6
659,12.3146,33473.2,35044.2,42025.7,53293.3
660,12.3331,33473.2,36933.1,42394.8,51193.7
661,12.3516,33473.2,36465.5,42044.6,51461.2
662,12.37,33473.2,35753.3,41823.9,52710
663,12.3883,33473.2,36555,42162.7,53064
664,12.4068,33473.2,35784.4,42562.5,50518
665,12.4252,33473.2,36069.9,41846.2,53692.5
666,12.4436,33473.2,36223.9,42121.6,51039.9
667,12.462,33473.2,35314,42085.8,50496.9
668,12.4803,33473.2,36519.4,42281.1,50887
669,12.4989,33473.2,35900.9,42170.2,50984.1
670,12.5173,33473.2,36363.4,42473.2,52968.2
671,12.5356,33473.2,35768.8,42374.9,51506.7
672,12.5541,33473.2,35912.5,42421.5,53661.2
673,12.5723,33473.2,35720.9,42228.6,50445
674,12.5908,33473.2,37206.5,42912.9,53925.6
675,12.6092,33473.2,36503.3,42323.6,50363.5
676,12.6278,33473.2,35526.4,42272.5,52919.6
677,12.646,33473.2,35717.7,42473.9,52262.3
678,12.6647,33473.2,35681.7,42956.7,52424.7
679,12.6829,33473.2,34813.4,42228,51793.3
680,12.7013,33473.2,36000.6,42516.6,54743.6
681,12.7196,33473.2,35584.8,42347.2,49845.6
682,12.738,33473.2,34182.1,42459.3,51079.3
683,12.7565,33473.2,36826.1,42801.2,53355.3
684,12.7748,33473.2,34595.7,42740.5,52417.9
685,12.7933,33473.2,35686.1,42638.4,53347
686,12.8118,33473.2,35624.1,42192.6,51196.7
687,12.8298,33473.2,35309,42299.2,53787.4
688,12.8482,33473.2,35498.2,42455.8,52938.9
689,12.8668,33473.2,36434.7,42608.7,52096.5
690,12.8847,33473.2,35952.5,42335,50737.2
691,12.9033,33473.2,36506.8,42549.3,51891.1
692,12.9217,33473.2,35524.5,42334.9,55247.6
693,12.9403,33473.2,36146.1,42313.2,50819.9
694,12.9587,33473.2,36594.5,42422,52849.7
695,12.977,33473.2,36435.4,41843.9,50788
696,12.9955,33473.2,34945.1,42331.4,55808.9
697,13.014,33473.2,35633.9,42082.4,50026.8
698,13.032,33473.2,34892.5,42182.2,51445.5
699,13.0497,33473.2,35912.6,42172.3,50164.7
700,13.0683,33473.2,36309.6,42649.6,54261.6
701,13.0866,33473.2,35194.6,42498,53816.5
702,13.1051,33473.2,35859.3,42429.6,51621.3
703,13.1232,33473.2,34384.7,42250.8,51086.6
704,13.1413,33473.2,34330.9,42016.1,53345.1
705,13.1592,33473.2,35317.3,42077.1,53893.1
706,13.1776,33473.2,35897.2,42118.9,50248.9
707,13.196,33473.2,35515,42182.1,53900.2
708,13.2146,33473.2,35972.3,42179.1,53745
709,13.2331,33473.2,36481.2,42763.6,55041.1
710,13.2515,33473.2,36168.7,42374.5,51519.9
711,13.2697,33473.2,35021,42483.2,52927.8
712,13.2881,33473.2,36190.9,42679,52644.1
713,13.3063,33473.2,36664.6,42738.2,55527.1
714,13.3243,33473.2,34707.6,42635.8,53777.1
715,13.3425,33473.2,34907.1,42231.4,51100.6
716,13.3608,33473.2,36658.7,42546.6,52149.4
717,13.3791,33473.2,35132.8,42523.3,54267.5
718,13.3973,33473.2,35776.3,42629.5,54066.1
719,13.4156,33473.2,35122.1,42928.5,54419.6
720,13.4339,33473.2,36444,42769.9,56155.5
721,13.4521,33473.2,35745.4,42466.1,52428.6
722,13.4702,33473.2,35649,42651.4,53160.9
723,13.4883,33473.2,35891.4,42252,54499.7
724,13.5067,33473.2,35589.1,42547.8,58201.5
725,13.5251,33473.2,35966.1,42864.1,52636.5
726,13.5435,33473.2,36835.3,43135.4,54508.7
727,13.5615,33473.2,35262.5,42582.9,53908.3
728,13.5797,33473.2,36367.9,43222.3,51334.7
729,13.5981,33473.2,35891.7,43078.5,55013.9
730,13.616,33473.2,37173.9,42999.4,54859.8
731,13.6341,33473.2,36660.1,43128.7,54763.8
732,13.652,33473.2,36490,42905.8,53478.9
733,13.67,33473.2,36647.6,43015.7,52602.2
734,13.6882,33473.2,34810.5,42929.7,52497.5
735,13.7061,33473.2,35667.2,42756.3,52833.1
736,13.7244,33473.2,35553.2,42499.6,57295.4
737,13.7424,33473.2,36500.1,42505.1,54468.4
738,13.7606,33473.2,36570.6,42874.4,52736.3
739,13.7787,33473.2,35589,43003.4,54858.8
740,13.7968,33473.2,36275.9,42887.1,56543.8
741,13.8152,33473.2,34968.7,42771.1,51138.1
742,13.8332,33473.2,35710.2,42851.7,53837.9
743,13.8512,33473.2,35514.1,42629.2,52282.1
744,13.8695,33473.2,36920.1,42705.4,52599.3
745,13.8876,33473.2,36226.1,42598.1,51658.5
746,13.9056,33473.2,35648.6,42617,51948.3
747,13.9236,33473.2,35636.8,42848.9,53408.9
748,13.9416,33473.2,36350.1,42513,54264.7
749,13.9598,33473.2,35970.3,42929,53176.5
750,13.9778,33473.2,36066.9,42769.3,52990.4
751,13.9959,33473.2,35594,42813.8,51664.7
752,14.014,33473.2,36688.5,42477.4,52275.4
753,14.0322,33473.2,34914.7,42734.7,53964.3
754,14.0503,33473.2,36087.9,42224.4,52884.4
755,14.0682,33473.2,35418.5,42362.8,52756.1
756,14.0865,33473.2,34923.4,42754.6,55481.3
757,14.1047,33473.2,36592.5,42819.9,50732.4
758,14.123,33473.2,35580.7,42708.6,53217.9
759,14.1413,33473.2,35210.5,42541.9,53440.4
760,14.1595,33473.2,35139,42685.9,58029.1
761,14.1775,33473.2,34386.8,42839.7,54815.2
762,14.1955,33473.2,33962,42160.2,54326.2
763,14.2135,33473.2,35673.2,42618.6,51629.1
764,14.2316,33473.2,36234.1,42493.9,53362
765,14.2499,33473.2,36612.4,43034.4,55701.7
766,14.2681,33473.2,35952.3,42975.8,52962.1
767,14.2864,33473.2,36176.6,43190.4,53073.7
768,14.3046,33473.2,35487.4,43024.1,52988.1
769,14.323,33473.2,36159.3,43097.8,54823.3
770,14.3413,33473.2,37602.6,42935.4,52981.5
771,14.3594,33473.2,35646,42782.1,50213.7
772,14.3778,33473.2,36693.3,42838.6,53552.2
773,14.396,33473.2,35691.1,42604.3,52275.9
774,14.4143,33473.2,36465.5,42792.8,54997.7
775,14.4326,33473.2,36654.7,43018.9,54457.7
776,14.4509,33473.2,36729,42832.1,51804.3
777,14.4692,33473.2,37168.6,43122.2,54284.4
778,14.4874,33473.2,36620.3,42833,52108
779,14.5053,33473.2,36912.4,42589.2,51588.6
780,14.5234,33473.2,35570.8,43133.4,52397.1
781,14.5415,33473.2,36903.5,43069.1,53214.6
782,14.5597,33473.2,35511.3,43032,55436
783,14.5778,33473.2,36225.3,43209.7,54703.4
784,14.5963,33473.2,36795.4,43088.8,50840.6
785,14.6143,33473.2,36330.7,42664.3,52009.8
786,14.6325,33473.2,36232,43003.2,56505.4
787,14.6507,33473.2,37067.3,42978.4,53378.6
788,14.6687,33473.2,34605,42562.6,55435.1
789,14.6869,33473.2,37362.5,42776.6,51116
790,14.7051,33473.2,36108.3,43068.9,51930.7
791,14.7233,33473.2,36858.3,43010.9,53688.8
792,14.7415,33473.2,36453.2,43041.9,52465.2
793,14.7602,33473.2,36316.5,43326.3,54442.8
794,14.7798,33473.2,36326.6,43197.5,52689.7
795,14.7986,33473.2,36247.9,43366.8,53170.6
796,14.8181,33473.2,35886.4,42932.3,50367
797,14.8362,33473.2,36331.8,42489.6,50918.9
798,14.8549,33473.2,37045.9,43017.5,52336
799,14.8734,33473.2,36340.4,42660,50503.9
800,14.8918,33473.2,35375.4,43016.6,52432.8
801,14.9103,33473.2,36070.5,42861,52261.8
802,14.9286,33473.2,36355.3,42812.9,53481.3
803,14.9473,33473.2,34773.9,42988.3,52344.2
804,14.9657,33473.2,35085.5,42841.8,53199.6
805,14.9839,33473.2,35637,42905.1,51509.8
806,15.002,33473.2,35689.7,42378.2,52761.2
807,15.0201,33473.2,36440.9,42841.7,52777.1
808,15.0383,33473.2,34397.3,42931.8,53357.9
809,15.0564,33473.2,36336.1,42813.2,54064.8
810,15.0748,33473.2,36238.6,43137.2,51909
811,15.0929,33473.2,35396.6,42977.8,51864.8
812,15.1111,33473.2,35651.7,43166.4,51915.4
813,15.1291,33473.2,34626.3,42964.5,53555.2
814,15.1477,33473.2,36199.2,43175.8,55509.4
815,15.1659,33473.2,34966.5,43120,53619.8
816,15.1839,33473.2,34899.2,43144.3,53136
817,15.202,33473.2,37154.7,43007.6,54920.6
818,15.2211,33473.2,36398.6,42846.8,55599.9
819,15.2394,33473.2,35983,43055.5,52743
820,15.2574,33473.2,35717.3,42756,52266.1
821,15.2755,33473.2,36156.7,42877.1,51626.9
822,15.2938,33473.2,36452.8,42947.1,54557.8
823,15.3119,33473.2,36317.5,42913.4,57492.4
824,15.33,33473.2,35516.8,43110,55821.6
825,15.3477,33473.2,34833.6,42365.3,50887.4
826,15.3659,33473.2,36328.7,42752.9,54169.3
827,15.3839,33473.2,37038.6,42677.5,50080.4
828,15.402,33473.2,35382.9,42819.2,54160.7
829,15.4204,33473.2,36144.2,42780.2,52257.2
830,15.4383,33473.2,37042.6,42763.4,52239.2
831,15.4564,33473.2,37040,42950.5,51104.5
832,15.4745,33473.2,35783.4,42866.3,52536.2
833,15.4924,33473.2,36502.7,42657.1,51264.2
834,15.5105,33473.2,35732.3,43089.1,53207.9
835,15.5287,33473.2,35588.4,42616.8,51491.4
836,15.547,33473.2,35834,43218.7,56519.3
837,15.5651,33473.2,34249.4,42870.7,52253.8
838,15.5832,33473.2,36885.3,42789.3,51469.1
839,15.6012,33473.2,36051.5,42856.6,54161
840,15.6195,33473.2,34938.2,42715.2,54074.3
841,15.6378,33473.2,35980.4,42736.8,53920.7
842,15.6561,33473.2,34398,42401.8,58923.1
843,15.6747,33473.2,36731.7,43047.7,56850.2
844,15.693,33473.2,35846.9,42216.2,51018.6
845,15.7114,33473.2,35142.1,42609.1,56582.2
846,15.7296,33473.2,36213.5,42604,51039.9
847,15.7478,33473.2,35147.1,42225.2,51844.2
848,15.7663,33473.2,35819,42848.7,51059
849,15.7847,33473.2,36089.8,42432.1,52508.3
850,15.8031,33473.2,35831,42501.7,51549.2
851,15.8215,33473.2,35663.6,42701.4,51990
852,15.8395,33473.2,35845.9,42641.2,55255.2
853,15.8575,33473.2,35461.7,42743.2,55279.5
854,15.8758,33473.2,34991.5,42688.5,50586.5
855,15.8941,33473.2,35465.1,42278.9,53426.6
856,15.9124,33473.2,36300.7,42428.3,53015.6
857,15.9308,33473.2,36572.7,42707.2,57347.9
858,15.949,33473.2,35249.1,42582.2,51785.1
859,15.9671,33473.2,35617.1,42365.1,53194.7
860,15.9855,33473.2,36284.3,42734.4,53742.1
861,16.0039,33473.2,35559.5,42865.7,54272.4
862,16.0221,33473.2,36401.5,42831.1,53129.4
863,16.0406,33473.2,35850.8,42968.2,52900.2
864,16.059,33473.2,36209.3,42672.6,55055.2
865,16.0773,33473.2,35442.5,42679,52605.1
866,16.0956,33473.2,35978.7,42937.9,51766
867,16.1138,33473.2,34553.3,42744.3,51134.8
868,16.132,33473.2,35219.1,42631.3,53497.1
869,16.1503,33473.2,34968.9,42600.2,53458.7
870,16.1686,33473.2,34608.5,42245.4,49882.1
871,16.187,33473.2,36333.8,42700.1,52787.7
872,16.2052,33473.2,34944.7,42519,51166.2
873,16.2235,33473.2,35172.5,42361.9,51721
874,16.2417,33473.2,35594,42436.9,53657.5
875,16.2601,33473.2,35382.9,42232.6,54338.9
876,16.2786,33473.2,37118.4,42647,51241.7
877,16.2966,33473.2,34629,42353.1,51533.3
878,16.3151,33473.2,34005.8,42511.5,49944.2
879,16.3334,33473.2,34173.2,42264.6,52603.1
880,16.3516,33473.2,35788.8,42196.6,52023.9
881,16.3706,33473.2,36024.8,42792.1,53503.9
882,16.3888,33473.2,34964.7,42553.2,52742.9
883,16.4082,33473.2,36192,42683.9,53413.3
884,16.4264,33473.2,34683.8,42605.3,52758.7
885,16.4446,33473.2,35365.5,42648.2,51687.2
886,16.4628,33473.2,35885.9,42494.2,52164.1
887,16.4813,33473.2,36046.6,42491.1,57733.5
888,16.4999,33473.2,35340.4,42311.8,51502.9
889,16.518,33473.2,34100.9,42737.8,53802.2
890,16.5365,33473.2,35899,42771.3,55160.7
891,16.5547,33473.2,36459.8,42586.4,55446.7
892,16.5729,33473.2,34985.2,42617.7,52106.2
893,16.591,33473.2,34695.1,42691.5,54758.9
894,16.6094,33473.2,35398.7,42551.4,55360.1
895,16.6278,33473.2,35676.8,42736.3,54051.3
896,16.6462,33473.2,35828.3,42795.1,54857.5
897,16.6644,33473.2,35278.6,42410.5,50946.5
898,16.6829,33473.2,34578.6,42603.7,56529.6
899,16.7014,33473.2,34692.2,42675.1,54150
900,16.7197,33473.2,35387.6,42527.1,55676.4
901,16.7381,33473.2,35088.6,42743.2,52507.7
902,16.7564,33473.2,35407.2,42690,53778.1
903,16.7746,33473.2,34221.7,42493,55177.4
904,16.7928,33473.2,35133.2,42497.8,54368.8
905,16.8111,33473.2,35679.8,42489.9,51448.7
906,16.8293,33473.2,36044.4,42454.5,54659
907,16.8477,33473.2,35597.5,42584.2,52046.4
908,16.866,33473.2,35360,42973,51809.8
909,16.8844,33473.2,35455.6,42768.5,52243
910,16.9028,33473.2,36102.6,42786.5,56125.4
911,16.9214,33473.2,34383.8,43048.1,58009.1
912,16.9398,33473.2,34855.4,42751.8,55108.6
913,16.9581,33473.2,37162.6,42973.4,55338.7
914,16.9764,33473.2,36959,42774.8,51892.1
915,16.9945,33473.2,34682.9,42559,52431.6
916,17.0128,33473.2,36228.9,42703.8,51242.7
917,17.0312,33473.2,35748.9,42611.7,57293.9
918,17.0496,33473.2,35809.3,42710.7,54986.1
919,17.0678,33473.2,36892.5,42427.5,54975.6
920,17.0862,33473.2,34889.4,42603.5,52915.2
921,17.1047,33473.2,35393.5,42695.1,51808.5
922,17.1232,33473.2,35882.1,42808.2,51876.2
923,17.1414,33473.2,36111.4,42880.6,53492
924,17.16,33473.2,36244,43158.7,52432.4
925,17.1782,33473.2,35879.4,42597.7,52034.7
926,17.1965,33473.2,35735.2,42695.1,52052.4
927,17.2149,33473.2,35808.9,42962.1,54103.5
928,17.2332,33473.2,35164.1,42934.5,54061.8
929,17.2515,33473.2,34969.6,42829.1,52528.7
930,17.2698,33473.2,36021.8,42725.6,52664.8
931,17.2882,33473.2,34868.9,42714.4,51698.6
932,17.3066,33473.2,36629.5,42622.7,52097.8
933,17.3249,33473.2,34311.4,42927.5,51883.3
934,17.3432,33473.2,35352.7,42614,51701.5
935,17.3613,33473.2,36177.4,42673.6,52633.1
936,17.3798,33473.2,36226.6,42191.1,54804.5
937,17.3983,33473.2,35389.6,42568.8,52173.3
938,17.4168,33473.2,35286.5,42629.2,50947.4
939,17.4351,33473.2,34908,42679.8,51735.6
940,17.4539,33473.2,34735.2,42722.4,52635.9
941,17.4725,33473.2,34429.9,42569.2,52631.2
942,17.4912,33473.2,34408.3,42440.9,51239.1
943,17.5096,33473.2,35307,42117.9,54081.3
944,17.528,33473.2,35371.2,42194.1,53181.8
945,17.5464,33473.2,36673.8,42311.5,53387.4
946,17.5652,33473.2,36066.5,42419,52856.5
947,17.5837,33473.2,36521.8,42575.8,53221
948,17.6017,33473.2,35581.1,42294.1,55310.7
949,17.6199,33473.2,35847.2,42172.3,50533.3
950,17.6383,33473.2,35536.4,42771.3,53003.7
951,17.6567,33473.2,35481,42209.9,49913.8
952,17.6748,33473.2,34868.9,42157.5,53752.5
953,17.6935,33473.2,36804.8,42891.6,53863
954,17.7122,33473.2,36609.1,42888.5,53536.7
955,17.7307,33473.2,34572.1,42860.7,52134
956,17.7494,33473.2,34811.2,42672.3,50609
957,17.7675,33473.2,35910.7,42872.2,53628.2
958,17.7859,33473.2,35571.6,42759.9,51812.7
959,17.8043,33473.2,35906.8,42773.5,52748.3
960,17.8229,33473.2,34907.7,42436.5,51917.8
961,17.8414,33473.2,36574.9,42673,53698.1
962,17.8602,33473.2,35125.5,42684.7,53875
963,17.8787,33473.2,35432.6,43083.2,53296.4
964,17.8975,33473.2,34278.8,42843.2,52510.1
965,17.9163,33473.2,37304.7,42933,51253.2
966,17.9356,33473.2,35040.4,42741.9,54881.4
967,17.9547,33473.2,36505.2,42909.1,56165.1
968,17.9736,33473.2,36706.6,42714.2,54899.6
969,17.9926,33473.2,35820.6,42519.9,51072.6
970,18.0112,33473.2,34869.5,42788.8,55387.5
971,18.03,33473.2,36827.2,42878,51556.6
972,18.0486,33473.2,35953,42771.8,51757
973,18.0678,33473.2,36258.3,42781.5,52309.4
974,18.0863,33473.2,35429.5,42495.6,53728.8
975,18.1056,33473.2,35878.9,43082.7,53495
976,18.1248,33473.2,36653.9,43112.2,52498
977,18.1434,33473.2,35355,42820.7,52121.3
978,18.1624,33473.2,35556.7,42958.8,53591.3
979,18.1811,33473.2,35058.5,42920.4,55705.7
980,18.1998,33473.2,35333.2,43105.8,57866.6
981,18.2184,33473.2,34603.6,42567.7,53313.7
982,18.2369,33473.2,36424.7,42830.1,52190.7
983,18.2556,33473.2,36520.7,43293.3,52428.9
984,18.2742,33473.2,37815.2,43169.9,52956.1
985,18.2926,33473.2,36322,43118.8,50476.1
986,18.3116,33473.2,35449.7,42885.3,51929.8
987,18.3296,33473.2,35950.5,43001.6,53246.6
988,18.3473,33473.2,34971.3,42819,50703.9
989,18.3659,33473.2,36129.1,42772.4,55506.1
990,18.3846,33473.2,35172.3,42911.2,53504.2
991,18.4031,33473.2,34116,42938.5,51814.3
992,18.4215,33473.2,35980.2,42770.5,53198.3
993,18.4401,33473.2,35751.4,42927.5,52261.4
994,18.4586,33473.2,36593.2,42824.5,56313.4
995,18.4771,33473.2,36609.1,42786.9,51872
996,18.4954,33473.2,35523.4,42497.7,53648.3
997,18.5137,33473.2,35680.6,42891,52381.3
998,18.5324,33473.2,35546.8,42887.3,52960.2
999,18.5511,33473.2,36937.7,42759.9,52859.8
1000,18.57,33473.2,36784.4,42776.3,54365.9
1001,18.5886,33473.2,34970.3,43138.8,54735.8
1002,18.6074,33473.2,36133.5,42608.2,54004.8
1003,18.6259,33473.2,36545.5,42875.2,52725.9
1004,18.6444,33473.2,35052.4,42679.2,54388.2
1005,18.6635,33473.2,35326.1,43214.4,54340
1006,18.684,33473.2,35785.8,42851.3,53280.9
1007,18.7039,33473.2,35562.2,42633.5,52748.6
1008,18.7233,33473.2,35305.5,42903.1,53460.3
1009,18.7415,33473.2,34461.1,43113.9,53116.2
1010,18.7601,33473.2,36459.2,42909.7,49621.4
1011,18.7787,33473.2,36436.2,42903.4,50453
1012,18.7973,33473.2,36096.1,43067.1,56585
1013,18.8158,33473.2,35672.5,42733.4,51782.2
1014,18.8343,33473.2,35311.5,42758.8,53235.7
1015,18.8528,33473.2,36029.1,42658.2,52459.9
1016,18.8717,33473.2,36326.8,43005.5,53838.6
1017,18.8904,33473.2,36344.9,42915.4,56348.6
1018,18.9098,33473.2,35492.3,42818.8,51015.3
1019,18.9282,33473.2,36441.2,42609.6,51844.7
1020,18.9466,33473.2,35907.6,43110.9,53053.9
1021,18.9651,33473.2,36152.4,42819.4,50698.3
1022,18.9839,33473.2,35696.8,43132.4,51079.5
1023,19.0026,33473.2,36615.6,43215.9,54828.1
1024,19.0222,33473.2,33919.8,42943.5,53809.4
1025,19.0413,33473.2,36115.2,42754.7,51324.6
1026,19.0602,33473.2,35971.3,42805.3,56868.8
1027,19.0788,33473.2,35438.6,42837.4,54777.3
1028,19.0974,33473.2,36313.3,42968.9,53249.4
1029,19.1163,33473.2,35884.3,42557.3,50298.2
1030,19.1351,33473.2,35462.5,42696,53056.1
1031,19.1546,33473.2,35258.1,42463.8,51383.9
1032,19.1742,33473.2,34650.2,42663.5,53806.6
1033,19.1939,33473.2,35479.7,42859.2,54433.3
1034,19.213,33473.2,36650.9,43030.1,52196.7
1035,19.2318,33473.2,34823.9,42754.8,53346.4
1036,19.2511,33473.2,34920.2,43027.2,53147.4
1037,19.2699,33473.2,34029,42996.6,52730.6
1038,19.2889,33473.2,35093.7,42516.9,51467.8
1039,19.3078,33473.2,34789.8,42475.9,52523.2
1040,19.3269,33473.2,37007.3,43171.6,52339.5
1041,19.3461,33473.2,36690.1,42496.6,50841.8
1042,19.3652,33473.2,34243.1,42483.3,52646.5
1043,19.3841,33473.2,37055.7,42837.6,52880.9
1044,19.4028,33473.2,35053.4,42601.6,52164.2
1045,19.4218,33473.2,35569.6,42840.4,56257.9
1046,19.4409,33473.2,36717.9,42720.9,53233.2
1047,19.46,33473.2,35371.6,42923.4,53941.2
1048,19.4787,33473.2,35467.7,42969.5,55944.8
1049,19.4975,33473.2,35910.2,43158.4,51901.6
1050,19.5162,33473.2,36562.3,42922.1,53490.4
1051,19.535,33473.2,35203.9,42986,53223.3
1052,19.5536,33473.2,36076.6,42737.3,52756
1053,19.5723,33473.2,34217.2,42861,51088.7
1054,19.5909,33473.2,36631.7,42799.3,53028.2
1055,19.6096,33473.2,36192.2,43016.3,56145.8
1056,19.6283,33473.2,35570.1,42278.6,51206.7
1057,19.6468,33473.2,36721.1,42916.4,51153.1
1058,19.6652,33473.2,36297.4,42655.2,54089.1
1059,19.6836,33473.2,34621.2,42501,52552.4
1060,19.7023,33473.2,35822.2,42383.6,52431.7
1061,19.7211,33473.2,35197.2,42951,50995
1062,19.7399,33473.2,36400.5,42461.5,51752.5
1063,19.7584,33473.2,35196.4,42389.8,54367.7
1064,19.7771,33473.2,34972.9,42840.2,56248.8
1065,19.7955,33473.2,35877.8,42203.8,50740.4
1066,19.8141,33473.2,34515.4,42279.1,51278.5
1067,19.8325,33473.2,34886.5,42193.9,51411.5
1068,19.8509,33473.2,35801.8,42659.8,51271.2
1069,19.8695,33473.2,35388,42288.7,52598.7
1070,19.8881,33473.2,35234.3,42485.5,52139.7
1071,19.9067,33473.2,35527.5,42621.1,54865.6
1072,19.9253,33473.2,35540,42419.3,51983.2
1073,19.9438,33473.2,35069.3,42362.6,54567
1074,19.9624,33473.2,34376.6,42516.7,53968.3
1075,19.981,33473.2,37106.7,42177.4,51989.7
1076,19.9995,33473.2,35010.5,42649,51841.6
1077,20.0179,33473.2,33919,42494.5,51250.7
1078,20.0362,33473.2,35105.6,42111.7,53771.4
1079,20.0546,33473.2,36278.3,42518.9,54220
1080,20.0733,33473.2,36143.7,42349.5,50827.8
1081,20.0919,33473.2,35834.9,42595,50834
1082,20.1106,33473.2,36167.8,43128.1,52605.1
1083,20.1289,33473.2,35144,42500.4,50790.1
1084,20.1473,33473.2,34872.5,42640.3,54263.6
1085,20.166,33473.2,35253.7,42678.6,51473.2
1086,20.1844,33473.2,35410.8,42218.2,53321.2
1087,20.203,33473.2,36292.3,42887.7,53980.7
1088,20.2217,33473.2,34532.2,42951.3,53469.4
1089,20.24,33473.2,35763.6,42112.3,54266
1090,20.2589,33473.2,34924,42626.6,52673.8
1091,20.2775,33473.2,33976,42661.7,53351.6
1092,20.2962,33473.2,34967.1,42506.4,52679.6
1093,20.3146,33473.2,35104.4,42407.3,57047.5
1094,20.3332,33473.2,35004,42301.4,52627.5
1095,20.3525,33473.2,35429.6,42516,50879
1096,20.3722,33473.2,35732.8,42969.5,53872.9
1097,20.3909,33473.2,35871.9,42153.6,55789.5
1098,20.4097,33473.2,35867,42498.6,54344.4
1099,20.4283,33473.2,34898,42334.7,51143.6
1100,20.4473,33473.2,34313.4,42743.3,52209.6
1101,20.4661,33473.2,36060.5,42711.7,53079.5
1102,20.4849,33473.2,36174.2,42340.3,52857.3
1103,20.5038,33473.2,35431,42465.6,56620.6
1104,20.5224,33473.2,36180.9,42405.6,54998.9
1105,20.5411,33473.2,35056.5,42261,51430
1106,20.5596,33473.2,36740.5,42618.8,55437.8
1107,20.5784,33473.2,35896,42472,52649.2
1108,20.5972,33473.2,35875.4,42057.2,48961.9
1109,20.6159,33473.2,36079.3,42667.9,50725.4
1110,20.6349,33473.2,36138.1,42665.8,58332.7
1111,20.6547,33473.2,36253.9,42954.2,55470.3
1112,20.6732,33473.2,35786.4,42424.2,51647.5
1113,20.6925,33473.2,35713.4,42768.3,56924.4
1114,20.7112,33473.2,35414.6,42779.3,55706.8
1115,20.7307,33473.2,36349.5,42756.3,53419.9
1116,20.749,33473.2,36076.6,42035.1,60502.3
1117,20.7685,33473.2,34846.5,42380.3,52078.9
1118,20.7879,33473.2,35258.1,42189.6,52036
1119,20.8066,33473.2,36113.3,42724.6,53611.3
1120,20.8257,33473.2,35231.2,42660.5,50902.6
1121,20.8441,33473.2,36134.1,42518.9,52057.9
1122,20.8633,33473.2,34792.1,42336.9,51491.6
1123,20.882,33473.2,35455.6,42846.6,51322
1124,20.9009,33473.2,36723,42161.4,50653.2
1125,20.9195,33473.2,36378.2,42440.4,50835.9
1126,20.9382,33473.2,35557.2,42682.4,50395
1127,20.9569,33473.2,35233.1,42819,53388.2
1128,20.9754,33473.2,35085.3,43017.7,52274.4
1129,20.9938,33473.2,36835.1,42726.4,54590.7
1130,21.0123,33473.2,35891.4,42291.6,51958.3
1131,21.0308,33473.2,36265.2,42636,54797.5
1132,21.0494,33473.2,34770.7,42942,56133.1
1133,21.0681,33473.2,35642,42492.2,52188.7
1134,21.0868,33473.2,35193.5,42294,52211.6
1135,21.1055,33473.2,35853.8,42180.3,50824.4
1136,21.1243,33473.2,35224.9,42703.1,56008.6
1137,21.1433,33473.2,35299.7,42386.8,51616.5
1138,21.1623,33473.2,35295.2,42548.6,54348.5
1139,21.1812,33473.2,35395.6,42380.4,53601.4
1140,21.2003,33473.2,34693.6,42774.5,55347.3
1141,21.219,33473.2,36316.2,42588.9,52774.3
1142,21.2377,33473.2,35827.5,42272.1,51778.5
1143,21.2568,33473.2,35028,42664.2,55074.9
1144,21.2754,33473.2,35348.5,42385.1,52464.2
1145,21.2943,33473.2,35613.5,42486.9,52426
1146,21.3127,33473.2,36058.4,42463.4,52866.2
1147,21.3314,33473.2,36335.8,42778.1,54142.7
1148,21.3504,33473.2,36247.5,42722.2,51778.9
1149,21.3693,33473.2,37421.3,43048.1,52939.1
1150,21.3881,33473.2,36388,42884.5,55736.3
1151,21.4066,33473.2,36797.6,42426.4,50898.9
1152,21.4255,33473.2,35282.1,42977.3,50915.1
1153,21.4443,33473.2,36954,42881.7,53342.1
1154,21.463,33473.2,36276.6,42581,50905.4
1155,21.4818,33473.2,36427.2,43123.4,53144.8
1156,21.5006,33473.2,35730.8,42706.6,50809.5
1157,21.5193,33473.2,34731.4,42697.5,51921.7
1158,21.5383,33473.2,35736,42507.4,52953.4
1159,21.5568,33473.2,35075.1,42403.8,51871.3
1160,21.5758,33473.2,35343.4,42525.2,53668.1
1161,21.5946,33473.2,37044.9,42899.4,54727.2
1162,21.6134,33473.2,36445.7,42795.8,51290.4
1163,21.6322,33473.2,34442.9,42415.1,52557.9
1164,21.6508,33473.2,35277.5,42124.8,56299.9
1165,21.6697,33473.2,37127.5,42583.9,56047.1
1166,21.6885,33473.2,36233.8,42124.5,51969.5
1167,21.7073,33473.2,35452.8,42842.6,58997.1
1168,21.7264,33473.2,35326.2,42805.6,54921.8
1169,21.7451,33473.2,34359.1,42563.8,53675.5
1170,21.7644,33473.2,34297.3,42291.1,50973.8
1171,21.7831,33473.2,35227.4,42418.5,52944.8
1172,21.802,33473.2,34106.1,42429.5,55504.2
1173,21.8207,33473.2,36348.3,42602.3,51570.1
1174,21.8395,33473.2,36035,42520.2,51717.3
1175,21.8585,33473.2,35439.3,42614.8,50267.2
1176,21.8776,33473.2,35506.9,42629.7,52115.9
1177,21.8964,33473.2,36721.9,42664.8,50020.6
1178,21.9152,33473.2,35620.9,42640.7,53129.6
1179,21.9338,33473.2,35117.4,42350.8,53055.3
1180,21.9522,33473.2,36580.3,42430.6,51137.4
1181,21.9708,33473.2,36052.7,42223.5,50981.9
1182,21.9891,33473.2,35343.2,42617.4,51878.4
1183,22.0075,33473.2,34599.4,42614.3,52538.4
1184,22.0262,33473.2,36843.4,42737.9,52146.5
1185,22.0448,33473.2,35717.1,42829.7,50239.7
1186,22.0635,33473.2,35440,42636.7,52813.7
1187,22.0821,33473.2,35787,42513.4,56737.3
1188,22.1007,33473.2,34737.7,42296.5,50231.3
1189,22.1197,33473.2,35275.8,42436.5,52421
1190,22.1386,33473.2,34544.3,42673.1,54885.6
1191,22.1572,33473.2,34253.6,42595.5,51366.7
1192,22.1759,33473.2,35426.8,42434.7,53501
1193,22.1944,33473.2,36165.7,42139.4,52942.4
1194,22.2128,33473.2,36219.6,42223.5,54972.2
1195,22.2314,33473.2,35165.5,42414.1,52354.2
1196,22.25,33473.2,35706,42198.3,50031
1197,22.2684,33473.2,35977.4,42255.1,53910.8
1198,22.2867,33473.2,36741.6,42266.4,52821.4
1199,22.3053,33473.2,35024.9,42752.6,52106.9
1200,22.3238,33473.2,36476,42397.2,55712.7
1201,22.3424,33473.2,36626.4,42536.1,53976.6
1202,22.3609,33473.2,35759.8,42753.4,52432.7
1203,22.3793,33473.2,35869.6,42724.4,52958.9
1204,22.3978,33473.2,35604.1,42340.5,52795.5
1205,22.4165,33473.2,34542.2,42904.3,50730.6
1206,22.4351,33473.2,35933.8,42525.7,52966.3
1207,22.4536,33473.2,36632,42437.6,52463.9
1208,22.4722,33473.2,35785.5,42566.2,52240.6
1209,22.4905,33473.2,35794,42193.2,52243
1210,22.5092,33473.2,35482.1,42611.2,52427.6
1211,22.5278,33473.2,35153.3,42018.5,54047.6
1212,22.5463,33473.2,35372.8,42341.4,52929.3
1213,22.5648,33473.2,35606.7,42452.8,54511.3
1214,22.5832,33473.2,35116.2,42108.4,55181.8
1215,22.6018,33473.2,35588.7,41893.3,51552.8
1216,22.6207,33473.2,36578.7,42010.7,49681.9
1217,22.6392,33473.2,35434.7,42376.4,53702.9
1218,22.6577,33473.2,35532.1,42245.2,51400.7
1219,22.6762,33473.2,34864.8,42337.6,53876.8
1220,22.6947,33473.2,34905.6,42654.2,55318.5
1221,22.7131,33473.2,34876.1,42693.7,52131.3
1222,22.7319,33473.2,35059.3,42409,51236.5
1223,22.7505,33473.2,36322.4,42522.6,54986.8
1224,22.769,33473.2,36157.9,42654.9,55090
1225,22.7876,33473.2,34642.4,42237.7,52697.9
1226,22.8063,33473.2,34920.4,42681.8,55870
1227,22.825,33473.2,36888.5,42687.8,51271.5
1228,22.8434,33473.2,34739.8,42645.1,53055.2
1229,22.8618,33473.2,35791.8,42299.5,51566.5
1230,22.8809,33473.2,34537.4,42638.3,51739.6
1231,22.8997,33473.2,35445.5,42454.8,54159.5
1232,22.9185,33473.2,34811.3,42599.8,55872.1
1233,22.9379,33473.2,37094.3,43027.6,56611
1234,22.9565,33473.2,35376.2,42677.8,55945.5
1235,22.9752,33473.2,34542.8,42707.9,51992.2
1236,22.9937,33473.2,36318.9,42572,51158
1237,23.0126,33473.2,35839.6,42678.1,52663.1
1238,23.0312,33473.2,36263.8,42896.8,54254.3
1239,23.0498,33473.2,36131.4,42677.3,50763.1
1240,23.0688,33473.2,36155,42658.8,54650
1241,23.0873,33473.2,36941.2,42829.3,53297.7
1242,23.1066,33473.2,35379.9,42668.9,53761.1
1243,23.1255,33473.2,36213.5,42943.3,51712.7
1244,23.1442,33473.2,35882.7,43185.4,56663.5
1245,23.1629,33473.2,35167.5,42895.3,57310.5
1246,23.1817,33473.2,34954.6,42651.9,57472.8
1247,23.2006,33473.2,35856.9,42745.1,55160.4
1248,23.2195,33473.2,35611.6,43073.1,55151.4
1249,23.2381,33473.2,35980.2,42936.9,52873
1250,23.2568,33473.2,35589.6,43055.4,54900.7
1251,23.2755,33473.2,36069.7,43223.3,53671.1
1252,23.2943,33473.2,35920,43171.5,55707.4
1253,23.3132,33473.2,35241.5,43028.9,51857.8
1254,23.3319,33473.2,36444.1,42720.9,52772.7
1255,23.3507,33473.2,36724.4,42622.8,51883.5
1256,23.3694,33473.2,36343.9,42799.1,54485.3
1257,23.3888,33473.2,37053.7,42914.8,51969.5
1258,23.4078,33473.2,36529,42902.1,59455.3
1259,23.4266,33473.2,36808.9,42938.8,51646.1
1260,23.4456,33473.2,36661,42346.6,52274.8
1261,23.4642,33473.2,36787.7,42488.7,52217.9
1262,23.4828,33473.2,35683.2,42466.6,54079.2
1263,23.5013,33473.2,36204.8,42373.4,52804.2
1264,23.52,33473.2,36016.4,42360.2,51777.8
1265,23.5388,33473.2,35955.4,42553.5,52270.6
1266,23.5573,33473.2,36187.8,42530.6,50231.6
1267,23.5759,33473.2,36041.7,43007.2,55101.3
1268,23.5947,33473.2,35753.4,42946.2,54613.7
1269,23.6132,33473.2,35907.1,42834.8,52233.7
1270,23.6317,33473.2,35244.9,42555.7,54317.4
1271,23.6502,33473.2,35915.4,42406.7,51596.2
1272,23.669,33473.2,36002.5,42427.4,50995.1
1273,23.6878,33473.2,35110.8,42903.7,51117.9
1274,23.7065,33473.2,35083.2,43002.3,53960.5
1275,23.7254,33473.2,34441.2,42541.7,51354.5
1276,23.7443,33473.2,37011.3,43046.5,52415.9
1277,23.7631,33473.2,35025.5,42661,54149
1278,23.782,33473.2,36058.8,42945.8,54126
1279,23.8008,33473.2,36792.7,42620.6,53092.5
1280,23.8197,33473.2,34808.8,42623.8,52635.4
1281,23.8384,33473.2,34738.4,42030.5,51522.8
1282,23.8571,33473.2,34846.1,42632.3,53869.9
1283,23.876,33473.2,36539.7,42470.7,54212.5
1284,23.8948,33473.2,34867,42755,59346.8
1285,23.9137,33473.2,37139.8,42657.3,51371.3
1286,23.9331,33473.2,35437.7,42476.4,54386.7
1287,23.9519,33473.2,36600.9,43010.6,50668.1
1288,23.9707,33473.2,35600.1,42532.8,54572
1289,23.9894,33473.2,36220.2,42464.7,52763.3
1290,24.0082,33473.2,35558.9,42340.9,53123.5
1291,24.0267,33473.2,35052.9,42469,51896
1292,24.0457,33473.2,34424.2,42535.6,53294.5
1293,24.0644,33473.2,36821,42549.4,51262.3
1294,24.083,33473.2,36586.7,42295.5,51160.8
1295,24.1019,33473.2,36073.6,42807.7,54637.9
1296,24.1207,33473.2,34490.7,42213.4,53465.6
1297,24.1394,33473.2,36395,42119.9,52433.3
1298,24.1583,33473.2,35587.8,42531.2,54212.8
1299,24.1769,33473.2,34974,42265.2,50280.1
1300,24.1958,33473.2,35710.8,42481.4,52956.2
1301,24.2144,33473.2,34285.6,42328.9,53307.1
1302,24.2332,33473.2,35731.3,42725.7,52858
1303,24.2517,33473.2,35567.3,42764.9,49358.9
1304,24.2704,33473.2,35887.1,42950.1,54481.7
1305,24.2891,33473.2,36195.8,42475,50929.8
1306,24.3075,33473.2,36042.9,42278.6,53141.6
1307,24.3259,33473.2,35114.2,42637.4,54140.1
1308,24.3446,33473.2,36127.6,42890.8,53199.9
1309,24.3633,33473.2,35031.4,42670.4,51290.8
1310,24.3819,33473.2,36523.1,42390.9,51222
1311,24.4006,33473.2,36006.2,42860.1,52226.4
1312,24.4192,33473.2,35943.9,42885.5,53306.1
1313,24.4381,33473.2,35397.4,42750.3,54056.8
1314,24.4569,33473.2,35813.1,42443.1,50098.8
1315,24.4757,33473.2,37268.8,42816.6,51914.7
1316,24.4943,33473.2,35305.9,42591,51840
1317,24.5131,33473.2,36708.1,42434.8,53022.8
1318,24.5318,33473.2,35227.6,42295.3,52109.8
1319,24.5506,33473.2,35366.4,42918.8,53372
1320,24.5693,33473.2,35392.4,42488.7,52897.8
1321,24.5877,33473.2,34969.9,42380.5,51896.8
1322,24.6063,33473.2,35763.1,42509.3,53468.7
1323,24.6246,33473.2,35767,42586.9,53662.9
1324,24.643,33473.2,35430.6,41953.6,51259.4
1325,24.6615,33473.2,36599.8,42202,50595.9
1326,24.6801,33473.2,34359.1,42340.7,54315.1
1327,24.6986,33473.2,36249.1,42053,51039.8
1328,24.7173,33473.2,35269.4,42595.8,53050.7
1329,24.7358,33473.2,35821.3,42442.3,51916.1
1330,24.7541,33473.2,35197.6,42558.4,54006.4
1331,24.7727,33473.2,34612,41988.8,50642
1332,24.7912,33473.2,35292.8,42352.6,53943
1333,24.8098,33473.2,36245.7,42107.9,55669.6
1334,24.8284,33473.2,36538.6,42073.3,51417.5
1335,24.847,33473.2,37048.3,41858.3,52940.9
1336,24.8657,33473.2,35298,41981.9,52098
1337,24.8845,33473.2,36634.4,42380.4,51172.1
1338,24.903,33473.2,34548.9,42158.6,51960.6
1339,24.9212,33473.2,36043.5,42279.1,50157.8
1340,24.9406,33473.2,35850.2,42622,49589.3
1341,24.959,33473.2,35831.6,42376.6,54357.3
1342,24.9775,33473.2,35743.2,42468.6,52619.6
1343,24.9962,33473.2,35894.9,42431.4,52641.4
1344,25.0149,33473.2,35851.4,42571.1,53654.8
1345,25.0339,33473.2,35349.7,42107.7,50191.5
1346,25.0525,33473.2,36396.7,42418.1,51081
1347,25.071,33473.2,35674.4,42394.7,49521.6
1348,25.0898,33473.2,34989.4,42198.7,53101
1349,25.1086,33473.2,35170,42270.5,52473.1
1350,25.1274,33473.2,35202.8,42470.1,52528.1
1351,25.1459,33473.2,34748.1,42661.7,51585.6
1352,25.1643,33473.2,34409.2,42211.5,51272
1353,25.1833,33473.2,35700,42088.5,50010.5
1354,25.2019,33473.2,34734.9,42452.1,52898.5
1355,25.2205,33473.2,34885.3,41931.5,53295.5
1356,25.2391,33473.2,35377.9,42373.8,51474.3
1357,25.2577,33473.2,36155.1,42914.3,53311.9
1358,25.2763,33473.2,35247.2,42446,53171.2
1359,25.2951,33473.2,35616.3,42582.6,50844.6
1360,25.3139,33473.2,35743.5,42349.1,51382.9
1361,25.3324,33473.2,35047.6,42198.2,56693.3
1362,25.3512,33473.2,34746.7,42810.1,57178.7
1363,25.37,33473.2,36201.5,42620.9,53109.6
1364,25.3885,33473.2,35031.2,42051,52352.8
1365,25.407,33473.2,35987.9,42646.9,53680.1
1366,25.4258,33473.2,35638.9,42654,51528.6
1367,25.4443,33473.2,35750.3,42501.7,54834.1
1368,25.463,33473.2,37680.2,42569.6,51510.2
1369,25.4817,33473.2,35899.4,42892.1,51010.3
1370,25.5005,33473.2,35467.5,42779.6,56593.5
1371,25.5192,33473.2,36104.6,42755.2,54711.5
1372,25.5378,33473.2,35387.3,42471.7,53988.4
1373,25.5565,33473.2,36064.3,42879.7,58840.1
1374,25.5755,33473.2,34821.5,42553.4,55294.4
1375,25.5942,33473.2,35622,42500.3,54337.1
1376,25.6126,33473.2,35707.4,42377.6,54451.3
1377,25.6311,33473.2,36224.3,42085.6,50997.7
1378,25.6495,33473.2,35429.9,42480.5,55203.4
1379,25.6685,33473.2,35624.5,42586.3,52728.3
1380,25.6874,33473.2,35708.7,42541.2,56647.5
1381,25.706,33473.2,35259.7,42247.4,52967.3
1382,25.7245,33473.2,34240.7,42316.2,52167.1
1383,25.7433,33473.2,36202.7,42889.6,52012.9
1384,25.762,33473.2,34900.9,42662.6,52751.4
1385,25.7805,33473.2,34686.8,42769.1,54818.7
1386,25.7991,33473.2,35559.5,42710.4,51495.7
1387,25.8176,33473.2,36001.6,42331.2,52768.3
1388,25.8362,33473.2,35416.2,42616.3,52677.4
1389,25.8548,33473.2,37185,42226.6,51418.5
1390,25.8735,33473.2,34899.2,42499.2,54287.9
1391,25.8923,33473.2,35403.5,42332.6,52537.5
1392,25.9109,33473.2,36137.7,42417.9,55821.9
1393,25.9296,33473.2,35682.5,42476.4,53858.7
1394,25.9481,33473.2,35288.8,42826.3,53021.8
1395,25.9672,33473.2,34983.8,42512.4,53885.8
1396,25.9858,33473.2,34996.8,42592.4,51460.1
1397,26.0043,33473.2,35527,42449.8,51619.8
1398,26.023,33473.2,35475.3,42714.1,54920.4
1399,26.0415,33473.2,36458.1,42541.6,51663.7
1400,26.0607,33473.2,35252.6,42137.9,49687.5
1401,26.0793,33473.2,35108.2,42510.2,54644.4
1402,26.098,33473.2,35753.3,42741.2,51868.9
1403,26.1165,33473.2,36873.6,42659.2,54170.8
1404,26.1351,33473.2,35718.8,42887.4,51661.5
1405,26.1535,33473.2,35837.3,42685.2,53409.1
1406,26.1721,33473.2,36435.9,42844.6,51665.2
1407,26.1909,33473.2,35945.6,42355.5,52720.3
1408,26.2095,33473.2,36235.8,42305.2,50664.7
1409,26.2281,33473.2,36674,43151.1,54289.3
1410,26.2467,33473.2,35500.6,42500.7,51847.6
1411,26.2654,33473.2,36418.9,42541.2,51164.6
1412,26.2841,33473.2,35637.7,42416.4,56020.7
1413,26.3026,33473.2,36178.9,42861.5,54150.6
1414,26.3216,33473.2,35642.2,42453.2,52183.1
1415,26.3403,33473.2,35288.2,42490.3,51857.3
1416,26.359,33473.2,36645.6,42475.1,53164.3
1417,26.3779,33473.2,36298.1,42834.7,53778.1
1418,26.3965,33473.2,35509.3,42557.1,52417
1419,26.4151,33473.2,36753.1,42550.2,52735
1420,26.4339,33473.2,36638.6,42559.8,56904.4
1421,26.4525,33473.2,37115.7,42367.2,50543.1
1422,26.471,33473.2,36126.3,42533,52363.4
1423,26.4895,33473.2,35876.1,42483.6,50406.9
1424,26.5092,33473.2,35962.1,42559.2,50527.2
1425,26.5279,33473.2,36871.8,43327.4,54434.9
1426,26.5463,33473.2,35204.5,42562.4,57021.5
1427,26.565,33473.2,35830.4,42859.3,54663
1428,26.5834,33473.2,36063.3,42871.4,58417.4
1429,26.6019,33473.2,36483.9,43235.6,53360.5
1430,26.6204,33473.2,35239.9,42736,53718.9
1431,26.639,33473.2,36805.7,42097.3,50306.5
1432,26.6574,33473.2,35279.1,42248.2,52328.7
1433,26.6757,33473.2,36283.6,42378.1,52681.4
1434,26.6945,33473.2,36127.5,42668.7,52251.8
1435,26.7132,33473.2,34731.7,42508.2,50950.8
1436,26.7316,33473.2,36025.3,42778.3,52892.9
1437,26.7502,33473.2,35738.3,42558.2,52514.6
1438,26.7687,33473.2,34767.3,42576,52270.4
1439,26.7872,33473.2,35619.8,42853.3,54237.3
1440,26.8057,33473.2,34546.6,42364.3,54341.8
1441,26.8243,33473.2,35987.6,42529.3,55607.7
1442,26.8426,33473.2,35742.2,42500.7,53640.4
1443,26.8612,33473.2,35008.3,42234.6,51479.7
1444,26.8796,33473.2,36091.7,42135,54251.5
1445,26.8981,33473.2,36431.1,42718,53491.7
1446,26.9167,33473.2,36322.2,42625.2,52810.8
1447,26.9351,33473.2,37908.6,42286.6,52107.9
1448,26.9536,33473.2,34592.9,42131,50636.9
1449,26.9719,33473.2,36210.8,41998.4,54631.4
1450,26.9907,33473.2,37061.7,42603.6,52885.1
1451,27.0092,33473.2,36348.8,42292.4,53050.6
1452,27.0279,33473.2,34518,42544.8,54374
1453,27.0462,33473.2,36190.4,42944.1,55251.2
1454,27.0648,33473.2,35073.9,42656.1,52517.9
1455,27.0834,33473.2,35403.5,42612.2,52945.7
1456,27.102,33473.2,35763.2,42453.3,50589.9
1457,27.1205,33473.2,36284.8,42550,51665.2
1458,27.1388,33473.2,36015.3,42370.3,51643.1
1459,27.1578,33473.2,35554.7,42711.2,55728.8
1460,27.1765,33473.2,35889.7,42451.4,51367.2
1461,27.1952,33473.2,36210.9,42793,52033.7
1462,27.2139,33473.2,34877.3,42762.8,54190.8
1463,27.2325,33473.2,35451.2,42680.4,53964.5
1464,27.2512,33473.2,36388.6,42892,55837.4
1465,27.2699,33473.2,34132.5,43030.9,53727.7
1466,27.2885,33473.2,35735.2,42698,52589.8
1467,27.3072,33473.2,35515.3,42990.4,56331.2
1468,27.3257,33473.2,35952.6,42604.9,52938.4
1469,27.3442,33473.2,34741,42328.1,50682.7
1470,27.3625,33473.2,35139.7,42742.3,52204.1
1471,27.3811,33473.2,35022.4,43010.5,51749.3
1472,27.3996,33473.2,36670.8,42991.9,52594.3
1473,27.4181,33473.2,35955.3,42478.8,52577.6
1474,27.4366,33473.2,36946.4,42675.7,51666.6
1475,27.4553,33473.2,35405.5,42292.4,51205.9
1476,27.4739,33473.2,35121.8,42687.4,54985.7
1477,27.4924,33473.2,36032.9,42597.4,54918.3
1478,27.5107,33473.2,36510,42729.5,52745.6
1479,27.5295,33473.2,36439,42573.2,55477.2
1480,27.5482,33473.2,36256,42831.3,51583.4
1481,27.5668,33473.2,36104.4,42795.6,53236.8
1482,27.5856,33473.2,35717.6,42814.4,52163.1
1483,27.6043,33473.2,36862,43099.6,55387.2
1484,27.623,33473.2,35639.6,42796.9,52814.2
1485,27.6418,33473.2,35462.1,42469.5,55267
1486,27.6606,33473.2,37614.8,42675.3,50790
1487,27.6793,33473.2,35772,42666.4,51459.2
1488,27.6978,33473.2,36377.7,42625.7,57663
1489,27.7167,33473.2,35375.3,42789.6,51804.9
1490,27.7354,33473.2,35279.5,42874.4,52563.5
1491,27.7541,33473.2,37558.5,43251.8,55517
1492,27.7728,33473.2,36131.5,42852.2,55849.5
1493,27.7915,33473.2,34036.1,42462.9,53581.5
1494,27.8101,33473.2,35976.7,42403.9,52261.4
1495,27.8288,33473.2,35270.9,42648,51096.1
1496,27.8474,33473.2,36668.1,42561.1,52457.5
1497,27.8659,33473.2,35285.7,42740.2,57126.8
1498,27.8847,33473.2,35563,42676.8,55322.6
1499,27.9029,33473.2,35534.3,42529.3,55943.2
1500,27.9215,33473.2,35566.5,42768,58378.7
1501,27.9403,33473.2,36963,42869.6,54438.1
1502,27.9591,33473.2,35869.4,42857.9,53969.4
1503,27.9778,33473.2,35475.1,42812.4,52718.2
1504,27.9966,33473.2,36013.8,42882.9,53129.7
1505,28.0154,33473.2,36658.4,42653,51596.1
1506,28.034,33473.2,36746.2,43089.7,50547.2
1507,28.0525,33473.2,34532.7,42542.7,54037.8
1508,28.0709,33473.2,35137.5,42030.9,49191.5
1509,28.0897,33473.2,35981.9,42643.3,55723.9
1510,28.1083,33473.2,34084.9,41997.1,52625.2
1511,28.1271,33473.2,36063,43002.5,54696.1
1512,28.1458,33473.2,36372.5,42552.1,51940.7
1513,28.1643,33473.2,35521.8,42570.5,51898.1
1514,28.1828,33473.2,36716.2,42693.6,54230.9
1515,28.2015,33473.2,36341.1,42891.6,54473.4
1516,28.2199,33473.2,35014,42374.2,52729.9
1517,28.2386,33473.2,36070.8,42796.9,52929.8
1518,28.2571,33473.2,36729.8,42434.1,53435.3
1519,28.2758,33473.2,34770.9,42698.6,52440.4
1520,28.2948,33473.2,35431,42687.1,53404.9
1521,28.3136,33473.2,36721.5,42748.6,52930.1
1522,28.3323,33473.2,35598.9,42591.3,55273.2
1523,28.3507,33473.2,36356.2,42654.8,50877.6
1524,28.3696,33473.2,35669.1,42845.1,51400.2
1525,28.3882,33473.2,36619.7,42927.8,53338.5
1526,28.4069,33473.2,36744.2,42943.2,54790.5
1527,28.4254,33473.2,35850.5,42702.6,52600.9
1528,28.444,33473.2,36196.3,42525.6,50210.9
1529,28.4627,33473.2,35277.2,42934,54173.4
1530,28.4814,33473.2,35862.1,42507.6,50989.4
1531,28.5004,33473.2,35592.7,43036.5,56009.9
1532,28.519,33473.2,34885.7,42604.6,52885.2
1533,28.5379,33473.2,35318.8,42752.1,58020.4
1534,28.5565,33473.2,35255.6,42731.5,50769.9
1535,28.5753,33473.2,35836,43075,55907.3
1536,28.5941,33473.2,35277.7,42398.4,54180
1537,28.6127,33473.2,35968.4,42458.5,56066
1538,28.6316,33473.2,36164.6,42905.7,55312.2
1539,28.6504,33473.2,35093.9,43108,52558
1540,28.6694,33473.2,34478.5,43053.3,54604.5
1541,28.6882,33473.2,36445.4,42727.1,53014.2
1542,28.7069,33473.2,37274.1,42970.7,52202.5
1543,28.7259,33473.2,35723.5,43003.9,50108
1544,28.7444,33473.2,36614.1,42325.9,54824.4
1545,28.7631,33473.2,35287,42589.1,51670.9
1546,28.7817,33473.2,34802,42803.4,53687.1
1547,28.8003,33473.2,35145.6,42449.1,52296.2
1548,28.8189,33473.2,36077.5,42738.3,53194.7
1549,28.8374,33473.2,34745.2,42256.1,53703.9
1550,28.8559,33473.2,34702.9,42632,55475.8
1551,28.8744,33473.2,35995.1,42623,53407.4
1552,28.8932,33473.2,35083.5,42128.9,59802.3
1553,28.9119,33473.2,35556.9,42522.5,50992.7
1554,28.9307,33473.2,36199.1,42921.6,52643
1555,28.9491,33473.2,34734.6,42283.5,51047
1556,28.9677,33473.2,36039.9,42642.5,52411.8
1557,28.9863,33473.2,35662.6,42774.4,55038.9
1558,29.005,33473.2,35720.6,43015.4,53410.5
1559,29.0235,33473.2,35200.9,42569,52148.9
1560,29.0425,33473.2,36458.5,42340.6,54170.7
1561,29.0611,33473.2,34892.5,42623,51649.6
1562,29.0796,33473.2,35373.7,42333.1,53396.4
1563,29.0983,33473.2,34320.6,42474.8,57317.8
1564,29.1168,33473.2,35815.3,42487.2,52302.8
1565,29.1354,33473.2,36392,42243.6,52487.5
1566,29.154,33473.2,36860.4,42324.8,51583.7
1567,29.1723,33473.2,35297.6,42099.3,50423.2
1568,29.1907,33473.2,35435.6,42220.7,52242.6
1569,29.2094,33473.2,35711.1,42171.9,50221.7
1570,29.228,33473.2,36069.7,42302.5,51429.6
1571,29.2467,33473.2,35330,42861.9,53393.1
1572,29.2654,33473.2,34943.3,43135.1,55252.5
1573,29.2841,33473.2,36338.2,42540.1,53289
1574,29.3027,33473.2,36383.2,42729.5,52522
1575,29.3213,33473.2,36734.6,42764.8,52695.8
1576,29.3399,33473.2,34818.6,42832,54272.1
1577,29.3585,33473.2,36363.9,42987.8,52696.5
1578,29.3773,33473.2,37453.5,43042.4,56729.4
1579,29.3962,33473.2,36687.8,42813.8,51478.4
1580,29.4149,33473.2,36274.9,43161.7,53904.7
1581,29.4336,33473.2,36464.3,42670.5,53673
1582,29.4522,33473.2,35879.8,42536.6,54591.8
1583,29.4709,33473.2,36524.3,42789.5,53316.2
1584,29.4896,33473.2,36614.4,42914.4,53275.3
1585,29.5084,33473.2,35558.6,43067.8,52371.9
1586,29.5275,33473.2,35807.2,42895.6,55032.4
1587,29.5462,33473.2,36219.5,42519.4,55452.2
1588,29.5651,33473.2,37121.1,42869.5,54301.5
1589,29.5841,33473.2,35551,42978.1,52792.1
1590,29.6031,33473.2,36489,42780.4,53672.8
1591,29.6219,33473.2,34557,42741.7,52307
1592,29.6407,33473.2,35657.1,42739.9,54564.8
1593,29.6596,33473.2,35629,42771.7,53076.1
1594,29.6782,33473.2,35163.7,42832.2,50946.2
1595,29.6968,33473.2,36178.3,42877.8,56629.6
1596,29.7155,33473.2,34326.9,43151.4,53673.8
1597,29.7342,33473.2,36766.8,43288.3,53212.8
1598,29.7529,33473.2,35995.7,42491,51741
1599,29.7718,33473.2,34690.2,43030.1,49694.7
1600,29.7904,33473.2,35910.6,42830.3,51019.7
1601,29.8089,33473.2,34629,42265.2,50543.8
1602,29.8276,33473.2,36622.6,43160.1,54321
1603,29.8463,33473.2,36772.1,42474.2,52484.3
1604,29.8652,33473.2,36271.5,42574.7,53601.2
1605,29.8837,33473.2,36347.4,42916.7,52940
1606,29.9024,33473.2,36817.9,42582.2,51984.7
1607,29.9209,33473.2,35457.4,42643.7,51508.5
1608,29.9398,33473.2,35613.6,42816.9,52212
1609,29.9586,33473.2,35443.2,42656,49936.2
1610,29.9772,33473.2,35719.4,42717,54443.7
1611,29.9959,33473.2,36560.4,42813.9,53365.1
1612,30.0146,33473.2,35908.3,42988.8,50764.2
1613,30.0331,33473.2,35245.8,42497.6,49333.9
1614,30.0515,33473.2,35925.1,42333.7,52827.2
1615,30.0702,33473.2,35175.8,43062.1,51639.2
1616,30.089,33473.2,34094.9,42464.3,54660.4
1617,30.1074,33473.2,35653.4,42285,55290.1
1618,30.1258,33473.2,35089.9,42300.8,51984.9
1619,30.1442,33473.2,37303.6,42485.4,50871.2
1620,30.1628,33473.2,35826.4,42351.1,55532.1
1621,30.1813,33473.2,35489.9,42352.8,51889.7
1622,30.2001,33473.2,35437.5,42568.6,53612
1623,30.2186,33473.2,35835.5,42523.5,54139.6
1624,30.2373,33473.2,35694.9,42887.8,53163.7
1625,30.2567,33473.2,34513.7,42709.5,51541.3
1626,30.2757,33473.2,36531.7,42705.2,53714.6
1627,30.2946,33473.2,36377.6,42545.9,50728.2
1628,30.3133,33473.2,35335.5,42681,53830.9
1629,30.3321,33473.2,35722.9,42892.7,51965.4
1630,30.3508,33473.2,34783.9,42858,52163.2
1631,30.3694,33473.2,35709.7,42720.9,53776.3
1632,30.3881,33473.2,33870.2,42744.1,56506
1633,30.4068,33473.2,36521.3,42961.9,53582.8
1634,30.4257,33473.2,36044.8,42691.4,57412.4
1635,30.4441,33473.2,34676.9,42450.1,54978.6
1636,30.4626,33473.2,35731.5,42226.5,50363.2
1637,30.4813,33473.2,36748.4,42501.7,52747.6
1638,30.4998,33473.2,36059.5,42691,52736.1
1639,30.5183,33473.2,35609.1,42716.4,52608.5
1640,30.5369,33473.2,36979.5,42280.9,50397.6
1641,30.5556,33473.2,35400.1,42555.7,54983.4
1642,30.574,33473.2,36519.7,42318.5,54014.7
1643,30.5925,33473.2,35431.3,42714.6,53191.2
1644,30.6111,33473.2,36173.5,42145.4,49047.9
1645,30.6294,33473.2,35207.8,42460,53284.5
1646,30.6482,33473.2,35942.8,42710.5,52495.6
1647,30.6669,33473.2,36769.7,42709.1,51204.2
1648,30.6855,33473.2,36046.2,42587,57755.8
1649,30.7039,33473.2,34732.3,42742.7,50816.9
1650,30.7225,33473.2,36751,42722.2,52589.9
1651,30.7412,33473.2,34259.2,42430.7,55386.5
1652,30.7603,33473.2,36228.9,42438.9,56127.7
1653,30.7791,33473.2,35469.4,42418.1,50319.9
1654,30.7978,33473.2,36185.4,42654.3,52969.8
1655,30.8167,33473.2,36351.5,42723.8,50583
1656,30.8354,33473.2,35051.1,42522.2,52961.4
1657,30.8537,33473.2,36091.2,42242.1,55431.9
1658,30.8724,33473.2,36987.2,42778.3,56104.9
1659,30.8908,33473.2,36264.7,42110.7,52496
1660,30.9093,33473.2,35942.9,42232.8,50932.8
1661,30.928,33473.2,35420.9,42220.5,51541.1
1662,30.947,33473.2,35888.9,42562.1,52722.7
1663,30.9657,33473.2,35246.3,42389.2,52861
1664,30.9844,33473.2,34945.2,42362.5,53310.7
1665,31.0027,33473.2,34907.2,42216.6,55035.3
1666,31.0213,33473.2,35235.3,42577,50643.5
1667,31.04,33473.2,36437.9,42589.3,53871.5
1668,31.0585,33473.2,36444.4,42243.4,56336
1669,31.0773,33473.2,34999,42897.1,53476.4
1670,31.096,33473.2,36265.5,42984,50611.6
1671,31.1147,33473.2,35978.5,42638.3,50427.8
1672,31.1333,33473.2,36220.5,42503,49563.5
1673,31.1519,33473.2,35410.1,42335.9,51072.1
1674,31.1703,33473.2,35615.5,42305.8,51339.8
1675,31.1889,33473.2,35347.7,42505,54840.3
1676,31.2077,33473.2,35948.4,42748.8,54127.5
1677,31.2264,33473.2,34883.8,42470.6,53332
1678,31.245,33473.2,36947.6,42471.3,55648
1679,31.2636,33473.2,36513.8,42566.9,52524.8
1680,31.2826,33473.2,35468.9,42857.6,51069
1681,31.3011,33473.2,36633,42549.9,49681.6
1682,31.3196,33473.2,35920.6,42309.3,52134.9
1683,31.3383,33473.2,34174.4,42582.4,53448.4
1684,31.3567,33473.2,35539.8,42187.4,50993.8
1685,31.3754,33473.2,37227.1,42891.2,51218.4
1686,31.3938,33473.2,35168.8,42217.9,54459.5
1687,31.4125,33473.2,36013.3,42427.3,53865.5
1688,31.4313,33473.2,36252.3,42652.6,51309.2
1689,31.4499,33473.2,36482.3,42396.8,52061.3
1690,31.4683,33473.2,36010.2,42305.6,52840.1
1691,31.4868,33473.2,35277.9,42610.5,53862.3
1692,31.5051,33473.2,36117.2,42575.7,54486.4
1693,31.5236,33473.2,35514.3,42090.2,52149.8
1694,31.542,33473.2,35919,42149.8,50270.9
1695,31.5606,33473.2,37117,42581.9,52735.2
1696,31.5791,33473.2,35634,42255.5,51968
1697,31.5978,33473.2,36479.1,42746.1,58156.4
1698,31.6162,33473.2,35409,42679.4,50498.3
1699,31.6345,33473.2,35138.7,42472.5,52265.6
1700,31.6531,33473.2,37178.3,42537.1,53978.2
1701,31.6718,33473.2,35918.7,42474.5,53274.5
1702,31.6903,33473.2,35021.5,42812.2,52121.9
1703,31.7086,33473.2,34793.5,42339.2,51483.7
1704,31.7273,33473.2,36206.2,42730,55435.5
1705,31.7457,33473.2,34457.8,42045.8,52857.1
1706,31.7642,33473.2,35310.3,42522.9,52406
1707,31.783,33473.2,36120.7,42802.7,51935.4
1708,31.8015,33473.2,36900.8,42936.9,57331.8
1709,31.8202,33473.2,35068.1,42402.9,49121.4
1710,31.8389,33473.2,36096.9,42632.5,53443.9
1711,31.8576,33473.2,34917.7,42756.5,52285.2
1712,31.8764,33473.2,35015,43063,54864.5
1713,31.8948,33473.2,36870.9,42885.8,55291.9
1714,31.9133,33473.2,35036.5,42977.8,54119.4
1715,31.9319,33473.2,35420.3,42917.5,51924.2
1716,31.9505,33473.2,35419.4,42510.9,53581.1
1717,31.9693,33473.2,36966.2,42668.8,51968.5
1718,31.9881,33473.2,36519.5,42725.8,51992
1719,32.0067,33473.2,35967.2,42904.3,50530.3
1720,32.0257,33473.2,36829.4,42802.4,51072.3
1721,32.0445,33473.2,37178.3,42849.4,52124.5
1722,32.0632,33473.2,36321.7,42853.1,51735.1
1723,32.0821,33473.2,36033.6,42639.7,52353.7
1724,32.1008,33473.2,35450,42783.2,55851.7
1725,32.1195,33473.2,36667.9,42751.4,53401.1
1726,32.1382,33473.2,35255.6,42572.1,51770.4
1727,32.1568,33473.2,36297,42474.3,52118.7
1728,32.1752,33473.2,36245.9,42319.6,52684.3
1729,32.1938,33473.2,36080,42525.9,49771.9
1730,32.2123,33473.2,36976.6,42751.2,52550.9
1731,32.2307,33473.2,37018.5,42737.1,53235.5
1732,32.2495,33473.2,35247.3,42843.5,53946.1
1733,32.2678,33473.2,36490.6,42696.4,54247.4
1734,32.2865,33473.2,35821.1,42618.5,52396.4
1735,32.3053,33473.2,36265.9,43064.3,52891.4
1736,32.324,33473.2,37163.9,43039.1,55209
1737,32.3425,33473.2,36697.1,42943.6,54956.1
1738,32.3614,33473.2,35693.3,43050.8,51554
1739,32.38,33473.2,36316.3,42756.6,51239.5
1740,32.3988,33473.2,35631.8,42718.3,51310.1
1741,32.4173,33473.2,35759,42764.9,53524.4
1742,32.4359,33473.2,36006.3,42721.6,55126.2
1743,32.4545,33473.2,35083.5,42513.9,54437
1744,32.4732,33473.2,35856.5,42731.9,53755.6
1745,32.4917,33473.2,36966.5,42677.5,52730.1
1746,32.5103,33473.2,35077.4,42574.9,50318.6
1747,32.5288,33473.2,36584.1,42594.8,54544
1748,32.5473,33473.2,36274.7,42402.3,51555.7
1749,32.5659,33473.2,36949.8,42618.7,53719.7
1750,32.5847,33473.2,34963.1,42432.8,52062.2
1751,32.6034,33473.2,36573.6,42603.6,53169.6
1752,32.6219,33473.2,35665.9,42724.5,55247.6
1753,32.6403,33473.2,35414.9,42574.5,52653.8
1754,32.6589,33473.2,37230.7,42527.7,51183
1755,32.6774,33473.2,34184.5,42992.9,56016.7
1756,32.6962,33473.2,35999.8,42824.3,51799.9
1757,32.7148,33473.2,35484.4,42811.1,54414.4
1758,32.7332,33473.2,35886.1,42457.2,50098.6
1759,32.7519,33473.2,36360.5,42727.1,53270
1760,32.7705,33473.2,34852.6,42444.1,53416.5
1761,32.7891,33473.2,36411.7,43013.2,54279.6
1762,32.8079,33473.2,33946.5,42729,56865.2
1763,32.8264,33473.2,36180,42503,55601.3
1764,32.8449,33473.2,35459.6,42468.2,54395.2
1765,32.8642,33473.2,35354.5,42650.8,52350.3
1766,32.8829,33473.2,35880.8,42498.5,53036.2
1767,32.9015,33473.2,35429,42239.1,53363.6
1768,32.9201,33473.2,35991.9,42339,50781.1
1769,32.939,33473.2,35922.1,42664.6,53634.4
1770,32.9576,33473.2,35019.6,42539.2,53195.1
1771,32.9762,33473.2,35701.1,42594.7,54012.4
1772,32.9948,33473.2,35643.9,43057.4,56755.8
1773,33.0136,33473.2,34917.9,42795.4,54115.5
1774,33.0322,33473.2,35447.7,42559.2,54609.6
1775,33.051,33473.2,35606.6,42605.7,51603.6
1776,33.0695,33473.2,36803.1,42675.5,52907.4
1777,33.0879,33473.2,35774.6,42261.9,53069.7
1778,33.1064,33473.2,36261.6,42572.9,51998.2
1779,33.1252,33473.2,36162.3,42517.1,54913.4
1780,33.1438,33473.2,35963.5,42438.3,52293.8
1781,33.1623,33473.2,36543.2,42601.3,52723.3
1782,33.1807,33473.2,34920.1,42623.5,50856.3
1783,33.1991,33473.2,36758.3,42893,55799.9
1784,33.2179,33473.2,35491.8,42108.5,53389.2
1785,33.2365,33473.2,35605.9,42664.6,53406.3
1786,33.2551,33473.2,35107.1,42801.3,51569.2
1787,33.2737,33473.2,36705.7,42899.4,51671.1
1788,33.2924,33473.2,35865.5,42437.1,51961.3
1789,33.311,33473.2,36669,42895.7,52748.2
1790,33.3295,33473.2,36482.9,42758.9,52886.4
1791,33.348,33473.2,35039.1,43010.6,50831.8
1792,33.3664,33473.2,36753.1,42256.7,51374.7
1793,33.3848,33473.2,35984.4,42536.6,52230.1
1794,33.4031,33473.2,35172.8,42288.3,48698
1795,33.4215,33473.2,35935.7,42670.5,53008.1
1796,33.4402,33473.2,35079.5,42386.4,54050.7
1797,33.4588,33473.2,36014.9,42974.1,58333.6
1798,33.4772,33473.2,35638.6,42642.4,53512.3
1799,33.496,33473.2,36287.7,42809.6,54639.3
1800,33.5146,33473.2,35615.8,42860.1,54350.7
1801,33.5333,33473.2,37327,42747.4,51208.7
1802,33.5519,33473.2,36586.7,42602.2,54332.2
1803,33.5706,33473.2,36536.3,43016.6,56894.2
1804,33.5891,33473.2,36736.2,42202.5,50012.7
1805,33.6077,33473.2,35409.4,42853.3,52246.3
1806,33.626,33473.2,35883.9,42503.5,50060.7
1807,33.6446,33473.2,34651.5,42539.4,50766.5
1808,33.6628,33473.2,35270.9,42257.7,54350.3
1809,33.6813,33473.2,36532.8,42762.6,52097.8
1810,33.6997,33473.2,35943.1,42315.3,53810.3
1811,33.718,33473.2,36215.2,42505.3,53281.2
1812,33.7365,33473.2,36087.9,42562.4,52179.4
1813,33.7549,33473.2,34808.6,42564,51244.3
1814,33.7733,33473.2,34914.5,42346.1,51396.7
1815,33.7924,33473.2,35665,42311.6,51825.2
1816,33.8104,33473.2,35159.7,42386.9,57784.4
1817,33.8285,33473.2,36933.5,42556.1,52719.1
1818,33.8472,33473.2,33996.2,42882.4,51630.3
1819,33.8658,33473.2,34674.1,42279.7,51282.8
1820,33.8845,33473.2,36030.5,42494,49067.3
1821,33.9032,33473.2,37144.5,43002.2,52543.7
1822,33.922,33473.2,36244.4,43074.8,50848.9
1823,33.9407,33473.2,35654.2,42547.3,54453.8
1824,33.9594,33473.2,36321.5,42395.8,52490.9
1825,33.9779,33473.2,36163.2,42801.9,52122.4
1826,33.9966,33473.2,35690.9,42913.2,55397.1
1827,34.0151,33473.2,35569.7,42789.2,51497.6
1828,34.0337,33473.2,36148.4,42181.7,58257.4
1829,34.0521,33473.2,35429.6,42337.9,51338
1830,34.0707,33473.2,36347.1,42894.7,50672.4
1831,34.0893,33473.2,35516.7,42791.3,50372.4
1832,34.1077,33473.2,36603.3,42909.3,52254.4
1833,34.1264,33473.2,35161.8,42729.1,51929
1834,34.1448,33473.2,34832.7,42579.7,53084.3
1835,34.1634,33473.2,35653.5,42813.9,53735.6
1836,34.1819,33473.2,36691.3,42841.9,52383.4
1837,34.2005,33473.2,34432.3,42858.4,59657.3
1838,34.2189,33473.2,35790.6,42801.9,53663.8
1839,34.2375,33473.2,34356.6,42851.2,57471.3
1840,34.2559,33473.2,34611.2,42690.9,53368.7
1841,34.2746,33473.2,37403.5,42837.4,54270.6
1842,34.2932,33473.2,36347.5,42536.4,56611.9
1843,34.3116,33473.2,36460.4,42546.5,53888
1844,34.3302,33473.2,34856.4,42477.1,52304.5
1845,34.3487,33473.2,36178.6,42556.4,50178.9
1846,34.3672,33473.2,35725.8,42722.8,52438.2
1847,34.3859,33473.2,35946.8,42428.8,53543.1
1848,34.4045,33473.2,36037.7,42457.8,56055
1849,34.423,33473.2,36496.1,42512.1,51445.4
1850,34.4417,33473.2,35914,42437.5,51299.5
1851,34.4599,33473.2,36153.5,42403.6,52296.3
1852,34.4784,33473.2,36284.4,42467.4,51075.8
1853,34.4969,33473.2,36123.9,42350.1,55328.7
1854,34.5156,33473.2,36264.7,42678.8,51560.2
1855,34.5342,33473.2,35606.5,42357.6,51538.6
1856,34.553,33473.2,35094.9,42444.2,51966.9
1857,34.5716,33473.2,36743.7,42516.6,52300.2
1858,34.5902,33473.2,35815.6,42536.3,51844.6
1859,34.6089,33473.2,36894.3,42976.4,53126.2
1860,34.6277,33473.2,36516.9,42768.4,50134.3
1861,34.6463,33473.2,34653.6,42442.6,51486.8
1862,34.6648,33473.2,35644.5,42578.1,50406.5
1863,34.6833,33473.2,36253.6,42688.6,51019.1
1864,34.702,33473.2,36025.6,42717.4,53170.5
1865,34.7204,33473.2,35150.1,42694.8,54231.3
1866,34.7404,33473.2,35922.8,42419.9,51329.2
1867,34.7599,33473.2,36348.6,42517.4,57783
1868,34.7785,33473.2,36131.2,42248.2,50835.8
1869,34.7985,33473.2,35193.3,42758.1,60454.9
1870,34.8171,33473.2,36443.5,42748.6,52789.5
1871,34.8356,33473.2,34810.1,42547.8,51926
1872,34.8541,33473.2,35920.3,42909.9,52317.8
1873,34.8734,33473.2,35257,42561.5,54349.3
1874,34.8918,33473.2,36239.1,42466.4,54198.8
1875,34.9102,33473.2,36542,42539.8,54376.1
1876,34.9286,33473.2,35734.1,42440.9,52799.4
1877,34.947,33473.2,35621.4,42310.8,51300.9
1878,34.9655,33473.2,35430.6,42334.2,50861.6
1879,34.9839,33473.2,35378.2,42224.5,51271
1880,35.0027,33473.2,36642,42469.1,53980.3
1881,35.0214,33473.2,35347.1,42619,53050.6
1882,35.0398,33473.2,35919.1,42357.3,56016.2
1883,35.0583,33473.2,36233.8,42267.7,51107
1884,35.0769,33473.2,37030.4,42655.8,53275.1
1885,35.0954,33473.2,36553.2,42256.3,51414.5
1886,35.1137,33473.2,35844.6,41875.7,52574.3
1887,35.1323,33473.2,35157.2,42041.9,54063.2
1888,35.1508,33473.2,35464.1,42251.8,51633.4
1889,35.1692,33473.2,35360.9,42496.1,51843.3
1890,35.1877,33473.2,36053.4,42062.5,50624.4
1891,35.2061,33473.2,34742.8,42249.8,52973.4
1892,35.2246,33473.2,36573.1,42516.6,51140.7
1893,35.2431,33473.2,36334.2,42750.6,56439.5
1894,35.2616,33473.2,36055,42509.3,58632.7
1895,35.2802,33473.2,36774.2,42438.9,57419
1896,35.2988,33473.2,35121.6,42916.4,55469
1897,35.3174,33473.2,35032.2,42238.2,51098.5
1898,35.3359,33473.2,36065.3,42534,54085.9
1899,35.3544,33473.2,35372.4,42225.8,51128.5
1900,35.373,33473.2,35281.1,42602.4,52334.3
1901,35.3915,33473.2,36013.9,42164,51642.6
1902,35.4101,33473.2,35478.8,42513.1,53531.5
1903,35.4286,33473.2,35255.8,42423.9,52690.7
1904,35.4471,33473.2,35210.8,42556.1,52036.9
1905,35.4657,33473.2,35741,42667.9,53188.2
1906,35.4843,33473.2,34937.4,42553.6,52504.7
1907,35.5029,33473.2,36330.3,43082.2,53628.5
1908,35.5215,33473.2,34013,42626.2,52860.2
1909,35.5401,33473.2,35984,42514,54712.1
1910,35.5588,33473.2,35746.2,42892.6,53257.7
1911,35.5773,33473.2,35480.4,42843.7,53272.3
1912,35.5958,33473.2,36451.9,42477.9,50565.7
1913,35.6145,33473.2,35227.6,42548.8,50839
1914,35.6331,33473.2,36589.9,42324.2,49700.4
1915,35.6516,33473.2,35666.2,42335.4,52094.8
1916,35.67,33473.2,36409.5,42199.6,51830.7
1917,35.6885,33473.2,36451.3,42273.6,55420.1
1918,35.7069,33473.2,35037.8,42264.7,53594.9
1919,35.7253,33473.2,34910,42387.2,49923.9
1920,35.7438,33473.2,34884.7,42138.4,51564.2
1921,35.7623,33473.2,34797.6,42948.3,52774.2
1922,35.7806,33473.2,35473.3,42663.2,51500.9
1923,35.7988,33473.2,35696,41925.2,53975.7
1924,35.8171,33473.2,34218.8,42748.5,51972.7
1925,35.8355,33473.2,36074.4,42628,53800
1926,35.8539,33473.2,35178.7,42372.7,53304
1927,35.8729,33473.2,36139.1,42286.3,52883.1
1928,35.8915,33473.2,34164.6,43030.1,52414.1
1929,35.9098,33473.2,36521.6,42653.3,53168.3
1930,35.9284,33473.2,36759.4,42876.5,56504.3
1931,35.9467,33473.2,36685.2,42303.5,51905.4
1932,35.9651,33473.2,35148,42586.5,50456.1
1933,35.9834,33473.2,35568.8,42624.2,51676.5
1934,36.0018,33473.2,35442.8,42588.3,53117.3
1935,36.0204,33473.2,36465,42875.2,51979.9
1936,36.0389,33473.2,33740.6,42569.4,50052.2
1937,36.0575,33473.2,35084.5,42831.2,54127.3
1938,36.076,33473.2,35350.7,42625.1,54060.4
1939,36.0947,33473.2,35657.3,42399.2,53802.6
1940,36.1135,33473.2,35381.8,42269.9,53972.2
1941,36.1325,33473.2,37023.9,42627.8,53246.6
1942,36.1509,33473.2,35518.4,42569.6,52699.9
1943,36.1694,33473.2,35194.3,42887.9,52690.7
1944,36.1881,33473.2,35011.8,42663.1,52879.4
1945,36.2065,33473.2,36034,42653.1,57312.3
1946,36.2249,33473.2,33528.4,42806.6,53158
1947,36.2433,33473.2,35419,42915.3,53758.9
1948,36.2618,33473.2,35726.4,42816.5,52243.4
1949,36.2802,33473.2,35882.4,42458.7,52268.2
1950,36.2984,33473.2,35461,42991.6,53409.4
1951,36.3167,33473.2,34901.4,42811.9,53477.4
1952,36.3351,33473.2,36139.9,42944.8,53275.7
1953,36.3535,33473.2,36758.9,43287.6,53308.2
1954,36.3722,33473.2,35722.4,42665.6,54663.1
1955,36.3906,33473.2,35272,42799.8,51431.2
1956,36.409,33473.2,35614.3,42371.7,49365.9
1957,36.4274,33473.2,37228.5,42645.1,54898.7
1958,36.446,33473.2,34447.7,42540.2,52048.2
1959,36.4647,33473.2,35661.1,42636.5,52315.7
1960,36.4833,33473.2,35900.9,42854.1,52096.8
1961,36.5025,33473.2,33870.2,42455.8,52277
1962,36.5211,33473.2,37253.2,42794,50325.5
1963,36.54,33473.2,35155.5,42723,51959.3
1964,36.5589,33473.2,35817.1,42771.7,52784.3
1965,36.5776,33473.2,35801.5,42749.2,55059.4
1966,36.5961,33473.2,35416.9,42732.9,53021.4
1967,36.6145,33473.2,35232.8,42690,53651.7
1968,36.6332,33473.2,35467.7,42648.6,52235.8
1969,36.6515,33473.2,34472.8,42925.1,54030.5
1970,36.6702,33473.2,35820,42665,57839.9
1971,36.6886,33473.2,35431.2,42368.9,50356
1972,36.7072,33473.2,36091.1,42447.3,51695.9
1973,36.7258,33473.2,37108.7,43318.7,53584.5
1974,36.7442,33473.2,35396.7,42562,53363.4
1975,36.7627,33473.2,36525.6,43066.4,51874.9
1976,36.7813,33473.2,35950.9,42995.2,55890.6
1977,36.7998,33473.2,37343.1,43135.3,53726.4
1978,36.8183,33473.2,35090.4,42770.1,53793.7
1979,36.8366,33473.2,35556.5,42885.4,53361.9
1980,36.8554,33473.2,35382.2,42316,54307.5
1981,36.8741,33473.2,34606.3,42807.7,55385.7
1982,36.8926,33473.2,35099,42727.2,52495.7
1983,36.911,33473.2,35412.8,42559.6,52192.4
1984,36.9297,33473.2,36107,42670.1,53877.3
1985,36.9481,33473.2,35641.3,42620.8,53200.5
1986,36.9663,33473.2,34917.7,42612,53313.3
1987,36.9848,33473.2,35198.8,42494.3,54101.1
1988,37.0027,33473.2,35121.1,42800.6,53301.4
1989,37.0208,33473.2,34003.2,42400.9,57114.3
1990,37.0392,33473.2,35474,42942.6,54863.4
1991,37.0576,33473.2,35664.3,42494.7,51177.3
1992,37.076,33473.2,34479,43007.6,52455.7
1993,37.0945,33473.2,35481.2,42933.4,55551.9
1994,37.113,33473.2,35639.9,42719.1,56839.2
1995,37.1314,33473.2,35619.6,43053.8,54973.2
1996,37.1495,33473.2,35487.2,42547.9,50932
1997,37.168,33473.2,35147,42650.5,52012.2
1998,37.1864,33473.2,35705.4,42807,53354.3
1999,37.2048,33473.2,35587.3,42630.9,53091.4
2000,37.2232,33473.2,34789,42422.6,52795
2001,37.2417,33473.2,34917.7,42727.2,53165.5
2002,37.2602,33473.2,34833.9,42645.9,51957.6
2003,37.2789,33473.2,35093,42749.9,57598
2004,37.2975,33473.2,36509.2,42377.2,49097.6
2005,37.3158,33473.2,35838.5,42634.4,51772.6
2006,37.3343,33473.2,35299.9,42560.3,51958.2
2007,37.3527,33473.2,35979.5,42537.1,55531.2
2008,37.3711,33473.2,37023.4,42899.7,53135.4
2009,37.3894,33473.2,35326.2,42548.3,51907
2010,37.408,33473.2,35509.9,42263.4,51606.6
2011,37.4266,33473.2,35132.1,42819,52465.7
2012,37.4451,33473.2,36598.5,42709.9,52946.9
2013,37.4635,33473.2,34808.9,42524.4,51979.3
2014,37.4819,33473.2,36332.6,42646,56116.9
2015,37.5003,33473.2,35956.3,42730.2,54400.7
2016,37.5187,33473.2,36102,42857.9,52834
2017,37.5373,33473.2,35994.5,42696.5,51328.8
2018,37.5559,33473.2,36656.8,42906.1,52900.3
2019,37.5742,33473.2,36902.2,42747.7,50708.4
2020,37.5928,33473.2,36688.2,42325.6,52381.5
2021,37.611,33473.2,37083.3,42666.3,52728.8
2022,37.6294,33473.2,36276.8,42624.5,55900.9
2023,37.6479,33473.2,35982.4,42811.3,51444.6
2024,37.6663,33473.2,35373.1,42354.3,50395.9
2025,37.6848,33473.2,35729,42347.6,51642.3
2026,37.703,33473.2,35497.4,42627,56394.1
2027,37.7213,33473.2,35413.8,42693.9,54247.3
2028,37.7397,33473.2,35589.8,42586,50427.2
2029,37.758,33473.2,34327.8,42936.1,55779.9
2030,37.7764,33473.2,36593.3,42970.9,51816.8
2031,37.7946,33473.2,36006.6,42897.4,51561.1
2032,37.8129,33473.2,35127.3,42593.4,53428.1
2033,37.8314,33473.2,34432.3,42969.7,57528.8
2034,37.8496,33473.2,36258.1,42517,55666.8
2035,37.868,33473.2,36750.4,42494.8,52997.4
2036,37.8861,33473.2,35250.6,42685.4,52990.5
2037,37.9044,33473.2,36231.4,42647.3,52436.3
2038,37.9226,33473.2,36183.1,42754.3,53212.3
2039,37.941,33473.2,37051.1,43162,55444.5
2040,37.9595,33473.2,35142.9,42783.8,53747.7
2041,37.9778,33473.2,34967.1,42272.7,52195.2
2042,37.9964,33473.2,36745.1,42626.7,51574
2043,38.0152,33473.2,35871.4,42689.3,51628.5
2044,38.0341,33473.2,36083.3,43031.2,52083.9
2045,38.0524,33473.2,35883.7,43006.1,53554.9
2046,38.0708,33473.2,35640.4,42581.4,52358.2
2047,38.0895,33473.2,35651.8,43020.9,50571.8
2048,38.1079,33473.2,36426.1,42736.7,53930.6
2049,38.1264,33473.2,35361.5,42599.8,52809.8
2050,38.145,33473.2,36606.3,43023.7,54317.2
2051,38.1632,33473.2,37899,42470.8,54113.8
2052,38.1816,33473.2,35853.3,42670.1,54042.7
2053,38.2,33473.2,36830.7,42828.6,52337.6
2054,38.2183,33473.2,34733.2,42477.1,51574.7
2055,38.2368,33473.2,36286,42736.6,54248.1
2056,38.2553,33473.2,36832,42624.5,54684.7
2057,38.2738,33473.2,35977.9,42683.7,55999.7
2058,38.2923,33473.2,36170.7,42511.2,51837
2059,38.3108,33473.2,35708.9,42532.6,50855.9
2060,38.3293,33473.2,36112.6,42646.1,53199.1
2061,38.3478,33473.2,35477.4,42694.9,53031.2
2062,38.3663,33473.2,35895.7,42973.5,51724
2063,38.3847,33473.2,35921.9,42664.2,54173.5
2064,38.4032,33473.2,33840.7,42662.5,53129.4
2065,38.4216,33473.2,34882.6,42602,52901.6
2066,38.4398,33473.2,36158.2,42683.3,54643.1
2067,38.458,33473.2,37002.4,42488.4,54772.6
2068,38.4764,33473.2,36234.1,42475.9,51870.6
2069,38.4948,33473.2,35575.9,42596.1,56098
2070,38.5135,33473.2,34048.9,42633.3,50774.2
2071,38.5322,33473.2,37313.6,43091.5,51365
2072,38.551,33473.2,34851.9,42685.2,52554.2
2073,38.5693,33473.2,34591.1,42623,53402
2074,38.5878,33473.2,35327.7,42556.9,51080.9
2075,38.6061,33473.2,36498.6,42295.5,53543.8
2076,38.6246,33473.2,37048.6,42991.7,51924.3
2077,38.6429,33473.2,34995.2,42542.2,52598.1
2078,38.6615,33473.2,34825.3,43018.4,55525.8
2079,38.6802,33473.2,35844.1,42840.8,56283.4
2080,38.6987,33473.2,36592.6,42785.5,54654.9
2081,38.7173,33473.2,36426.9,42521.3,51560.6
2082,38.7358,33473.2,36905,43010.1,53345.6
2083,38.7543,33473.2,35965.8,42551.1,50786
2084,38.7726,33473.2,35662.3,42324.3,51660.2
2085,38.7908,33473.2,35421.3,42637.3,53553
2086,38.8092,33473.2,37094.9,42541.1,54109.2
2087,38.8277,33473.2,36896.4,42839.9,51765.6
2088,38.8461,33473.2,34662.7,42900.3,51298.6
2089,38.8647,33473.2,34538.1,42981,53977.7
2090,38.8833,33473.2,35780.9,42995.9,54310.5
2091,38.9021,33473.2,35528.5,43007.9,53933.6
2092,38.9206,33473.2,35509.1,42733.2,51184.4
2093,38.9392,33473.2,35751.4,42823.6,53253.7
2094,38.9578,33473.2,36550.2,42981.4,52105
2095,38.9762,33473.2,35888.6,42484.8,51208.2
2096,38.9949,33473.2,36212.1,42762.5,53658
2097,39.0132,33473.2,36659.7,42657.4,50770.2
2098,39.0318,33473.2,36113.5,42772.5,54634.2
2099,39.0503,33473.2,35172.3,42670.6,53193.4
2100,39.0689,33473.2,34655.6,42646.1,51474.7
2101,39.0875,33473.2,37042.4,42467.1,52252.9
2102,39.1059,33473.2,36238.4,42508.8,53946.6
2103,39.1245,33473.2,35904.5,42486.6,52434.3
2104,39.1428,33473.2,35135,42734.2,53092.8
2105,39.1614,33473.2,35973.3,42564.7,52499.8
2106,39.1797,33473.2,35026.8,42760.3,52125.1
2107,39.198,33473.2,35530.7,42732.1,53685.6
2108,39.2166,33473.2,36567,42832.5,53110.3
2109,39.2351,33473.2,36127.2,42466.2,49226.1
2110,39.2537,33473.2,35356.6,42642,57603.1
2111,39.2717,33473.2,35605.2,42047.8,51974.1
2112,39.2905,33473.2,35654.4,42394.2,54450
2113,39.309,33473.2,36193.8,42386.7,51823.6
2114,39.3275,33473.2,37356.6,42694.2,53648.8
2115,39.3458,33473.2,36450.2,42847.4,52474.5
2116,39.364,33473.2,36166.2,42286.2,51996.1
2117,39.3822,33473.2,36179.5,42479.3,52426
2118,39.4006,33473.2,34176.1,42729.8,57503.8
2119,39.4192,33473.2,35361.5,42260.6,51237.8
2120,39.4379,33473.2,35524,42779.5,54788.6
2121,39.4565,33473.2,35949.7,42169.3,52087.6
2122,39.4749,33473.2,36839.5,42554.3,54347.6
2123,39.4933,33473.2,34642.7,42310.5,55201.6
2124,39.5116,33473.2,36218.8,42252.3,51413.1
2125,39.5299,33473.2,34924.5,42143.6,50726.3
2126,39.5483,33473.2,35251.9,42203.3,52465.1
2127,39.5668,33473.2,35445.6,42360.1,52334.6
2128,39.585,33473.2,36159.7,42147.2,51513
2129,39.6033,33473.2,35819.6,42215.8,52572.3
2130,39.6216,33473.2,36200.2,42233.2,53484.3
2131,39.6403,33473.2,36872.4,42312.9,51525.4
2132,39.6591,33473.2,37025.7,42782.6,54734.8
2133,39.6775,33473.2,35411.7,42091.6,53987.6
2134,39.6958,33473.2,33856,42379.4,50153.7
2135,39.7145,33473.2,35729.9,42562.3,52585.3
2136,39.7331,33473.2,36716.2,42471.9,54713.9
2137,39.7518,33473.2,35678.7,42624.2,51272.6
2138,39.7704,33473.2,36354.3,42317.8,54140.5
2139,39.7887,33473.2,34655.1,42053.1,52391.9
2140,39.8074,33473.2,34887,42440.9,52468
2141,39.8259,33473.2,35878.8,42316.8,54377.5
2142,39.8446,33473.2,36807.4,42713.8,50610.2
2143,39.8632,33473.2,36508.7,42521.4,51015.3
2144,39.8818,33473.2,36177.8,42754.8,56138.4
2145,39.9005,33473.2,36150,42974.4,55910.6
2146,39.9191,33473.2,36218.1,42432.5,50967.7
2147,39.9374,33473.2,34466.8,42566.8,55992.5
2148,39.9559,33473.2,34214.5,42634.5,53794.3
2149,39.9744,33473.2,36113.5,42688,52142.9
2150,39.9929,33473.2,36274.5,42770.4,52693.3
2151,40.0115,33473.2,34685.7,42606.4,54037.4
2152,40.0299,33473.2,35777.4,42380.7,51544.5
2153,40.0485,33473.2,35316.3,42766.2,53299.7
2154,40.067,33473.2,34261.9,42437.4,51374.1
2155,40.0853,33473.2,35603.2,42391.2,53129.4
2156,40.1037,33473.2,35659.1,42272.3,50410.3
2157,40.1223,33473.2,35091.4,42464.4,51769.9
2158,40.1406,33473.2,35620,42421.8,55176.9
2159,40.159,33473.2,35553.2,42698.4,54660.5
2160,40.178,33473.2,35640.6,42834.9,53640.9
2161,40.1965,33473.2,36271.1,42629.2,52566.8
2162,40.2153,33473.2,36177.6,42765.9,55332.6
2163,40.2343,33473.2,34858.8,42752.6,52742.8
2164,40.2529,33473.2,35492.2,42604.7,51137.5
2165,40.2714,33473.2,34686.6,42106.9,54573.7
2166,40.29,33473.2,34798.2,42869.6,54603.5
2167,40.3086,33473.2,37130.7,43101.4,51000.6
2168,40.3271,33473.2,34322,42800.6,55876.9
2169,40.3455,33473.2,34818.8,42245.7,52242.9
2170,40.3642,33473.2,36602.4,42557.3,54270.7
2171,40.3826,33473.2,35798.6,42427.8,52046.4
2172,40.4011,33473.2,36465.1,42319.7,54061.7
2173,40.4195,33473.2,35498.3,42652.3,52452.5
2174,40.4377,33473.2,35684.1,42277.1,53969.6
2175,40.4561,33473.2,34371,42497.4,52162.3
2176,40.4748,33473.2,35190.7,42495.8,53339
2177,40.4933,33473.2,36280.8,41898,52509.2
2178,40.5118,33473.2,36246.1,42152.9,51157.6
2179,40.5305,33473.2,35571.4,42203,51219.3
2180,40.5493,33473.2,36859.4,42440.6,52726.4
2181,40.5678,33473.2,34799,42445.6,54063
2182,40.5863,33473.2,36295.2,42375.1,53656.7
2183,40.6047,33473.2,35053.6,42396.9,52220
2184,40.6233,33473.2,34719.6,42435.6,55867.3
2185,40.6415,33473.2,36530.6,42204.5,49473.1
2186,40.6599,33473.2,36157.5,42417.5,51441.2
2187,40.6786,33473.2,35495.8,42535.1,50264.4
2188,40.697,33473.2,35719.6,42249.4,49618.5
2189,40.7156,33473.2,34485.8,42363.8,54670.2
2190,40.7339,33473.2,35495.9,42257.7,52583.7
2191,40.7525,33473.2,34962.4,42306.1,55762
2192,40.771,33473.2,34578.1,42439.8,54598.7
2193,40.7893,33473.2,36445.1,42324.9,50784.1
2194,40.8078,33473.2,34433.6,42485.4,52839.4
2195,40.8267,33473.2,35968.5,42322.9,49295.3
2196,40.8454,33473.2,35291,42499.3,53311.5
2197,40.8644,33473.2,35073,42460.1,56830.7
2198,40.8834,33473.2,35932.3,42947.5,53958
2199,40.9022,33473.2,35564.4,42811.1,54250.9
2200,40.9207,33473.2,35043,42067.8,53420.4
2201,40.9393,33473.2,35614.3,42762,58961.7
2202,40.958,33473.2,35925.6,42968.2,51316.5
2203,40.9764,33473.2,36426,42639.5,54299.8
2204,40.9952,33473.2,35817.3,43188.6,54823.4
2205,41.0137,33473.2,36842.4,42749.3,51506.3
2206,41.0321,33473.2,35729.3,42862.9,53734.9
2207,41.0506,33473.2,35736.7,42738.9,51805.5
2208,41.0693,33473.2,35789.8,42954.3,51903.2
2209,41.0879,33473.2,36178,42771,53458.7
2210,41.1063,33473.2,35632.5,42575.3,55126.1
2211,41.1246,33473.2,34937.9,42354.4,52171.6
2212,41.1432,33473.2,36036.4,42615.8,53053.1
2213,41.1619,33473.2,35482.6,42667.6,52120
2214,41.1806,33473.2,35394.5,42485.8,54395.6
2215,41.1994,33473.2,34662.1,41913.1,52170.8
2216,41.2178,33473.2,34455.7,42399,51811.6
2217,41.2364,33473.2,36139.4,42622.5,53836.2
2218,41.2553,33473.2,35235.9,42623.7,51909.8
2219,41.2737,33473.2,36357.5,42518.5,54383.1
2220,41.2926,33473.2,36666.1,42357,51626.9
2221,41.3109,33473.2,35707.2,42952.1,54924.7
2222,41.3295,33473.2,35479.6,42554.5,50938.9
2223,41.3481,33473.2,35693.9,42704.1,53876.4
2224,41.3666,33473.2,36054.4,42435.8,53660.7
2225,41.3851,33473.2,35066.8,42887.1,54536.1
2226,41.4038,33473.2,36125,43093.9,55007.7
2227,41.4223,33473.2,34567.4,42245.4,50322.1
2228,41.4406,33473.2,35763.2,42482.8,50885.8
2229,41.4591,33473.2,36792.8,42732.5,51694.6
2230,41.4774,33473.2,35621.6,42380.2,53284.8
2231,41.4961,33473.2,35111.5,43009.8,55621.1
2232,41.5147,33473.2,35626.7,43185.9,54919.6
2233,41.5335,33473.2,34240.6,42785.5,59676.6
2234,41.5519,33473.2,36420.3,42745.1,54387.8
2235,41.5704,33473.2,35588.5,42450.1,53702.1
2236,41.589,33473.2,36712.7,43103.9,53710.7
2237,41.6072,33473.2,35654.7,42260,51475.3
2238,41.6256,33473.2,35965.8,42544.3,50719.1
2239,41.6445,33473.2,35478.4,41989.1,50168.7
2240,41.6632,33473.2,36410.7,42260.3,50605.6
2241,41.682,33473.2,35255.6,42717.1,50834.8
2242,41.7007,33473.2,35969.5,41998.2,52385.8
2243,41.7192,33473.2,36418.5,42548.8,51399.7
2244,41.7377,33473.2,34481.6,43068.8,52787.2
2245,41.7563,33473.2,35762.1,42474.3,56965.3
2246,41.7749,33473.2,35372.4,42605.7,52401.9
2247,41.7933,33473.2,37009.5,42368.5,52129.9
2248,41.812,33473.2,35796.7,42677.9,54616.9
2249,41.8303,33473.2,36300.3,42214.4,50799.2
2250,41.8488,33473.2,36005.9,42747,55697.8
2251,41.8673,33473.2,36030.5,42634.5,53725.8
2252,41.8861,33473.2,35476.4,42776.6,60237.8
2253,41.9049,33473.2,36026.7,43006.4,56786
2254,41.9233,33473.2,36248.1,42684.7,51147.5
2255,41.9419,33473.2,36503.3,42491.5,55684.4
2256,41.9604,33473.2,35188.3,42685.5,50597.9
2257,41.9791,33473.2,37410.5,42719.6,50452.6
2258,41.9974,33473.2,36078,42756.9,50470.2
2259,42.016,33473.2,35434.1,42762.9,56197.1
2260,42.0346,33473.2,36132.2,42361.9,51671.3
2261,42.0535,33473.2,35629.4,42491.2,53627.1
2262,42.072,33473.2,35259.5,42537.6,52386.1
2263,42.0908,33473.2,34486.4,42602.1,49907.3
2264,42.1091,33473.2,36293.3,42332.1,53784.8
2265,42.1279,33473.2,35365.8,42386.1,51819
2266,42.1464,33473.2,35791.3,42212.8,50193.9
2267,42.165,33473.2,34885.4,42810,54272.3
2268,42.1834,33473.2,35159.2,42421.5,51777.8
2269,42.2018,33473.2,36726.1,42704.7,50694.4
2270,42.2201,33473.2,36669,42538.9,52064.3
2271,42.2386,33473.2,34974.2,42524.9,50953.4
2272,42.257,33473.2,35486.5,42174,54051.1
2273,42.2753,33473.2,35303.7,42550.3,50504.5
2274,42.2943,33473.2,35150.8,42719,54127.6
2275,42.3131,33473.2,36894.1,43055.6,51668
2276,42.3316,33473.2,35618.4,42568.4,51564.2
2277,42.3504,33473.2,35052.6,42680.4,51794.9
2278,42.3688,33473.2,35420.3,42680.4,52111.3
2279,42.387,33473.2,35424.1,42502.3,55414.4
2280,42.4058,33473.2,36823.5,42572.6,51621.5
2281,42.4246,33473.2,36697.2,42878.1,50454
2282,42.4434,33473.2,34685.7,42913.7,54731.6
2283,42.4616,33473.2,35607.1,42666.9,54007.2
2284,42.4799,33473.2,35444.5,42642.4,55691.3
2285,42.4985,33473.2,34598.7,42733.2,53670.6
2286,42.5168,33473.2,35019,42846.2,49999.9
2287,42.5354,33473.2,35369.8,42721.9,53227.1
2288,42.5538,33473.2,36428.5,43123.9,54382.3
2289,42.5722,33473.2,35851.4,43058.4,52507.4
2290,42.5907,33473.2,36219.4,42782.1,53253.2
2291,42.6095,33473.2,35966.1,42943,52716.5
2292,42.6283,33473.2,36273.3,43063.4,53056.6
2293,42.6467,33473.2,35714.3,42659.5,53069.1
2294,42.6654,33473.2,36674.7,43040.5,49021.6
2295,42.6839,33473.2,37471.1,42968.6,51566.3
2296,42.7022,33473.2,34221.4,43049,53559.7
2297,42.7202,33473.2,35805.6,42377.4,49627.1
2298,42.7389,33473.2,36754.4,43277.9,55195.1
2299,42.7573,33473.2,35513.3,43036.8,52027.8
2300,42.7761,33473.2,35616.8,43188.9,54574.7
2301,42.7945,33473.2,36132.4,42626.1,53335.9
2302,42.8126,33473.2,35986.2,42898.3,55486.4
2303,42.8312,33473.2,36524.5,42697.2,51303.2
2304,42.8498,33473.2,36810.2,43008.1,55500.1
2305,42.8684,33473.2,34645.2,42654.5,53842.1
2306,42.8873,33473.2,36435.2,42732.6,51922
2307,42.9059,33473.2,35839.2,43100.1,52755.7
2308,42.9246,33473.2,36040.3,42578.8,52247.7
2309,42.9434,33473.2,37031.2,42976.4,55828.8
2310,42.9617,33473.2,35728.6,42382.8,53300.9
2311,42.98,33473.2,35157.5,42333.7,51148.6
2312,42.9985,33473.2,36138.2,42765.2,52400.3
2313,43.017,33473.2,35513.2,42678.3,58291.5
2314,43.0359,33473.2,35817.7,43169.4,52818.9
2315,43.0546,33473.2,35741.1,42760.7,54086.3
2316,43.0731,33473.2,37118.7,42413.6,51801.6
2317,43.0923,33473.2,34075.1,42790.3,51706.6
2318,43.1109,33473.2,35442.3,42869.3,53887.7
2319,43.1294,33473.2,34494.7,42493,54567.7
2320,43.1483,33473.2,35239.4,42894.8,52482
2321,43.1671,33473.2,35618.9,43015.8,54494.7
2322,43.1858,33473.2,36276.2,42988.8,52254.3
2323,43.2044,33473.2,36188.1,42814.3,50131.7
2324,43.2229,33473.2,36291.5,42578.2,52356.9
2325,43.2417,33473.2,36910.5,42816.9,55545.6
2326,43.26,33473.2,35928.3,42565.3,52850.3
2327,43.2788,33473.2,36925.9,43042.5,51775.1
2328,43.2972,33473.2,37303.8,43129.5,52169.7
2329,43.3158,33473.2,34879.2,42814,53044.4
2330,43.3342,33473.2,35368,42813.5,52779
2331,43.3527,33473.2,35105.4,42961.9,54225.2
2332,43.3714,33473.2,35888.3,42686.1,52922.9
2333,43.3901,33473.2,36822.1,43138.8,56278.3
2334,43.4087,33473.2,35828.8,42814.5,53586.8
2335,43.4271,33473.2,37203.1,42910.1,52589.5
2336,43.4456,33473.2,36071.1,42650.7,52505.5
2337,43.464,33473.2,36641.1,42506.6,55720.3
2338,43.4825,33473.2,35676.7,42633,51131.4
2339,43.501,33473.2,36422.5,42456,55481.3
2340,43.5198,33473.2,36339.1,42759,53435.9
2341,43.5382,33473.2,35724.4,42443.4,56333.6
2342,43.5568,33473.2,34870.3,42521,52522.4
2343,43.5753,33473.2,36675.5,42755.7,54529.1
2344,43.5938,33473.2,36945.8,43136.1,53789.5
2345,43.6127,33473.2,36386.2,42773.4,54227.5
2346,43.6315,33473.2,35358.6,42588,51306.3
2347,43.6506,33473.2,34878.6,42589.3,52098.7
2348,43.6691,33473.2,36284.1,42582.7,51735.6
2349,43.6878,33473.2,35871.7,42756.9,52042.1
2350,43.7064,33473.2,34598.4,42693.2,54961.2
2351,43.7251,33473.2,36560.7,43041.1,56294.4
2352,43.7437,33473.2,35884.1,42903.6,53471.7
2353,43.7622,33473.2,33934.8,42612.8,51125.8
2354,43.7809,33473.2,36382.3,42673.2,55447.9
2355,43.7994,33473.2,34990.8,42905.8,51039.5
2356,43.818,33473.2,36421.1,42721.7,53997.9
2357,43.8365,33473.2,36073.2,42959.7,50517.4
2358,43.855,33473.2,35772.2,42987.9,53549.5
2359,43.8738,33473.2,36013.5,42837,59317.9
2360,43.8927,33473.2,35841.6,43144.3,55432.5
2361,43.9112,33473.2,35998.2,42978,55896.6
2362,43.9299,33473.2,34062,42755.7,53304.4
2363,43.9484,33473.2,36554.1,42758.5,52865.9
2364,43.9669,33473.2,36284.4,43597.6,56281.2
2365,43.9856,33473.2,36158.5,43034.8,53094.6
2366,44.004,33473.2,35839.5,42677.4,52105.3
2367,44.0226,33473.2,36708.2,43317.2,52302.9
2368,44.0411,33473.2,35741.4,43027.8,54668.4
2369,44.0596,33473.2,35095.3,42679.5,56485.2
2370,44.0783,33473.2,36444.4,42717.6,54421
2371,44.0968,33473.2,36042.6,42804.8,53013.1
2372,44.1153,33473.2,36554.6,42609.2,52573.6
2373,44.1339,33473.2,34639.8,42640.7,50653.3
2374,44.1527,33473.2,34866.4,42608.3,53918.7
2375,44.1711,33473.2,35323.7,42756,54568.2
2376,44.1896,33473.2,35531.7,42205.1,49954
2377,44.208,33473.2,35909,42562.7,56216.9
2378,44.2266,33473.2,36589.3,42674.1,55105.3
2379,44.2449,33473.2,35556.2,42427.1,54144.7
2380,44.2636,33473.2,36337.9,42411.2,51869.5
2381,44.2818,33473.2,36453.8,42207.6,51331.1
2382,44.3001,33473.2,36473.9,42395.4,53434.9
2383,44.3185,33473.2,35771.7,42397.8,50922.5
2384,44.3369,33473.2,35738.4,42749.9,53961.7
2385,44.3556,33473.2,36698.8,42480.5,51389.9
2386,44.374,33473.2,34772.2,42472,54460
2387,44.3924,33473.2,36216.3,42299.1,52707.9
2388,44.4109,33473.2,36669.9,43015.1,57517.8
2389,44.4293,33473.2,35407.5,42638.1,51836.2
2390,44.4475,33473.2,35171.4,42933.7,54106.6
2391,44.466,33473.2,35040.8,42787.5,53867.5
2392,44.4843,33473.2,35452,43091.3,53741.8
2393,44.5028,33473.2,35888.8,42865.3,53826.3
2394,44.5212,33473.2,37457,42991.7,53328.2
2395,44.5401,33473.2,36856.8,42751.9,51654.2
2396,44.5589,33473.2,34747.6,42504.3,51027.5
2397,44.5775,33473.2,35963,42561.3,54652.8
2398,44.5957,33473.2,35059.2,42618.1,51664.8
2399,44.6142,33473.2,35347.3,42477.5,52194.9
2400,44.6329,33473.2,34774.9,42405.9,51942.9
2401,44.6514,33473.2,35721.5,42256.3,51523.7
2402,44.6697,33473.2,34890.3,42725.8,52234.9
2403,44.6883,33473.2,35985.6,42516.7,50432.8
2404,44.7069,33473.2,36219.4,42942.4,57122.8
2405,44.7252,33473.2,37161.8,42605.9,54727
2406,44.7439,33473.2,35626.4,42644.2,49621.2
2407,44.7623,33473.2,35192.3,42653.4,51671.2
2408,44.7807,33473.2,36837.3,42388.4,50248.2
2409,44.7991,33473.2,35317.7,42347.3,51689.9
2410,44.8176,33473.2,35506.3,42933.8,53314.7
2411,44.8362,33473.2,35738.5,42950.3,51648
2412,44.8547,33473.2,35461.5,42785.6,50319
2413,44.8734,33473.2,36874.2,42915.3,51121.9
2414,44.8918,33473.2,34862.2,42784.8,56841.5
2415,44.91,33473.2,35972.7,42513.4,54533.9
2416,44.9284,33473.2,36587.4,43005.5,51425.1
2417,44.947,33473.2,36533,42823.4,53088.5
2418,44.9653,33473.2,36590.6,42867.9,57682.8
2419,44.9838,33473.2,36274.2,42886.1,52253.4
2420,45.0024,33473.2,35963.5,42536.1,57061.1
2421,45.0207,33473.2,36181.9,42700.6,50981.1
2422,45.0397,33473.2,35005.4,42523.1,51292.4
2423,45.0581,33473.2,34424.5,42718.7,56772.4
2424,45.0767,33473.2,37346.7,42971.2,53515.6
2425,45.0951,33473.2,36003.4,42448,52121
2426,45.1136,33473.2,34565.4,42651.9,52367.7
2427,45.1319,33473.2,36261.4,42582.7,51019.9
2428,45.1507,33473.2,35668.1,42723,53027
2429,45.1691,33473.2,35866.3,42437.8,52261.9
2430,45.1876,33473.2,35504.1,42599.7,51216.7
2431,45.2061,33473.2,36798.2,42958.3,51458.1
2432,45.2243,33473.2,35871.7,42357.1,51524.6
2433,45.2428,33473.2,35635.6,42588.6,52073.5
2434,45.2615,33473.2,36361.4,42738.4,51201.5
2435,45.2801,33473.2,36417.9,42821.8,50538.9
2436,45.2984,33473.2,36627.9,42454.5,50827.2
2437,45.3165,33473.2,35307.3,42800.7,53335.3
2438,45.3348,33473.2,36564.2,42412.9,52593.6
2439,45.353,33473.2,35549.8,42085.2,54489.5
2440,45.3714,33473.2,36009.8,42164.1,51715.6
2441,45.39,33473.2,35551.7,42410.1,50561.3
2442,45.4085,33473.2,37179.3,42437,51859.2
2443,45.4271,33473.2,36061.4,42818.2,49379.8
2444,45.4455,33473.2,35266.7,42300.3,49609.7
2445,45.4641,33473.2,35717.9,42482.5,51356.4
2446,45.4825,33473.2,36835.8,42320.9,53517.2
2447,45.501,33473.2,37176.9,42624.7,55292.6
2448,45.5193,33473.2,37139.2,42758.7,53562.6
2449,45.5379,33473.2,36627.1,42487.8,53777
2450,45.5563,33473.2,36639.3,42884.6,50829.8
2451,45.5749,33473.2,36677.5,43015.7,54000.1
2452,45.5938,33473.2,36890.3,42593.6,52635.5
2453,45.6123,33473.2,35949.2,42563.5,50751.8
2454,45.6307,33473.2,35043.7,42879.7,52558
2455,45.649,33473.2,36089.2,42590,52808
2456,45.6671,33473.2,35932.9,42292.4,50292.1
2457,45.6852,33473.2,34805.2,42556.9,49827.2
2458,45.7034,33473.2,35519.3,42845.3,52857.7
2459,45.7217,33473.2,37059.1,42689.9,54835.5
2460,45.7403,33473.2,34989.8,43157.8,53635.8
2461,45.7587,33473.2,36466,43106.1,52047.1
2462,45.7768,33473.2,37232,42589.8,54905.8
2463,45.7951,33473.2,35171,42565.9,54201.2
2464,45.8132,33473.2,36277.3,42686.2,59033.1
2465,45.8317,33473.2,37707.6,42930.2,51417.6
2466,45.8501,33473.2,35595.9,42722.6,51493.5
2467,45.8685,33473.2,36054.3,42608.6,51008.2
2468,45.8869,33473.2,33810.5,42217.3,49772.7
2469,45.9047,33473.2,35072.7,42260.4,56623.8
2470,45.9229,33473.2,36280.4,42516.4,50512.4
2471,45.9414,33473.2,36841.9,42872.9,52753.5
2472,45.9597,33473.2,36491.6,42575.5,56518.1
2473,45.9779,33473.2,36925.4,42970.2,55576.8
2474,45.9964,33473.2,35047.6,42974.5,52754.3
2475,46.0146,33473.2,36993.6,42809,53286.4
2476,46.0328,33473.2,36404.9,42393,53987.8
2477,46.0511,33473.2,35665.4,42479.8,51913.5
2478,46.0693,33473.2,36183,42255.4,52758.1
2479,46.0874,33473.2,35355.1,42387.4,51957.6
2480,46.1057,33473.2,35922.8,42175.3,49966.6
2481,46.1242,33473.2,34913.4,42709.3,52588.6
2482,46.1424,33473.2,36658,42684.2,57031.9
2483,46.1606,33473.2,36247.3,42769.2,53218
2484,46.179,33473.2,36156.7,42913.5,52932.3
2485,46.1971,33473.2,36600.8,42847.2,52937.3
2486,46.2153,33473.2,34755.3,42714.3,49975.2
2487,46.2335,33473.2,34841.5,42558.1,54357.8
2488,46.2518,33473.2,35241.2,42742.4,55195.8
2489,46.2701,33473.2,36137.8,42740.2,52819.7
2490,46.2884,33473.2,36053.2,42562,52015.9
2491,46.3066,33473.2,36615.9,42618.1,49573
2492,46.3251,33473.2,36302.6,42658.7,51533
2493,46.3435,33473.2,35268.6,43040.3,55399.1
2494,46.3616,33473.2,34833.8,42971.7,55125.6
2495,46.3801,33473.2,35627.9,42942.5,52150
2496,46.3984,33473.2,35959.5,42694,54442.4
2497,46.4168,33473.2,36576.9,43105.2,52137.3
2498,46.4352,33473.2,35585.1,42686.6,50712.2
2499,46.4533,33473.2,34970.8,42805.6,54701.8
2500,46.4714,33473.2,36293.6,42780.6,51111
2501,46.49,33473.2,37074.7,43041.7,51980.2
2502,46.5085,33473.2,35195,42980.2,52131.1
2503,46.5267,33473.2,35769.4,42598.6,52107.7
2504,46.5451,33473.2,35621.5,42975.9,55214.7
2505,46.5634,33473.2,36868.8,42923.1,52534.8
2506,46.5817,33473.2,36968,42860.5,52639.7
2507,46.6001,33473.2,34159.7,43014.9,55024.1
2508,46.6187,33473.2,35838.8,43311.6,54268.1
2509,46.6372,33473.2,36715.3,42776.7,52680.5
2510,46.6556,33473.2,34793.1,42918.9,56687.1
2511,46.6739,33473.2,35887.9,42724.3,53414.2
2512,46.6922,33473.2,36859.6,43017.1,53634.5
2513,46.7104,33473.2,34873.3,42572.4,52568.3
2514,46.7288,33473.2,37401,42626.5,49694.4
2515,46.7471,33473.2,36597.8,42859.4,53087.5
2516,46.7653,33473.2,36425.4,42762.8,55277.7
2517,46.7836,33473.2,37036.2,42977.6,55741.3
2518,46.8019,33473.2,35341.9,43074.9,50347.7
2519,46.8206,33473.2,37063.7,42938,52043.8
2520,46.8389,33473.2,36165.8,42537.9,55125.8
2521,46.8572,33473.2,35962.8,42585.4,50767.3
2522,46.8758,33473.2,36016.1,42568.5,50453
2523,46.8942,33473.2,37187.6,42756.6,50965.1
2524,46.9124,33473.2,36857.6,42583.7,52625.3
2525,46.9307,33473.2,35789.1,42224.9,51423.5
2526,46.9491,33473.2,34409,42706.4,53451.8
2527,46.9673,33473.2,36037.1,42701.9,50539.1
2528,46.9855,33473.2,34684.8,42270.4,48875
2529,47.0038,33473.2,35558.5,42508.6,52273.8
2530,47.0221,33473.2,35932.7,42500.1,51728.8
2531,47.0403,33473.2,36011.8,42659.9,51525.3
2532,47.0585,33473.2,35580.5,42409.2,52543.4
2533,47.0769,33473.2,35084.3,42753.5,52811.3
2534,47.0953,33473.2,34895.4,42571.7,50575.9
2535,47.1133,33473.2,37291.7,42858.9,54327.1
2536,47.1312,33473.2,35463.7,42278.3,51429.2
2537,47.1497,33473.2,36461.9,42911.5,51894
2538,47.168,33473.2,36362.3,42984.9,51906.8
2539,47.1863,33473.2,35631,43048.9,52079
2540,47.2048,33473.2,36799.4,43000.1,53662.2
2541,47.223,33473.2,35244.6,42774.3,53220.7
2542,47.2412,33473.2,36906.5,42692.4,51727.6
2543,47.2596,33473.2,35614.3,43203,55450.9
2544,47.2779,33473.2,34182.2,42843.8,53658.5
2545,47.2962,33473.2,36205.1,42833.1,53026.4
2546,47.3144,33473.2,37402.7,43301.6,54776.1
2547,47.3325,33473.2,35383.4,42961,53110
2548,47.3509,33473.2,35452.2,43242.4,51237.9
2549,47.3691,33473.2,33852,43074.2,52468.2
2550,47.3875,33473.2,35167.4,42656,50117.1
2551,47.4057,33473.2,35750,42600.6,54112.4
2552,47.4241,33473.2,35854.9,42414.5,53268.1
2553,47.4425,33473.2,36477.3,42597.7,51633.8
2554,47.4611,33473.2,36927.4,42815.4,51804.2
2555,47.4791,33473.2,35063.7,42792.6,55381.2
2556,47.4978,33473.2,36587.3,43086.2,51918.1
2557,47.5162,33473.2,36917.8,42966.2,56712.3
2558,47.5346,33473.2,35452.5,43084.6,54670.5
2559,47.553,33473.2,36804,42934.6,55416.9
2560,47.5715,33473.2,36443.5,42823.6,53214.9
2561,47.5898,33473.2,36130.1,42884.6,51955.2
2562,47.6083,33473.2,35111.8,42857.2,56373.9
2563,47.6266,33473.2,34935.3,43133,52026.7
2564,47.6446,33473.2,35049.9,42456.6,53595.7
2565,47.6633,33473.2,34558.9,42922.7,53861.4
2566,47.6822,33473.2,36313.9,42555.2,55658
2567,47.7009,33473.2,34732.7,42624.1,51522.5
2568,47.7199,33473.2,36780,43216.4,53308.1
2569,47.7387,33473.2,35844.2,42660.3,52612.1
2570,47.7575,33473.2,36031.7,42950.9,54052.2
2571,47.7765,33473.2,37181.4,42712.2,52840
2572,47.7954,33473.2,36383.5,42828.6,52698.1
2573,47.814,33473.2,36349.6,42810.1,54926.7
2574,47.8329,33473.2,35842.6,42819.2,52237.2
2575,47.8516,33473.2,33862.9,42589.6,53106.9
2576,47.8706,33473.2,35856,42672,54014.1
2577,47.8895,33473.2,35269.2,42962.6,52227.3
2578,47.9082,33473.2,34231.4,42939.7,51410
2579,47.9268,33473.2,36687.8,42590.7,51433.2
2580,47.9456,33473.2,37377.4,43162.4,53850.2
2581,47.9646,33473.2,35483,43253.9,54590.2
2582,47.9836,33473.2,35311,43207,54039.3
2583,48.0023,33473.2,36013.2,43507.7,53192.8
2584,48.021,33473.2,35715.5,42784.4,52664.6
2585,48.0397,33473.2,35389.6,43110.8,53244.5
2586,48.0582,33473.2,36086.9,42969.7,53815.9
2587,48.0771,33473.2,36509.6,42984.2,52201.7
2588,48.0958,33473.2,37233.8,43202.6,52353.1
2589,48.1147,33473.2,35167,43361.9,52217.8
2590,48.1335,33473.2,36235.8,42916.1,55499.9
2591,48.1522,33473.2,36510.4,42794.8,51216.1
2592,48.1711,33473.2,35468,43171.1,54083.5
2593,48.1899,33473.2,36379,42756.5,56688
2594,48.2087,33473.2,36507.3,42922.9,53653.4
2595,48.2274,33473.2,36192.6,42983.5,50707.6
2596,48.246,33473.2,35979.1,42983.9,50135
2597,48.2646,33473.2,36364.3,42877.7,51663.3
2598,48.2832,33473.2,35831.8,42714.1,53094.3
2599,48.3019,33473.2,35478.2,42721.8,57247.7
2600,48.3207,33473.2,36601.2,42718.8,52073.2
2601,48.3394,33473.2,35567.3,43022.2,51453.5
2602,48.3581,33473.2,36037.3,42726.4,52014.1
2603,48.377,33473.2,35687.3,43057,51050.3
2604,48.3958,33473.2,37296,43398.5,53833.8
2605,48.4145,33473.2,34330.1,43223.5,51710.3
2606,48.4335,33473.2,37486.4,43202.3,53745.4
2607,48.4523,33473.2,37514.6,43170.3,59813.2
2608,48.4711,33473.2,36266.3,42692.3,57450.4
2609,48.4899,33473.2,35259.6,42575.3,51888.5
2610,48.5088,33473.2,36628.3,43052.1,53855.4
2611,48.5276,33473.2,35120.4,43300.5,52759.3
2612,48.5466,33473.2,35884.1,43151.8,54490
2613,48.5652,33473.2,36310.9,42705.1,52056.9
2614,48.5842,33473.2,36833.5,42932.8,50715.9
2615,48.6027,33473.2,36218.8,42961.8,54489.8
2616,48.6213,33473.2,36203.2,42951.5,53696.9
2617,48.64,33473.2,35860.3,42789.1,54970.7
2618,48.6588,33473.2,37881.5,43081.7,52672.4
2619,48.6774,33473.2,35384.2,43001.5,54178.9
2620,48.6963,33473.2,36142.4,42915.5,57881.5
2621,48.7151,33473.2,36488.1,43085,53721.8
2622,48.7339,33473.2,36397,42703.3,54287.9
2623,48.7526,33473.2,35611.2,43094.4,53231.7
2624,48.7715,33473.2,35531,42509.7,51969.8
2625,48.7903,33473.2,36054.4,43061.2,51073.7
2626,48.8092,33473.2,35685.7,43069.3,51756.8
2627,48.8277,33473.2,36160.4,42723.1,53454.4
2628,48.8466,33473.2,37156.4,43182.5,54960.5
2629,48.8656,33473.2,36704.9,42637.2,54926.9
2630,48.8841,33473.2,36594.4,42298.2,52187.2
2631,48.9029,33473.2,36429.1,42557.2,52164.9
2632,48.9215,33473.2,34865.3,42676.6,50480
2633,48.9401,33473.2,35347.6,42654.5,55703.2
2634,48.9589,33473.2,34889.3,42725.5,53623.3
2635,48.9774,33473.2,37059.5,42852.3,51090.6
2636,48.996,33473.2,36286.3,42495.4,52049.2
2637,49.0147,33473.2,36571.5,42304.3,52302.8
2638,49.0336,33473.2,35208.1,42498.7,50756.2
2639,49.0522,33473.2,34995.1,42382.6,51615.1
2640,49.071,33473.2,35280.7,42515.6,52352.5
2641,49.0897,33473.2,36293.1,42754.5,51778.6
2642,49.1085,33473.2,35591.8,42230.2,55529.8
2643,49.1273,33473.2,36364.8,42977.6,56405.7
2644,49.1458,33473.2,36644.2,42726.4,52175
2645,49.1646,33473.2,35965,42815.5,49470.5
2646,49.1835,33473.2,36785.6,43263.2,54257.2
2647,49.2021,33473.2,35986.6,42999.6,53229.8
2648,49.2209,33473.2,36175.3,42669.5,53014.5
2649,49.2396,33473.2,34601.4,42855.4,54656.3
2650,49.2585,33473.2,36183.8,42864.8,53401.1
2651,49.2773,33473.2,36801.4,42840.6,50998.8
2652,49.2958,33473.2,36471.1,43229.7,52479.4
2653,49.3146,33473.2,36070,42805.6,53355.7
2654,49.3334,33473.2,36309.1,43246.4,56206
2655,49.352,33473.2,35305.7,42707.7,54617.9
2656,49.3707,33473.2,37107.1,43290.2,52045.7
2657,49.3893,33473.2,35699.9,42715.3,54196.3
2658,49.408,33473.2,35382.4,42872.3,53242.6
2659,49.4265,33473.2,34549.2,42999.8,51137.9
2660,49.4452,33473.2,37562.7,42728.5,53639.1
2661,49.464,33473.2,36606.5,42810.5,55131.1
2662,49.4828,33473.2,36533.5,42946.1,52182.8
2663,49.5013,33473.2,35772.6,42724.4,50890.7
2664,49.5201,33473.2,36812.7,43049.8,53774.2
2665,49.5387,33473.2,35212.8,42774.3,54018.1
2666,49.5577,33473.2,35229.9,43164.5,53527.4
2667,49.5766,33473.2,36187.8,42794,54190.8
2668,49.5954,33473.2,36829.2,42749.7,51968.3
2669,49.6142,33473.2,36058.5,42733.2,54110.8
2670,49.6329,33473.2,35390.9,42729.5,53927.4
2671,49.6516,33473.2,35941.4,43062.8,55200.6
2672,49.67,33473.2,36747.1,42840.8,54284.2
2673,49.6886,33473.2,36253.9,42881.3,54324.3
2674,49.7073,33473.2,34370.9,42706.4,54965.9
2675,49.726,33473.2,36073.5,42722.1,53352.5
2676,49.745,33473.2,35265,42867.8,53037.4
2677,49.7638,33473.2,36777.7,42926.5,51289
2678,49.7828,33473.2,36347.4,42980.1,53368.7
2679,49.8015,33473.2,35684.4,42803.4,54289.3
2680,49.8203,33473.2,35552.3,42402.8,51357.3
2681,49.8392,33473.2,35148.4,42747.5,56286.7
2682,49.8579,33473.2,35734.8,42711.2,53403
2683,49.8767,33473.2,36465.7,42721.2,55094.5
2684,49.8955,33473.2,35321.7,42651.4,55427.2
2685,49.9144,33473.2,35267.1,43005,52207.1
2686,49.9333,33473.2,35115.8,42814,53352
2687,49.952,33473.2,35883.3,42651,54339.7
2688,49.9709,33473.2,36662.2,43109.1,52009.7
2689,49.9896,33473.2,34343.2,43156.6,52119.1
2690,50.0085,33473.2,35828.5,42923,53663.4
2691,50.0272,33473.2,36697.9,42811.4,51196.9
2692,50.0459,33473.2,36542.4,43021,52776.2
2693,50.0645,33473.2,34851.1,42965.6,51115.2
2694,50.0832,33473.2,36084.2,42793.3,52792
2695,50.1018,33473.2,35964.8,42648.5,52755.1
2696,50.1204,33473.2,33789.1,42822,52758.5
2697,50.1392,33473.2,36897.2,43049.3,55378.4
2698,50.1581,33473.2,36115.2,42849.3,53081.3
2699,50.1769,33473.2,35531.5,42535,58316.3
2700,50.1955,33473.2,36051.2,42572.9,51762.5
2701,50.2141,33473.2,36561.6,42375.7,53122.9
2702,50.2328,33473.2,35517.7,42505.4,52460.7
2703,50.2515,33473.2,36679.5,42704.8,55213.5
2704,50.2703,33473.2,34986.1,42428.5,50651.3
2705,50.2888,33473.2,36226.4,42522,51338.4
2706,50.3077,33473.2,36112.6,42509.4,52060.5
2707,50.3262,33473.2,34795.9,42484.7,52813.5
2708,50.345,33473.2,35414.4,42843.2,52184.9
2709,50.3636,33473.2,34272,42815.5,54566.1
2710,50.3825,33473.2,37653.1,42875.4,51685.2
2711,50.4015,33473.2,36995.4,43030.4,53005.2
2712,50.4202,33473.2,36560.6,43133.6,52123.1
2713,50.439,33473.2,35899.5,42631.4,51690.3
2714,50.458,33473.2,36981.6,43134.6,51279.8
2715,50.4767,33473.2,35298,43124.6,52945.7
2716,50.4958,33473.2,34508.9,42969.5,52871.9
2717,50.5146,33473.2,37043.8,43044.8,51026.1
2718,50.5334,33473.2,35420.8,42479.9,53979.9
2719,50.5521,33473.2,36792.7,42992.4,54685
2720,50.571,33473.2,36929,42898.9,52866.5
2721,50.5898,33473.2,36990.6,42744.7,53044.3
2722,50.6084,33473.2,35167.9,43008.6,52256
2723,50.6273,33473.2,36611.9,43150.8,54761.8
2724,50.646,33473.2,36363.4,42248,51294.6
2725,50.6647,33473.2,37114.2,42429,51176.2
2726,50.6836,33473.2,35736.6,42929.8,50497.8
2727,50.7022,33473.2,35055.4,42648.4,55663.7
2728,50.7213,33473.2,35361.3,42674.7,59230.6
2729,50.74,33473.2,35956.6,43031.5,53633.4
2730,50.7588,33473.2,35284.2,42685.3,53555.7
2731,50.7775,33473.2,35818.1,43052.3,52736.3
2732,50.7964,33473.2,34316.9,42967.5,53566.9
2733,50.8151,33473.2,35664,42940.8,52801.4
2734,50.8344,33473.2,35071,43159.1,53843.8
2735,50.8538,33473.2,36405.7,42889.4,54293.2
2736,50.8722,33473.2,36960.2,42950.8,54582.7
2737,50.8903,33473.2,35908.6,42673.3,53751.3
2738,50.9091,33473.2,35765.6,42828.8,50770.8
2739,50.9283,33473.2,36144.5,42970.2,56289.2
2740,50.9472,33473.2,36524.9,43080.6,52529.3
2741,50.9669,33473.2,37121.7,42787.2,50810
2742,50.9861,33473.2,37218.4,42727.9,51004
2743,51.0046,33473.2,37184.3,42472.7,51890.2
2744,51.0235,33473.2,35217.6,42697.2,53383.4
2745,51.0421,33473.2,35810,42498.5,52290.8
2746,51.0609,33473.2,35211.6,42426.7,54202
2747,51.0795,33473.2,36235.3,42688.7,54420.4
2748,51.0981,33473.2,35888.5,42294.3,52932.2
2749,51.1169,33473.2,35014.8,42911.9,51546.1
2750,51.1357,33473.2,35902.6,42648.2,52211.5
2751,51.1544,33473.2,34953.5,42589.4,52638
2752,51.1731,33473.2,35817.1,42624,54410.1
2753,51.1921,33473.2,36274,42477.4,51506.7
2754,51.2111,33473.2,33760.6,42732.8,55177
2755,51.2298,33473.2,36033.7,42461.2,53119.1
2756,51.2488,33473.2,37663.2,42532.5,52603
2757,51.267,33473.2,34976.2,42876.2,54363
2758,51.2858,33473.2,35322.6,42586,51120.3
2759,51.3046,33473.2,36233.1,42965.1,51399.3
2760,51.3235,33473.2,36265.1,42946.5,55442.8
2761,51.3425,33473.2,35860.4,42527.3,53595.9
2762,51.3613,33473.2,36102.5,43032.1,50785.5
2763,51.3802,33473.2,37154.1,42770.8,52404
2764,51.3992,33473.2,35906.4,43271.2,52313.4
2765,51.418,33473.2,37012.4,42807.2,58215.4
2766,51.437,33473.2,36496.3,43113,56345
2767,51.456,33473.2,36870,42352.7,51087.2
2768,51.475,33473.2,34959.3,42787.8,54024.2
2769,51.4939,33473.2,35787.4,42841.2,53533.8
2770,51.5127,33473.2,35633.1,42845.7,53474.2
2771,51.532,33473.2,37071.4,42631.6,51485.7
2772,51.5508,33473.2,35956.2,42705.3,53990.9
2773,51.5695,33473.2,35797.2,42646.5,55997.8
2774,51.5884,33473.2,36262.9,42616.6,54006.6
2775,51.6069,33473.2,34928,42630.5,55984.9
2776,51.6256,33473.2,35678.4,42504.2,51303
2777,51.6444,33473.2,35119.9,42502.6,52140.4
2778,51.6631,33473.2,36473,42527.2,50407.2
2779,51.6819,33473.2,34969.4,42762.6,53786.4
2780,51.701,33473.2,35450.1,43100,53286.3
2781,51.7197,33473.2,35536.7,42287.9,52351.2
2782,51.7383,33473.2,35355,42531.8,54113.4
2783,51.7571,33473.2,35908.5,43054.4,57274.4
2784,51.7759,33473.2,36977.8,42950.2,54098.3
2785,51.7947,33473.2,35923.7,43126.9,53459.6
2786,51.8137,33473.2,35770.4,42967.7,51211.7
2787,51.8325,33473.2,36407.1,42821.5,53889.7
2788,51.8512,33473.2,35599.9,43006.7,52807.9
2789,51.87,33473.2,35922,42658.8,51006.4
2790,51.8889,33473.2,35792.7,43130.7,51714.9
2791,51.9076,33473.2,36268.4,42519.8,51699.6
2792,51.9261,33473.2,35238.9,42869.2,53374.8
2793,51.9448,33473.2,35777.7,42793.2,51441.1
2794,51.9638,33473.2,35359.1,43193.7,53969.7
2795,51.9823,33473.2,35320,42810.8,56068.6
2796,52.0011,33473.2,35928,43311.1,53606.7
2797,52.0198,33473.2,37056.9,43160.1,51340.9
2798,52.0385,33473.2,35411.8,42823.6,56782.5
2799,52.0571,33473.2,34988.7,42865.7,53936.4
2800,52.0757,33473.2,36292.9,43165.8,55902.1
2801,52.094,33473.2,35822.4,42642.7,50850.8
2802,52.112,33473.2,36000.1,43155.7,50872
2803,52.1303,33473.2,35567.6,42773.8,52356.5
2804,52.1491,33473.2,35806.1,42515.3,52962.2
2805,52.1679,33473.2,37155.9,43049.7,53876.9
2806,52.1866,33473.2,35845.2,42980.9,53246.7
2807,52.2053,33473.2,36080.5,42829.9,52134
2808,52.2238,33473.2,34434.6,43076.4,56468.4
2809,52.2427,33473.2,35504.4,42913.5,53090.9
2810,52.2617,33473.2,36432.3,43014.7,55835.1
2811,52.2804,33473.2,35043.7,42907.5,54261.9
2812,52.2991,33473.2,35856.1,42817,56277.5
2813,52.3176,33473.2,35748,42907.1,53857.3
2814,52.3362,33473.2,36502.4,42819.1,55424.2
2815,52.3548,33473.2,36322,42777.6,53021
2816,52.3737,33473.2,35731.1,42677.2,59064.5
2817,52.3923,33473.2,34965.8,42767.7,50577
2818,52.4108,33473.2,35073.2,42930.5,53425
2819,52.4295,33473.2,36267.9,42691.9,51275.2
2820,52.4483,33473.2,35966,42878.7,53552.3
2821,52.4668,33473.2,35375.1,42794.1,55210.8
2822,52.4853,33473.2,34981.5,42413,49947.4
2823,52.5038,33473.2,35117.4,42327.6,51859.7
2824,52.5225,33473.2,35198.7,42911.5,51830
2825,52.5414,33473.2,36266.4,42808.1,53098
2826,52.5601,33473.2,35453.8,42881.4,51191
2827,52.5789,33473.2,35411.9,42702.3,56290.2
2828,52.5975,33473.2,36044.1,42757,52515.4
2829,52.6164,33473.2,37127.7,42861.5,53127.7
2830,52.6353,33473.2,36706.1,43016.6,51403.3
2831,52.6543,33473.2,35294.3,43031.9,57544.1
2832,52.6732,33473.2,36767,43110.8,54301.5
2833,52.692,33473.2,35788.2,42951,51829.2
2834,52.7106,33473.2,36218.2,43132,51210.1
2835,52.7295,33473.2,37292.7,42751.2,53252.7
2836,52.7483,33473.2,36032,43258.8,51736.5
2837,52.7671,33473.2,34079,43121.3,53061.6
2838,52.7861,33473.2,36655,43232.2,52922.1
2839,52.8047,33473.2,36537.7,42795.9,53943.2
2840,52.8237,33473.2,35958.2,42930.4,52110.4
2841,52.8426,33473.2,35266.8,42899.5,51711.5
2842,52.8615,33473.2,34592.2,42748.5,57771.1
2843,52.8806,33473.2,36205.2,42857.2,50271.1
2844,52.8994,33473.2,35118.4,42316.5,52431.5
2845,52.9183,33473.2,36059.4,42997.8,53349.4
2846,52.9371,33473.2,35358.9,42484.8,56824.6
2847,52.9558,33473.2,36204.4,42482.5,50195.2
2848,52.9746,33473.2,35809.8,43004,53909.7
2849,52.9933,33473.2,35800.3,42854.7,53305.9
2850,53.012,33473.2,35808.9,42659.2,53283.6
2851,53.0308,33473.2,36551.4,42705.6,51240.6
2852,53.0496,33473.2,36951.5,42544.6,52657
2853,53.0684,33473.2,36576.2,42981.9,54036.6
2854,53.0869,33473.2,35850.4,42506.2,53111.9
2855,53.1056,33473.2,34978.8,42849.9,54008
2856,53.1242,33473.2,35226.1,42674.7,54581.8
2857,53.1429,33473.2,35797,42910.8,55842.6
2858,53.1622,33473.2,35592.8,42793.1,56118.1
2859,53.1806,33473.2,36994.5,42578.4,52977.4
2860,53.1994,33473.2,35626.4,42745.8,51819.1
2861,53.2181,33473.2,36094.1,42876.1,57055.9
2862,53.237,33473.2,35758.1,42542.6,51221.2
2863,53.2555,33473.2,37031.3,42910,52016.4
2864,53.2743,33473.2,36234.9,43145.8,54996.5
2865,53.293,33473.2,36559.8,42712.6,52990
2866,53.3118,33473.2,35032.5,43143.6,53611.6
2867,53.3305,33473.2,35258.5,42870.1,53605.9
2868,53.3491,33473.2,36354.2,42546.2,51617
2869,53.3681,33473.2,36741.6,43010.4,53992.7
2870,53.3866,33473.2,35458.7,42655.5,52863.3
2871,53.4054,33473.2,35977.7,42794,53309.3
2872,53.4243,33473.2,36107.8,42454.5,52363.4
2873,53.4433,33473.2,37367.1,43065.8,54075.3
2874,53.462,33473.2,35339.3,42632.9,51269.4
2875,53.4807,33473.2,35395.8,42748.2,50733.4
2876,53.4994,33473.2,35067.3,42490.9,55099.1
2877,53.518,33473.2,35948.7,42478.1,53998.9
2878,53.5368,33473.2,36548.9,42567.4,51463.2
2879,53.5555,33473.2,34283.3,42580.5,52302.1
2880,53.5744,33473.2,35870.3,42659.7,52067.5
2881,53.5931,33473.2,36122.5,42839.8,52789.5
2882,53.612,33473.2,34252.8,43515.6,55094.6
2883,53.6311,33473.2,36159.4,42686.2,52098.1
2884,53.6497,33473.2,35278.8,42720.7,52743.7
2885,53.6681,33473.2,34781.4,42390.6,52081.7
2886,53.6866,33473.2,36404.6,42567.2,53760.4
2887,53.7055,33473.2,36809.1,42917.6,50804.3
2888,53.7245,33473.2,36464.9,43184.5,50827.3
2889,53.7433,33473.2,35312.5,42919.9,56862.5
2890,53.762,33473.2,35856.8,42480.8,57160.9
2891,53.7812,33473.2,37034.9,42805.4,52526.7
2892,53.7999,33473.2,35032.1,42837.1,54343.1
2893,53.8188,33473.2,36488.2,43080.3,53016.6
2894,53.8373,33473.2,36536.7,42787.7,50717.9
2895,53.8561,33473.2,35043.3,42387.7,50018.6
2896,53.8753,33473.2,35049.2,42539.1,51004.6
2897,53.8941,33473.2,35632.9,42884.5,52999.2
2898,53.913,33473.2,36128.9,42700.6,53624.4
2899,53.9316,33473.2,35183.8,42923.6,51454.8
2900,53.9506,33473.2,34771.9,42941.4,53629
2901,53.9693,33473.2,37312.1,43073.6,56508.3
2902,53.9882,33473.2,35217.4,42730.3,52017.2
2903,54.0068,33473.2,36290.2,42364.7,51214.1
2904,54.0255,33473.2,34799.6,43090.2,52620.1
2905,54.0443,33473.2,36301.5,42851.2,52185.8
2906,54.0635,33473.2,33878,42798.6,51654.9
2907,54.0823,33473.2,35367.2,42862.4,55882.4
2908,54.1009,33473.2,36567.3,42539.4,52401.6
2909,54.1195,33473.2,36117.5,42506.6,51587.7
2910,54.1382,33473.2,37200.3,42665.6,51229.6
2911,54.1571,33473.2,36665.1,42569,53548.4
2912,54.1755,33473.2,34808.2,42355.6,52168.7
2913,54.1941,33473.2,35531.5,42771.2,55195.4
2914,54.2128,33473.2,34546.5,42677.8,51408.2
2915,54.2313,33473.2,36400.9,42398.5,51158.5
2916,54.2499,33473.2,37359.2,42535.4,51377.8
2917,54.2686,33473.2,36498.1,42838.9,51307.3
2918,54.2872,33473.2,35953,42666.9,53652
2919,54.3058,33473.2,36772.5,42422.2,53402.7
2920,54.3245,33473.2,36673.3,42603.7,52013.3
2921,54.3433,33473.2,36465.5,42642.5,53738.7
2922,54.3621,33473.2,34545.1,42502.2,52273.3
2923,54.3809,33473.2,36205.2,42981.3,52247.9
2924,54.3997,33473.2,36273.7,42723.8,50278.2
2925,54.4186,33473.2,34048.4,42812.9,52327.9
2926,54.4374,33473.2,36781.5,42879.7,51660.6
2927,54.4563,33473.2,36782.7,43354.6,55343.2
2928,54.4751,33473.2,34684.9,42876.3,52625.8
2929,54.4938,33473.2,36189.8,43056.3,53256.6
2930,54.5124,33473.2,35417.2,42933.5,50322.1
2931,54.5309,33473.2,36437.9,42924,52217.5
2932,54.5495,33473.2,35820.5,42937.4,55686.2
2933,54.5681,33473.2,33994.7,42610.8,52360.2
2934,54.5869,33473.2,37075.3,42852.5,54162.7
2935,54.6059,33473.2,36603.9,42839.3,51046.5
2936,54.6244,33473.2,36167.4,42279.5,51519.9
2937,54.6431,33473.2,35970.7,42616,55627.2
2938,54.6624,33473.2,35240.5,42870.3,53011.9
2939,54.6815,33473.2,36809.2,42794.8,53211
2940,54.7007,33473.2,37488,43199.2,52949.9
2941,54.7193,33473.2,36611.2,42581.7,53120.1
2942,54.7382,33473.2,36872.8,42964.9,54623.3
2943,54.7568,33473.2,36042.4,42488.8,52316.3
2944,54.7752,33473.2,36831.6,43016.8,60592.7
2945,54.7939,33473.2,36811.5,42859.4,52458.2
2946,54.8126,33473.2,34822.6,42325.5,53279.6
2947,54.8312,33473.2,36844.9,42692.7,55195.8
2948,54.8499,33473.2,34860.2,42890.9,53462.8
2949,54.8686,33473.2,35075.7,42738.4,53195.2
2950,54.8872,33473.2,34684.6,42507.3,53667.3
2951,54.9058,33473.2,34670,42172.6,50141.7
2952,54.9246,33473.2,35135.3,42739.3,52161.1
2953,54.9432,33473.2,35701.8,42701.2,50749.1
2954,54.9619,33473.2,35947.6,43027.5,54757.1
2955,54.9807,33473.2,35807.1,42999.2,54168.2
2956,54.9992,33473.2,36595.9,42426.3,53457.6
2957,55.0179,33473.2,35128.1,43125.4,52661.9
2958,55.0367,33473.2,35890.2,42636.2,52133.3
2959,55.0555,33473.2,36642.2,42740.5,53358.1
2960,55.0745,33473.2,35897.5,42570.8,53584.2
2961,55.0932,33473.2,36327.5,42644.1,53501.8
2962,55.1119,33473.2,36128.9,42425.3,54340.8
2963,55.1308,33473.2,36242,42912,54302.9
2964,55.1497,33473.2,35120.9,42404.2,51983.9
2965,55.1682,33473.2,35157.6,42509.9,50875.4
2966,55.1874,33473.2,34936.3,42450.4,59022.8
2967,55.2068,33473.2,35740.5,42233.7,50919.1
2968,55.2256,33473.2,36005.7,42696.8,53297.4
2969,55.2442,33473.2,36321,42909.9,54055.2
2970,55.2632,33473.2,36077.8,43054.8,54725.5
2971,55.2819,33473.2,34097.4,42916.9,53819
2972,55.3008,33473.2,36989.6,42860.9,50686.2
2973,55.3196,33473.2,35390.5,42896.7,52087.7
2974,55.3383,33473.2,36040.3,42868.1,52070.7
2975,55.357,33473.2,35554.2,42482.9,54437.7
2976,55.3758,33473.2,35667.8,42978.3,54923.5
2977,55.3945,33473.2,36788.7,42694.1,53985.2
2978,55.4134,33473.2,35939.8,42885.9,55348.5
2979,55.4323,33473.2,35322.5,42966.8,52352.8
2980,55.4512,33473.2,36022.1,42705.4,52486.5
2981,55.4705,33473.2,36771.3,43094.4,53471.3
2982,55.4892,33473.2,35111.3,42371,51684
2983,55.5078,33473.2,35077.7,42720.4,56390.3
2984,55.5266,33473.2,35274,42743.8,53611
2985,55.5455,33473.2,35770.3,42347.1,51922.4
2986,55.5641,33473.2,36751.2,42294.9,51258.9
2987,55.5831,33473.2,36556.4,42851.9,55380.8
2988,55.602,33473.2,35549.9,42690.3,50882.1
2989,55.6207,33473.2,35823.4,42725.1,52740.1
2990,55.6396,33473.2,34780.9,42694.6,51472.5
2991,55.6584,33473.2,35294.8,42689.3,52715.6
2992,55.6773,33473.2,36332.7,43043.8,50699.2
2993,55.6958,33473.2,35655.1,42784.5,52335.3
2994,55.7143,33473.2,35491.8,42193.7,52966
2995,55.7333,33473.2,36837.8,43301.9,54270.8
2996,55.7522,33473.2,36248.1,42964.2,52734.6
2997,55.7712,33473.2,35953.6,42980.4,53587.2
2998,55.7899,33473.2,35750.7,42872.5,52555.1
2999,55.8085,33473.2,36507.2,42648.3,58600.4
3000,55.8277,33473.2,35716,43094.6,52842
3001,55.8463,33473.2,36246.7,42178.2,52151
3002,55.8662,33473.2,35952.6,42589.8,53298.5
3003,55.8847,33473.2,35157.1,42202.8,54704.5
3004,55.9035,33473.2,36782.6,42817.9,55161.8
3005,55.9222,33473.2,37098.1,42583.6,50594.5
3006,55.941,33473.2,36361.8,42953.4,53700.7
3007,55.9598,33473.2,37308.2,43026.9,53509.3
3008,55.9787,33473.2,36781.2,42930.7,55765.6
3009,55.9975,33473.2,36434.2,42425.6,53053.4
3010,56.0164,33473.2,36853.6,43012.6,52640.2
3011,56.0355,33473.2,37403.2,43164,53735.7
3012,56.0545,33473.2,35216.9,42665.2,54528.7
3013,56.0733,33473.2,37020.5,42623.6,51543.6
3014,56.0917,33473.2,35596.8,42716.5,53426.8
3015,56.1104,33473.2,35734.3,42654.2,52239.6
3016,56.1292,33473.2,36458.5,42803.6,52981.2
3017,56.1481,33473.2,36345.2,42818.5,54652.5
3018,56.1669,33473.2,36060,42617.4,54794
3019,56.1856,33473.2,35606.9,42844.5,54429.8
3020,56.2046,33473.2,35633.9,42937.1,53448.3
3021,56.2233,33473.2,35166.9,42682.8,52875.9
3022,56.2421,33473.2,36572.4,42832.1,53937.7
3023,56.2608,33473.2,36751.5,42654.4,58984.9
3024,56.2796,33473.2,35425.6,42751.5,53145.7
3025,56.2985,33473.2,35479.2,42934.2,53890.7
3026,56.3176,33473.2,35702.8,42699.1,52811.1
3027,56.3362,33473.2,36047.9,42627.7,51401.4
3028,56.355,33473.2,34553.7,42881.6,55512.9
3029,56.3737,33473.2,36424.5,43007.6,55033.4
3030,56.3927,33473.2,36072.7,42938.1,51335.4
3031,56.4116,33473.2,36754.1,43253,52098.9
3032,56.4304,33473.2,36574.3,42730.9,53069.9
3033,56.4492,33473.2,36823.1,42681.8,55705.5
3034,56.4678,33473.2,35712,42563.1,55020.4
3035,56.4866,33473.2,35638.8,42933.7,57363.5
3036,56.5054,33473.2,36422.5,42655.9,50707
3037,56.5242,33473.2,35614,42684.9,52395.2
3038,56.5431,33473.2,37068.1,42485.5,53135.6
3039,56.562,33473.2,35713,42630.4,53421.4
3040,56.5811,33473.2,35176.4,42756.3,49728.5
3041,56.6,33473.2,36113.6,42592,54015.4
3042,56.6188,33473.2,36107,42673.9,53849.4
3043,56.6377,33473.2,37520.2,42767,53911.6
3044,56.6567,33473.2,35954.4,42609.1,54466
3045,56.6751,33473.2,35180.6,42518.6,53332.4
3046,56.6939,33473.2,34886.7,42510.7,50996.5
3047,56.7126,33473.2,36161.4,42541.9,51359.7
3048,56.7314,33473.2,36564.8,42802.8,52636.3
3049,56.7502,33473.2,36005.8,43114.7,52657.8
3050,56.769,33473.2,35307,42786,52948.7
3051,56.7878,33473.2,35227.2,42437.8,52363.7
3052,56.8067,33473.2,35531,42781.8,53966.1
3053,56.8255,33473.2,34579.2,42650,50018.2
3054,56.8444,33473.2,37082.3,42844.7,53434.7
3055,56.8644,33473.2,33796.1,42503.2,52260.4
3056,56.8836,33473.2,35808.6,42662,55976.9
3057,56.9025,33473.2,35050.2,42951.7,52535.2
3058,56.9211,33473.2,34089.9,42923.1,54251.1
3059,56.9398,33473.2,35807.3,42729.4,50931.5
3060,56.9587,33473.2,35320.7,42341.1,53226.8
3061,56.9775,33473.2,34705.7,42240.6,51329.6
3062,56.9964,33473.2,36113.5,42638.8,53526.8
3063,57.0153,33473.2,36453.8,43001.9,54345.3
3064,57.0343,33473.2,35736.6,42865.8,54513.7
3065,57.053,33473.2,36206.3,42707.8,52412.2
3066,57.0718,33473.2,35372.1,42505,51685.5
3067,57.0903,33473.2,35005.2,42319.8,54649.8
3068,57.109,33473.2,35482.1,42463.3,55107.5
3069,57.1279,33473.2,34826.6,42323,51838.5
3070,57.1468,33473.2,35403.9,42996.8,56205.4
3071,57.1654,33473.2,34716.8,42789.1,53167.5
3072,57.1842,33473.2,36747.5,42610.5,51914.9
3073,57.2028,33473.2,37162.6,42990.2,53577.1
3074,57.2215,33473.2,35542.9,42897.6,51616
3075,57.2401,33473.2,35122.7,42354.7,52588.9
3076,57.2588,33473.2,35385.1,42589.9,55052
3077,57.2774,33473.2,36193.8,42307.7,55558.9
3078,57.2962,33473.2,35878,42764.9,53457.8
3079,57.3151,33473.2,37018.9,42848.6,51332.7
3080,57.3338,33473.2,35025.2,42687.9,50796.6
3081,57.3524,33473.2,36166.1,42477.5,51421
3082,57.3712,33473.2,37055.4,42785.8,52761.7
3083,57.3901,33473.2,34136.8,42802.6,51429.6
3084,57.4087,33473.2,35375.1,42577.8,56794.3
3085,57.4276,33473.2,34607.2,42826.7,51705.7
3086,57.4463,33473.2,35276.2,42570,53291
3087,57.4651,33473.2,35825.4,42767.7,52008.3
3088,57.4838,33473.2,36174.4,42874.5,54098.5
3089,57.5026,33473.2,36939.1,42744.5,54904.2
3090,57.5214,33473.2,34297.6,42501.8,51378.7
3091,57.54,33473.2,36498.4,42752.9,56980.1
3092,57.5588,33473.2,36255.8,43104.2,56595.9
3093,57.5777,33473.2,35489.2,42559.8,53770.4
3094,57.5965,33473.2,36080.5,42433.1,50217.9
3095,57.6151,33473.2,36141.1,42551,55107.9
3096,57.634,33473.2,37563.6,43197.1,58224.6
3097,57.653,33473.2,35530.5,42929.2,53078.2
3098,57.6718,33473.2,35719.5,43067.9,52364.1
3099,57.6907,33473.2,35894.5,42820.1,52851.3
3100,57.7097,33473.2,36311.7,43059.7,53709.5
3101,57.7286,33473.2,35648.2,43268.7,54820.8
3102,57.7472,33473.2,36262.5,42869.4,50556.5
3103,57.7662,33473.2,36043.9,42897.5,50428.6
3104,57.7849,33473.2,35132.1,42905.7,53218.2
3105,57.8033,33473.2,36055.2,42927.9,50722.5
3106,57.8222,33473.2,35455.6,42920.8,55470.9
3107,57.8408,33473.2,35803.9,42672.2,52963
3108,57.8596,33473.2,36237.5,42827,51557.8
3109,57.8783,33473.2,36229.7,42848.6,51549.4
3110,57.897,33473.2,35914,42735.1,51604.4
3111,57.9157,33473.2,36262.1,42521.1,52795.2
3112,57.9346,33473.2,37328.9,43030.1,56028.5
3113,57.9535,33473.2,35577.6,43035.1,53168.4
3114,57.9721,33473.2,36162.1,42981.4,50601.9
3115,57.9908,33473.2,36367.2,42694.3,54555.7
3116,58.01,33473.2,36901.6,43460.8,55219.3
3117,58.0286,33473.2,36062.6,42550.1,56054.9
3118,58.0475,33473.2,36677.5,43292.3,52671.9
3119,58.0664,33473.2,35772.1,43197.1,56119
3120,58.0853,33473.2,37137.9,42837.3,54011.7
3121,58.104,33473.2,34737.5,42732,53937.4
3122,58.1226,33473.2,35164.5,43031,52716.4
3123,58.1414,33473.2,36480.9,43020.1,58134.9
3124,58.1599,33473.2,36684.3,42681,54504.5
3125,58.1787,33473.2,36357.1,43096.9,54185.5
3126,58.1974,33473.2,37418,43064.4,54041.3
3127,58.2161,33473.2,36765,43109.4,61147.6
3128,58.235,33473.2,35267.6,42976.7,55873.4
3129,58.2537,33473.2,36216.7,42914.2,52680
3130,58.2726,33473.2,35068.5,42623.4,51604
3131,58.2915,33473.2,34879.4,42996.4,54761.4
3132,58.3104,33473.2,36115.4,42829.4,55343.2
3133,58.3291,33473.2,35380,42564.7,54578
3134,58.3478,33473.2,35578.3,42817.7,53257.2
3135,58.3666,33473.2,35846.8,42487.5,50524
3136,58.3855,33473.2,35786.5,42551.3,53106.2
3137,58.404,33473.2,34594.6,42451,49690.7
3138,58.4226,33473.2,35733.9,42425.7,53390.3
3139,58.4413,33473.2,36768,42386.6,52227.1
3140,58.46,33473.2,35742.7,42298.8,50780.2
3141,58.4788,33473.2,35718.9,42355.6,50699.3
3142,58.4975,33473.2,35711.8,42549.8,53396.1
3143,58.5161,33473.2,35190.2,42564.3,53024.7
3144,58.5348,33473.2,35072.9,43025,55974.2
3145,58.5536,33473.2,35961.3,42464.5,51955
3146,58.5725,33473.2,34976.4,42617.8,53931.4
3147,58.5914,33473.2,36308.3,42484.6,52667.3
3148,58.6103,33473.2,34423,42534.2,53473.5
3149,58.629,33473.2,35949.9,42574.1,54139.9
3150,58.6479,33473.2,37253.2,42628.5,51007.6
3151,58.6667,33473.2,36435.7,42358,54321.7
3152,58.6854,33473.2,35886.8,42194.6,51997.3
3153,58.704,33473.2,35275.8,42525.4,52135.4
3154,58.7226,33473.2,37028.6,42751.2,54778.3
3155,58.7413,33473.2,36072.9,42748,52451.8
3156,58.76,33473.2,35292,42231.9,49985.8
3157,58.7781,33473.2,36603.9,42103.6,51286.1
3158,58.7973,33473.2,35501.1,42270.9,52626.5
3159,58.8161,33473.2,36011.4,42512.9,53309.4
3160,58.8348,33473.2,35598.1,42446.1,55085.9
3161,58.8543,33473.2,36557.1,42676,51735.7
3162,58.8732,33473.2,35940.9,42575.9,53367.7
3163,58.8918,33473.2,35617.4,42922.6,52689.5
3164,58.9107,33473.2,35495.7,42791.5,57285.2
3165,58.9296,33473.2,36377.6,42630.8,52918.3
3166,58.9488,33473.2,35737.5,42878.3,55358.3
3167,58.9683,33473.2,36509,43216.6,52689.8
3168,58.9869,33473.2,36443.5,42490.2,49935.5
3169,59.0055,33473.2,35557.3,42583.1,51581.2
3170,59.0242,33473.2,35510.9,42697.4,50773.2
3171,59.0431,33473.2,35446.7,42452.6,53614.9
3172,59.0617,33473.2,36514.9,42397.8,50676.4
3173,59.0806,33473.2,36078,42678.4,52505.4
3174,59.0991,33473.2,35931.1,42398.7,55154.8
3175,59.1178,33473.2,35133.2,42688.1,53310.8
3176,59.1367,33473.2,35900.7,42610.3,52689.1
3177,59.1553,33473.2,35636.5,42327,52150.1
3178,59.1742,33473.2,36648.4,42831.4,53265.4
3179,59.1929,33473.2,35880,43012.4,54315.4
3180,59.2116,33473.2,36057.6,43169.1,53219.4
3181,59.2305,33473.2,35638.8,43043.2,53546.9
3182,59.2493,33473.2,35417.8,42943.5,52171.1
3183,59.2679,33473.2,35304.8,42549,52363
3184,59.2866,33473.2,36793.8,42559.8,55594
3185,59.3055,33473.2,37128.2,42771.1,51442.6
3186,59.3242,33473.2,36772.2,43006.2,55275.4
3187,59.3429,33473.2,36739,43180.4,54107.3
3188,59.3619,33473.2,36343.5,42822.4,52733
3189,59.3807,33473.2,35007.5,42686.9,51530
3190,59.3995,33473.2,34781.2,42571.4,54492.7
3191,59.4189,33473.2,34737,43218.2,53954.7
3192,59.4374,33473.2,34657.4,42265.9,52516.9
3193,59.4563,33473.2,36600,42604.7,51122.4
3194,59.4751,33473.2,35935,42344.2,52309.3
3195,59.4938,33473.2,36081.2,42548.6,52199.8
3196,59.5126,33473.2,35853.7,42427.9,55725.1
3197,59.5315,33473.2,36362.1,42783.4,54723.4
3198,59.5503,33473.2,35512.7,42313.6,49565.2
3199,59.5691,33473.2,37381.9,42908.1,53650.8
3200,59.5878,33473.2,37160.6,42942.1,53212.2
3201,59.6065,33473.2,35873.8,42654.2,51402.9
3202,59.6252,33473.2,35290.7,42996.2,54196
3203,59.644,33473.2,35574.8,42838.5,52910.1
3204,59.6627,33473.2,36507,42833.2,57064.8
3205,59.6812,33473.2,36394.9,42495.5,50612.7
3206,59.6997,33473.2,36395.1,42923.7,50924.3
3207,59.7184,33473.2,36568.6,42810.5,53812.4
3208,59.7374,33473.2,36552.2,42963.3,52220.7
3209,59.7561,33473.2,35901.3,42905.3,55908.4
3210,59.7751,33473.2,35842.4,42768.7,52857.5
3211,59.7937,33473.2,36472.4,43083.4,51731
3212,59.8123,33473.2,35188.9,42615.4,53159.3
3213,59.8312,33473.2,36910.7,42602.9,51822.3
3214,59.8498,33473.2,36312.5,42197.8,51610.4
3215,59.869,33473.2,36386,42468.3,50627.5
3216,59.8875,33473.2,36601.1,42555.5,52472.3
3217,59.9062,33473.2,35702.6,42441.6,51675.5
3218,59.9248,33473.2,35102.3,42289.9,53551.8
3219,59.9434,33473.2,35356.8,42217.9,49778.1
3220,59.962,33473.2,35469.4,42324.3,50965.9
3221,59.9809,33473.2,37063.8,42836.6,53166.5
3222,59.9996,33473.2,36530.3,42626.6,54579.6
3223,60.0182,33473.2,35880.4,42444.5,52439.5
3224,60.0368,33473.2,36174.1,42673.8,51467.6
3225,60.0556,33473.2,35888.7,42733.5,51127.3
3226,60.0745,33473.2,35160.1,42613.8,60366.3
3227,60.0931,33473.2,35006,42220.3,50884.9
3228,60.1115,33473.2,36620,42510,54773.2
3229,60.13,33473.2,34036.7,42341.9,53939.1
3230,60.1487,33473.2,35370.3,42469,50854.2
3231,60.1675,33473.2,35182.4,42276,51975.3
3232,60.1864,33473.2,36215.4,42551.5,55373.4
3233,60.2052,33473.2,33988.8,42455.3,52748.2
3234,60.2238,33473.2,35217.3,42887.3,52227.3
3235,60.2426,33473.2,35943.7,42864.4,54127.2
3236,60.2616,33473.2,36712.4,42566.8,50197.4
3237,60.28,33473.2,36513.5,42392.6,50475.9
3238,60.2989,33473.2,36111.8,42565.7,52901.5
3239,60.3178,33473.2,35990.9,42563.6,54565
3240,60.3367,33473.2,34725.9,42575,51095
3241,60.3555,33473.2,35956.2,42600.1,54728.5
3242,60.3738,33473.2,35930.8,42454.8,54004.4
3243,60.3924,33473.2,36009.3,42272.4,55540.5
3244,60.4111,33473.2,36621.1,42416.7,53779.8
3245,60.4297,33473.2,36010.8,42188,50746.3
3246,60.4483,33473.2,35693.9,42139.6,52607.6
3247,60.4669,33473.2,35182.8,42223.3,51497.4
3248,60.4857,33473.2,34317.5,41992.9,53388.9
3249,60.5044,33473.2,35092,42114.2,50344.2
3250,60.5228,33473.2,36894.2,42530.8,54067.4
3251,60.5413,33473.2,35074.9,41939.1,50478
3252,60.5601,33473.2,35731.1,42399.5,52927.3
3253,60.5788,33473.2,35064.3,41775.8,50489.8
3254,60.5973,33473.2,34431.1,41858.3,50393.8
3255,60.6158,33473.2,35908,42265,50184.8
3256,60.6345,33473.2,35820.3,42115.9,55194.8
3257,60.6532,33473.2,37011.7,42191.9,52223.4
3258,60.6718,33473.2,36739.3,42303.5,51998.9
3259,60.6907,33473.2,34993.5,42703.1,54393.1
3260,60.7093,33473.2,36168.8,42034.6,55861.9
3261,60.7284,33473.2,36891.1,42693.4,52257.4
3262,60.7468,33473.2,35766.2,42619.4,53506.2
3263,60.7648,33473.2,36665.3,42390.3,55428
3264,60.7835,33473.2,36598.6,42677.2,58072.9
3265,60.8023,33473.2,36669.3,42698,54932.2
3266,60.8211,33473.2,34910.9,42895.7,52841.1
3267,60.8398,33473.2,36037.6,42382.1,52161.7
3268,60.8583,33473.2,34468.5,42326.2,50586.9
3269,60.8777,33473.2,34816.4,42565.4,51002.4
3270,60.8963,33473.2,35940.6,42513,54617.8
3271,60.9151,33473.2,35868.3,42681.4,53846.7
3272,60.934,33473.2,35712.2,42403.5,51842.4
3273,60.9526,33473.2,36658.5,42674.7,51194
3274,60.9713,33473.2,36214.6,42738.1,51996.5
3275,60.99,33473.2,36852.8,42835.8,51522.9
3276,61.0088,33473.2,35097.1,42986.5,53426.4
3277,61.0275,33473.2,34935.4,42356.9,52789.3
3278,61.0462,33473.2,34986.9,42459.3,52746.7
3279,61.0647,33473.2,36463.4,42466.3,52694.1
3280,61.0835,33473.2,34622.3,42834.5,52539
3281,61.102,33473.2,36562.7,42681,51013.9
3282,61.1209,33473.2,36067.6,42916.9,51881.1
3283,61.1394,33473.2,35523.7,42424.5,54893.6
3284,61.158,33473.2,35516.6,42451.4,50668.3
3285,61.1764,33473.2,36422.9,42413.2,56356.2
3286,61.1951,33473.2,35692.3,42708.1,56864.4
3287,61.2138,33473.2,35857.3,42805.9,52909.3
3288,61.2326,33473.2,35637.5,42600.8,52156.1
3289,61.2515,33473.2,36135,42679.2,52350.2
3290,61.2701,33473.2,36515.4,42806.9,55003.3
3291,61.2889,33473.2,35712.3,42691.6,52508.6
3292,61.3075,33473.2,35853.4,42343.2,51312.8
3293,61.3261,33473.2,35539,42577,53356.4
3294,61.3446,33473.2,35462.4,42476,51106.3
3295,61.363,33473.2,35588.7,42136.2,51199.2
3296,61.3818,33473.2,36183.9,42638.9,52397.1
3297,61.4006,33473.2,36124.4,42865.7,51372.9
3298,61.4191,33473.2,35424.4,42425.2,51210.5
3299,61.4378,33473.2,35335.9,42455,51557.6
3300,61.4564,33473.2,33782.3,42298.1,52137.4
3301,61.4748,33473.2,35346.1,42287.9,53600.5
3302,61.4939,33473.2,37167.1,42687,57437.6
3303,61.5126,33473.2,36821.4,42714.1,50868
3304,61.5316,33473.2,34850.7,42929.3,51562
3305,61.5502,33473.2,35801.9,42499.1,55180.8
3306,61.569,33473.2,35754.8,43097.9,53676.8
3307,61.5877,33473.2,36507.5,42369.2,51337.4
3308,61.6063,33473.2,36490.9,42182.8,52375.4
3309,61.6254,33473.2,37387.1,43049.9,53838.1
3310,61.6442,33473.2,36781.2,42697.1,53797.5
3311,61.6629,33473.2,34881.1,42442.7,51394.6
3312,61.6816,33473.2,36281.7,42584.1,50443.8
3313,61.7001,33473.2,35021.4,42384.3,52510.5
3314,61.7188,33473.2,37022.8,42570.9,52230.7
3315,61.7375,33473.2,36080.3,42720.9,53522.4
3316,61.7563,33473.2,35734.2,42670.3,52669.6
3317,61.7749,33473.2,35101.7,42672.7,56356.2
3318,61.7932,33473.2,34682.6,41857.7,56239.5
3319,61.8118,33473.2,35960.8,42770.1,55328.8
3320,61.8306,33473.2,36254.7,42876.6,53520.5
3321,61.8492,33473.2,37003,42645.2,53794.5
3322,61.8681,33473.2,35425.1,42167.5,51070.9
3323,61.887,33473.2,35129.1,42733.3,56277
3324,61.9055,33473.2,34289.7,42608,55470.7
3325,61.9243,33473.2,36951.9,42631,52085.9
3326,61.9431,33473.2,36348.7,42970.9,52717.3
3327,61.9616,33473.2,34593.5,42703.9,51889.4
3328,61.9802,33473.2,35669.6,42634.2,52855.4
3329,61.9988,33473.2,35430.3,42984.7,53995.4
3330,62.0176,33473.2,34757.3,42928.4,56775.6
3331,62.0361,33473.2,35131.3,42165.9,52952.9
3332,62.0546,33473.2,36068.7,42790.9,53507.7
3333,62.073,33473.2,35689.4,42452.9,51877
3334,62.0917,33473.2,35490.2,42629.6,52691.7
3335,62.1101,33473.2,35293.7,42200.9,51212.5
3336,62.1288,33473.2,36281.7,42819.5,59685.6
3337,62.1474,33473.2,34292.9,42382.2,51434.9
3338,62.1662,33473.2,35083.5,42737.8,51467
3339,62.1846,33473.2,35718.8,42798.7,51481.9
3340,62.2033,33473.2,34995.1,42558.7,51426.2
3341,62.2221,33473.2,35549.4,42953,56848.6
3342,62.2407,33473.2,34892.7,42307.3,50804.9
3343,62.2593,33473.2,35350.5,42573.1,51282.4
3344,62.2782,33473.2,36555.9,43137,55083.7
3345,62.2967,33473.2,33973.8,42575.5,50928.1
3346,62.3153,33473.2,36339.4,42702.4,51542.6
3347,62.3337,33473.2,35475.8,42419.1,50617.1
3348,62.3523,33473.2,35273.4,42737.5,54482
3349,62.3709,33473.2,35566.5,42768.5,56196
3350,62.3895,33473.2,34825.8,42577.1,52539.2
3351,62.4082,33473.2,37085.2,43017,51701.1
3352,62.4267,33473.2,34263.3,42742.4,57666.4
3353,62.4455,33473.2,35503.7,43391.9,57396.1
3354,62.4641,33473.2,35107.4,42883.2,53984.3
3355,62.4831,33473.2,36144.4,42858.7,53503.7
3356,62.5017,33473.2,34551.6,42694.2,50569.1
3357,62.5202,33473.2,35911.2,42758.6,55476.1
3358,62.5392,33473.2,36732.4,42595.8,56547.3
3359,62.5577,33473.2,35944.7,42788,54551.2
3360,62.5769,33473.2,36567.6,43160.2,52961.9
3361,62.5961,33473.2,35515.5,43027.2,55437.8
3362,62.6152,33473.2,35478.7,42802.9,51436.3
3363,62.6348,33473.2,36592.7,43047.2,54862.4
3364,62.6546,33473.2,35481.9,42854.6,53079.9
3365,62.6735,33473.2,36701,43027.2,54858.8
3366,62.6923,33473.2,36593.7,42854.3,53274.8
3367,62.711,33473.2,36270.1,43035.8,51225.8
3368,62.7297,33473.2,36534.8,43234.4,58230.1
3369,62.7483,33473.2,35904.1,43003,52049.6
3370,62.767,33473.2,35824.6,43011.4,54028.2
3371,62.7864,33473.2,35910.9,42688.5,51086.4
3372,62.8049,33473.2,37114.1,42867.3,51045.4
3373,62.8237,33473.2,36198.6,42556.1,54363.7
3374,62.8421,33473.2,35750.8,42493,50893.8
3375,62.8609,33473.2,36111.1,42419.5,52895.5
3376,62.8797,33473.2,35770.6,42624,50538.1
3377,62.8984,33473.2,35113.9,42361.4,51643
3378,62.9172,33473.2,37064,42755,52839.4
3379,62.9358,33473.2,37440,42978.8,51427
3380,62.9547,33473.2,36448.9,42820.5,54414.8
3381,62.9739,33473.2,36875.5,43129.9,54120.3
3382,62.9929,33473.2,35827.7,42949.5,52185.9
3383,63.0118,33473.2,35058,42806.3,55015.1
3384,63.0307,33473.2,34233.4,42863.4,55057.8
3385,63.0495,33473.2,36059.1,42993.8,53588.7
3386,63.0691,33473.2,35881.5,42959.6,54158.8
3387,63.0881,33473.2,36876.3,42635.9,51680.2
3388,63.1073,33473.2,34923.7,42584.3,54089.4
3389,63.1262,33473.2,34285.6,42942.7,56986.6
3390,63.145,33473.2,36127.8,42993.6,51669.3
3391,63.1638,33473.2,34363.4,42833,52872.6
3392,63.1828,33473.2,36297.9,42996.3,53911.9
3393,63.2014,33473.2,37145,42443.7,51766.1
3394,63.2202,33473.2,36455.3,42778.2,52510.6
3395,63.2389,33473.2,37173.5,43159.1,54408.3
3396,63.2576,33473.2,35377.5,42540.8,54442.9
3397,63.2763,33473.2,36950,43265.7,52252.3
3398,63.2951,33473.2,35484.4,42879.5,55222.3
3399,63.3141,33473.2,36296.6,43437.6,56367.1
3400,63.333,33473.2,36779.8,43037.4,53762.8
3401,63.3522,33473.2,36153.9,42747.5,54016.8
3402,63.3711,33473.2,36678.3,43072,51254.2
3403,63.3898,33473.2,35652.7,42712.2,52029
3404,63.4087,33473.2,37072,43112.6,53127
3405,63.4275,33473.2,37588.8,42753.6,52650.7
3406,63.4463,33473.2,34571.3,42657.8,52500.1
3407,63.465,33473.2,35005,42723.4,53413.4
3408,63.484,33473.2,36796.4,42993.8,52451.7
3409,63.5027,33473.2,36819.6,42815.1,53253.2
3410,63.5214,33473.2,37334.4,42682,53236.9
3411,63.5401,33473.2,36033.2,42353.2,51023
3412,63.5587,33473.2,35609.2,42712.3,51933.6
3413,63.5774,33473.2,36447.1,42646.8,51962.7
3414,63.596,33473.2,36667.1,42823.8,57456.1
3415,63.615,33473.2,36864.4,42848.1,50791.6
3416,63.6341,33473.2,36337.7,42584.5,53247.9
3417,63.6529,33473.2,36359.1,42571,49768
3418,63.6715,33473.2,36653.8,42789.9,53095.9
3419,63.6901,33473.2,36377.3,42312.1,51345.2
3420,63.7088,33473.2,36224.1,42496.4,51143.5
3421,63.7273,33473.2,35653,42306.1,55571.8
3422,63.7457,33473.2,36448.3,42241.4,54339.5
3423,63.7642,33473.2,36404.9,42395.8,51636.8
3424,63.7828,33473.2,37253.3,42961.1,53046.5
3425,63.8015,33473.2,35669.6,42617.9,55151.2
3426,63.8204,33473.2,36820.4,43150.4,52507.5
3427,63.8389,33473.2,36539.8,42541.7,51558.4
3428,63.8576,33473.2,35915.9,42499.8,51879.8
3429,63.8765,33473.2,35301.4,42806.9,51376
3430,63.8952,33473.2,37529.1,42693.7,50712
3431,63.9141,33473.2,36520,42912,52541.5
3432,63.9328,33473.2,36534.8,42906.7,50182.9
3433,63.9514,33473.2,35815.2,43306.1,53595.3
3434,63.9704,33473.2,36240,42930.6,53442.1
3435,63.989,33473.2,36153.8,43054.7,52981.7
3436,64.0076,33473.2,36687.8,42762,56928.3
3437,64.0261,33473.2,36053.8,42822.5,58139.7
3438,64.0449,33473.2,36243.1,42922.7,56865.9
3439,64.0636,33473.2,36356.9,42831.9,52028.5
3440,64.0824,33473.2,37007.4,42805.2,52063.7
3441,64.101,33473.2,35475.6,42492.2,52283.3
3442,64.1199,33473.2,34830.6,42790.8,52419.4
3443,64.1389,33473.2,35807.6,42252.6,50621.3
3444,64.1579,33473.2,36119.9,42830.2,55569.5
3445,64.1767,33473.2,36021.6,42842.4,50913.8
3446,64.1961,33473.2,34812.4,42587.8,52271.7
3447,64.2148,33473.2,36672,42931.3,52731.8
3448,64.2338,33473.2,35873.3,43020.6,51921.7
3449,64.2529,33473.2,35503.4,42720.6,52258
3450,64.2717,33473.2,36516.3,42886.7,51626.8
3451,64.2907,33473.2,36269,42672.7,53449.7
3452,64.3098,33473.2,36785.6,43060.6,51716.7
3453,64.3286,33473.2,36743.5,42762.6,52945.8
3454,64.3473,33473.2,35018.6,42833.9,51813.6
3455,64.3661,33473.2,36217.4,42859.7,52724.1
3456,64.3852,33473.2,36299.6,42523.2,51872.6
3457,64.4038,33473.2,35106.9,42313.3,51825.9
3458,64.4228,33473.2,35342.8,42992,53506.4
3459,64.4418,33473.2,35012.2,42652.8,53008.1
3460,64.4605,33473.2,36748.9,42954.9,51642.5
3461,64.4799,33473.2,36159.8,42923.4,53872
3462,64.4987,33473.2,36792.5,42606.7,52182.5
3463,64.5174,33473.2,36041.3,42555,50665
3464,64.5363,33473.2,36720.8,42448.8,53589.5
3465,64.5553,33473.2,35733.9,42896.7,51979.6
3466,64.5743,33473.2,35607.2,42990.3,54602.6
3467,64.5933,33473.2,36128.4,43067.5,53064.8
3468,64.6122,33473.2,35720.7,42668.1,55956
3469,64.6312,33473.2,35595.5,42793.9,51899.4
3470,64.6498,33473.2,36639.3,42668.1,50279.5
3471,64.6688,33473.2,35865.5,42647,54069.8
3472,64.6879,33473.2,36094.4,42619.8,52992.4
3473,64.7067,33473.2,36486.2,42814.7,53167.4
3474,64.7257,33473.2,35641.1,43121.6,51634.2
3475,64.7444,33473.2,35292.8,43015.1,51512.1
3476,64.7638,33473.2,36407,43332,52254.7
3477,64.7827,33473.2,37194.7,43465.1,53063.5
3478,64.8018,33473.2,35835.9,43215.6,51276.3
3479,64.8204,33473.2,35758.4,42650.7,51381.6
3480,64.839,33473.2,36160.5,42678.9,51522.2
3481,64.8578,33473.2,37394,42977.5,50909.6
3482,64.8767,33473.2,35609.5,42926.2,54609.7
3483,64.8956,33473.2,36041.7,43242,56316.6
3484,64.9143,33473.2,36501.6,42959.6,53643.9
3485,64.933,33473.2,35086.3,43069.2,54957.7
3486,64.952,33473.2,35727.2,43446,54650
3487,64.971,33473.2,35893.7,43150.6,54550.8
3488,64.9901,33473.2,36008.9,43322.8,54440.9
3489,65.0089,33473.2,36315.6,43311.5,53215.5
3490,65.0278,33473.2,35538.3,43055.9,54971.5
3491,65.047,33473.2,36097.2,42846.3,57710.4
3492,65.0656,33473.2,35148.7,42730.3,52658.1
3493,65.0848,33473.2,35439.6,42757.8,52543.9
3494,65.1035,33473.2,35934.1,43141.8,52287.9
3495,65.1224,33473.2,35924.1,43064.8,55624.1
3496,65.1415,33473.2,37469.1,43218.3,52249.5
3497,65.1604,33473.2,36351.4,43342.2,52314.7
3498,65.1794,33473.2,35060.6,42895.4,53754.6
3499,65.1984,33473.2,35899.5,43082.4,52352.1
3500,65.2173,33473.2,35576.4,43013.1,50276.3
3501,65.2363,33473.2,36768,43083.2,53082.3
3502,65.2551,33473.2,35887.9,42876.8,53215.1
3503,65.274,33473.2,36139.4,42880.5,50824.7
3504,65.2928,33473.2,35949.3,42906.1,52857.6
3505,65.3115,33473.2,35621.2,42683.6,51584.7
3506,65.3306,33473.2,35474.3,43055.3,52652.3
3507,65.3494,33473.2,36445.2,42415.1,52444.1
3508,65.3682,33473.2,35688.5,42853.1,52545.8
3509,65.3872,33473.2,35494.3,43156.1,54667.5
3510,65.406,33473.2,33791.6,42749,49265.5
3511,65.4248,33473.2,36020.8,42801.5,54911
3512,65.4436,33473.2,35058.8,42827.9,51952.5
3513,65.4625,33473.2,36155.8,42855.3,51619
3514,65.4814,33473.2,36194.1,43097.3,52697.3
3515,65.5002,33473.2,35442.9,42697.5,53743.7
3516,65.5191,33473.2,35961.9,43037.3,54914
3517,65.5377,33473.2,34361.5,43294.9,53472.2
3518,65.5564,33473.2,35929,42479.7,49964.7
3519,65.5753,33473.2,35604.8,42959.3,52803.2
3520,65.594,33473.2,35149.5,42975.5,54753.6
3521,65.6131,33473.2,35865.8,42826.8,56979.1
3522,65.6319,33473.2,35773.3,42708.4,55055.9
3523,65.6505,33473.2,36355.4,43086.3,54784.7
3524,65.6694,33473.2,36002.9,42475.7,49682.3
3525,65.688,33473.2,36029.1,42948.4,50368.5
3526,65.7066,33473.2,35659,42879.5,55896.2
3527,65.7252,33473.2,36705.6,42977.9,52548.9
3528,65.7438,33473.2,35614.6,42347.7,56795.7
3529,65.7626,33473.2,35473.7,42964,53956.8
3530,65.7814,33473.2,34800,42817.8,53151.6
3531,65.8001,33473.2,36494.8,42953.5,54763.7
3532,65.8189,33473.2,35271.9,42986.6,53215.3
3533,65.8376,33473.2,35324.4,42806.6,53714.3
3534,65.8564,33473.2,35728.1,43027.9,55423.8
3535,65.8754,33473.2,35831.7,42546.5,51237.3
3536,65.8946,33473.2,35342.7,42793.1,52154.6
3537,65.9131,33473.2,36729.9,42413.5,52726.5
3538,65.9319,33473.2,35640.3,42954,50394
3539,65.9508,33473.2,35764.5,43199.6,50955.9
3540,65.97,33473.2,36426.5,42960,53201.5
3541,65.9885,33473.2,36106.5,43080.1,52709.3
3542,66.0072,33473.2,36881.8,42954,51268.4
3543,66.0261,33473.2,36067.8,43453.6,57389.3
3544,66.045,33473.2,36927.3,43462.5,52234.7
3545,66.0637,33473.2,35087.3,43080.6,50553
3546,66.0828,33473.2,35151.2,43206.2,53250.7
3547,66.1017,33473.2,37065.3,43095.7,54944.9
3548,66.1206,33473.2,36109.1,43152,52990.8
3549,66.1402,33473.2,36367.6,43271.6,54678.8
3550,66.1591,33473.2,35971.1,43242.6,53495.4
3551,66.1785,33473.2,37413.8,43129.2,50675.2
3552,66.1972,33473.2,35367.7,42674.3,49989.2
3553,66.2161,33473.2,35919.7,42620.1,52277.6
3554,66.2349,33473.2,37391.5,42688.8,53694.3
3555,66.2534,33473.2,35299.8,42450.1,51211.9
3556,66.2722,33473.2,36463.8,42653.6,54262.5
3557,66.2912,33473.2,33857,42728.3,55386.5
3558,66.3099,33473.2,34970.8,43148.3,57234.2
3559,66.3286,33473.2,34802.2,42735.5,53782.6
3560,66.3473,33473.2,35393.9,42721.4,52667.6
3561,66.3661,33473.2,36464.2,42856.8,54365.1
3562,66.385,33473.2,34876.4,42663.8,51775.2
3563,66.4036,33473.2,35522.3,42609.2,51633.6
3564,66.4223,33473.2,35603.1,42531.9,53003.9
3565,66.4412,33473.2,36580.2,42385.3,50892.1
3566,66.4604,33473.2,34625,42125.9,52328.4
3567,66.4791,33473.2,36607.5,42316.6,50558
3568,66.4988,33473.2,36130.2,42975.5,53793.1
3569,66.518,33473.2,36335.2,42788.1,50882.7
3570,66.537,33473.2,35726.9,42919.3,58354
3571,66.5567,33473.2,35912.2,42567,52258.5
3572,66.5766,33473.2,37332.9,42825.6,53302.8
3573,66.5955,33473.2,36218.6,42433.4,53421.9
3574,66.6143,33473.2,37102,43016.6,50916.2
3575,66.6331,33473.2,35917.9,42851.4,52507.5
3576,66.6517,33473.2,36330.1,42505.5,52942.4
3577,66.6705,33473.2,36353.5,42607.2,53904.7
3578,66.6889,33473.2,34049.8,42131.4,53361.7
3579,66.7076,33473.2,35621.3,42543.7,52674
3580,66.7267,33473.2,36839.5,42461.1,50953.5
3581,66.7455,33473.2,36418.5,42721.1,52600.3
3582,66.7642,33473.2,35609.1,42388.6,51122.4
3583,66.7829,33473.2,35758.1,42499.5,52305.5
3584,66.8018,33473.2,36170.7,42715.9,56035.8
3585,66.8206,33473.2,35415.9,42770.7,54483.1
3586,66.8396,33473.2,36267.6,42688.9,59163.3
3587,66.8584,33473.2,34764.4,43080.7,52085.8
3588,66.8773,33473.2,36068.9,42872.6,51690.1
3589,66.8963,33473.2,37068.6,42704.1,51455.4
3590,66.9151,33473.2,36004.7,42966.3,52232.2
3591,66.934,33473.2,34097.8,42912.2,52472.5
3592,66.9527,33473.2,35834.5,43032.2,52100.1
3593,66.9715,33473.2,36261.1,43518.3,54152.5
3594,66.9903,33473.2,35438,42808.5,51879.2
3595,67.0099,33473.2,35329.4,43515.7,53264.3
3596,67.0287,33473.2,37472.9,43441.6,53694.6
3597,67.0475,33473.2,35437.8,42728.1,52833.2
3598,67.0663,33473.2,36950.9,43103,50685.2
3599,67.085,33473.2,35501.8,42408.6,53049.6
3600,67.1038,33473.2,36266.9,43141.2,52209.4
3601,67.1226,33473.2,36144,43291.4,57328.4
3602,67.1418,33473.2,36525.4,43141.4,54763
3603,67.1602,33473.2,35589.1,42876.1,52712.4
3604,67.179,33473.2,36968.7,43444.1,51801.9
3605,67.1979,33473.2,35973.6,42925.6,53018.2
3606,67.2166,33473.2,36371.7,42731.4,53395.5
3607,67.2351,33473.2,36048,42695.7,50782.2
3608,67.254,33473.2,35355.1,42866.9,52966
3609,67.2725,33473.2,36424.3,42820.5,51647.6
3610,67.2921,33473.2,36340.4,42675.1,51318.6
3611,67.3108,33473.2,37827.9,42826.4,53417.7
3612,67.3294,33473.2,37267.7,42680.8,53969.5
3613,67.348,33473.2,35202.1,43144.2,55588.8
3614,67.3668,33473.2,35563.1,42733,51859.8
3615,67.3858,33473.2,34864.7,42387.9,49692.6
3616,67.4046,33473.2,35655.5,43335.7,54472.1
3617,67.4232,33473.2,36510.9,42814.6,55347.5
3618,67.4421,33473.2,36060.5,42963.3,50992.3
3619,67.4607,33473.2,35842.8,42603,51441.2
3620,67.4793,33473.2,35742.5,42684.7,57212.9
3621,67.4982,33473.2,36386.1,42965.3,55700.3
3622,67.517,33473.2,35759.1,42493.3,52387.5
3623,67.5359,33473.2,36257.9,42824.7,51554.6
3624,67.5549,33473.2,36050.9,42756.3,52599.6
3625,67.574,33473.2,36192.6,42515.9,51227.2
3626,67.5929,33473.2,35340.2,43272.9,53758.8
3627,67.6116,33473.2,34910.4,42839.3,51507.6
3628,67.6305,33473.2,34654.9,42412.5,53832.1
3629,67.6494,33473.2,34856.2,42290,52049.8
3630,67.6681,33473.2,35853,42425,49715.1
3631,67.6868,33473.2,36402.4,42415.3,51834.3
3632,67.7056,33473.2,35732.3,42490.1,50071.8
3633,67.7245,33473.2,35911.7,42454.7,52207.8
3634,67.7435,33473.2,36152.9,42707,54259.9
3635,67.7622,33473.2,34793,42351.7,53571.2
3636,67.781,33473.2,34445.5,42577.5,51219.5
3637,67.7999,33473.2,36520.8,42856.7,50670.4
3638,67.8189,33473.2,36266.7,42845.5,51919.7
3639,67.8375,33473.2,35477,43053.4,53078.7
3640,67.8573,33473.2,37189.7,43049.6,52285.3
3641,67.8762,33473.2,35926.8,42882,54074.9
3642,67.8952,33473.2,35180.3,42145.1,50616.6
3643,67.914,33473.2,36474.3,42411.1,52905.4
3644,67.9329,33473.2,36970.5,42870,51912.1
3645,67.9519,33473.2,34943.3,42840.5,53297.4
3646,67.9709,33473.2,36716.4,42833.9,53224.1
3647,67.9895,33473.2,35417.9,42821.7,54182.3
3648,68.0083,33473.2,36333.4,42543.3,52018.6
3649,68.0271,33473.2,36361,42655.8,52708.5
3650,68.046,33473.2,36700.2,42558.8,53839.3
3651,68.0648,33473.2,35840,43262.5,55238.7
3652,68.0836,33473.2,36802.7,42641.8,54027.7
3653,68.1024,33473.2,36897.2,42690,56004.7
3654,68.1213,33473.2,36357.5,42570.8,50072.7
3655,68.1407,33473.2,35362.3,42892.2,51912.6
3656,68.1596,33473.2,36716.4,42723.4,52487.1
3657,68.1785,33473.2,36866.3,42519.2,52530.5
3658,68.1975,33473.2,35432.4,42373.4,53351.7
3659,68.2164,33473.2,34741.2,43212,54846.1
3660,68.2354,33473.2,35741.8,43154.8,51909.6
3661,68.2542,33473.2,36735.8,43195.8,54242.8
3662,68.2732,33473.2,34655.4,42969.1,52549.9
3663,68.292,33473.2,36283.4,43010.7,54406.7
3664,68.3107,33473.2,37624.5,43299.9,52496.9
3665,68.3296,33473.2,36622,43210.2,55546.1
3666,68.3485,33473.2,34773.1,42804.1,51471.7
3667,68.3674,33473.2,35080.8,42701.6,53987.9
3668,68.3862,33473.2,36432.7,43057.3,52483.1
3669,68.4048,33473.2,36484.3,42637.2,51304.2
3670,68.4242,33473.2,36458,43332.6,52487.4
3671,68.443,33473.2,36927,42682,50860.7
3672,68.4617,33473.2,37144.8,42959.2,51833
3673,68.4805,33473.2,35219.3,42977.7,54155.8
3674,68.4993,33473.2,35627.9,42889.5,54072.6
3675,68.5181,33473.2,35252.4,42877.8,55308.9
3676,68.5372,33473.2,35742.1,43090.6,51745.6
3677,68.5559,33473.2,35698.5,42619.1,53391.9
3678,68.5745,33473.2,35702.1,42440.2,52283.6
3679,68.5932,33473.2,35368.9,42755.1,52037.8
3680,68.6118,33473.2,37072.4,42875,52488.5
3681,68.6308,33473.2,34975.7,42813.6,53561.2
3682,68.6496,33473.2,35723.4,42324,52521.6
3683,68.6682,33473.2,36287.2,42862.2,53904.1
3684,68.6872,33473.2,35316.7,42947.2,51410.9
3685,68.7064,33473.2,36919.2,42661.9,53521
3686,68.7251,33473.2,35668.5,42548.3,52718.6
3687,68.7436,33473.2,35508.7,42201.7,51210.3
3688,68.7625,33473.2,35681,43199.2,53187.5
3689,68.7813,33473.2,36059.7,42954.9,53195.4
3690,68.8002,33473.2,36724.4,43073.2,53830.1
3691,68.819,33473.2,36480.1,42702.2,54233.5
3692,68.8378,33473.2,36015.3,42611.4,60366.3
3693,68.8565,33473.2,36153.6,42702.9,54320.5
3694,68.8756,33473.2,34760,42953.8,53738
3695,68.8943,33473.2,35333.9,42764.1,53622.3
3696,68.9134,33473.2,35885.2,43170,56043
3697,68.9321,33473.2,36029,42503.6,51706.7
3698,68.951,33473.2,36705.1,43276.5,54788.9
3699,68.97,33473.2,35557.8,42460.7,49109.9
3700,68.9893,33473.2,35967.1,42846.1,52856.2
3701,69.0083,33473.2,36560,42816.6,50569
3702,69.027,33473.2,36332.7,42820.8,52967.8
3703,69.0458,33473.2,35101.9,43116.9,51225.5
3704,69.0648,33473.2,37336.7,42870.2,51125.8
3705,69.0837,33473.2,35802.5,43106.6,53753.5
3706,69.1027,33473.2,34999.5,42845.6,52749.8
3707,69.1215,33473.2,35906.6,43139.5,51791.7
3708,69.1407,33473.2,36284.3,42476.4,48870.7
3709,69.1597,33473.2,34910.9,42649.5,54334.9
3710,69.1789,33473.2,34908.4,42730.4,52899.6
3711,69.1976,33473.2,35119.9,42687,52441.2
3712,69.2163,33473.2,35854.9,42350.2,51580.6
3713,69.2355,33473.2,35049.1,43134.6,55164.8
3714,69.2542,33473.2,36435.8,42286.1,50621.7
3715,69.2732,33473.2,34886.5,42321,54876.4
3716,69.2921,33473.2,36749.6,42693.3,52765.2
3717,69.3109,33473.2,35345,42419.1,51072.2
3718,69.3299,33473.2,36452.5,42566.4,51606.7
3719,69.3486,33473.2,36211.7,42722.7,55956
3720,69.3673,33473.2,35149.5,42812.2,53078.5
3721,69.3862,33473.2,34407.9,42406.8,50538.6
3722,69.4048,33473.2,34706.5,42341.2,52793.7
3723,69.4237,33473.2,37075.2,42846,50858.9
3724,69.4424,33473.2,35829.9,42572.4,51683.2
3725,69.4609,33473.2,37047.3,42334.4,51676.8
3726,69.4796,33473.2,36510.5,42637.5,51445
3727,69.4983,33473.2,34435.8,42608.1,51646.5
3728,69.517,33473.2,36869.4,42402.6,56190.7
3729,69.5358,33473.2,37068.4,42792.3,53695.8
3730,69.5544,33473.2,35574.5,42832.6,53221.7
3731,69.5734,33473.2,35209.7,42751,55034.1
3732,69.5919,33473.2,36412.2,42521.4,51310.4
3733,69.6107,33473.2,36983.1,42772.9,51929.2
3734,69.6296,33473.2,35721.8,42780.8,52019.6
3735,69.6485,33473.2,37342,42910.5,53109
3736,69.6674,33473.2,35891.3,42632.5,52077.4
3737,69.6859,33473.2,36716.6,42866.7,50395.6
3738,69.7049,33473.2,36042.7,42930.2,53091.1
3739,69.7238,33473.2,36397.6,42775.3,54918.3
3740,69.7428,33473.2,35809.6,43095.1,50270
3741,69.7618,33473.2,35834.6,42849.5,52090.6
3742,69.7804,33473.2,35971.8,42784.9,53001
3743,69.7992,33473.2,35227.1,42616.2,50831.5
3744,69.8181,33473.2,35691.4,42615.9,52712.7
3745,69.8372,33473.2,34985.1,42701.4,56416.4
3746,69.8561,33473.2,36422.6,42662.6,56433.2
3747,69.8752,33473.2,34079.5,42659,51193
3748,69.8944,33473.2,35231,42921.7,54729.2
3749,69.9131,33473.2,36213.9,43191.8,53161.1
3750,69.9317,33473.2,36107.2,42577.1,50180.7
3751,69.9503,33473.2,35953.7,42532.2,53036.7
3752,69.9692,33473.2,36481.5,42210.8,50729.3
3753,69.9883,33473.2,36086.9,42987.3,53338.9
3754,70.0071,33473.2,36277.3,42595.1,55832.1
3755,70.0259,33473.2,34218.2,42847.6,52764.2
3756,70.0447,33473.2,34985,42654.8,48304
3757,70.0638,33473.2,35349.3,42782.6,51793.8
3758,70.0827,33473.2,35936.3,43059,59368.2
3759,70.1015,33473.2,35907.2,42547.4,53143.2
3760,70.1214,33473.2,36725,42653.9,53248
3761,70.1403,33473.2,36731.2,42781.6,51511.1
3762,70.159,33473.2,35449.5,42919.6,54300.5
3763,70.1776,33473.2,36158.7,42895.9,52491
3764,70.1964,33473.2,36419,42924.2,52269.9
3765,70.2152,33473.2,35765.1,43103,52094.2
3766,70.2341,33473.2,36152.5,42803.8,56466.8
3767,70.2531,33473.2,37364.2,43083.6,53312.4
3768,70.2725,33473.2,36966.1,43288.3,53585.7
3769,70.2914,33473.2,36679.6,43285.4,56036.1
3770,70.3101,33473.2,36127.8,42874.9,52173.6
3771,70.3291,33473.2,36303.9,43099.7,52922
3772,70.3479,33473.2,36444.8,43122.3,51203.4
3773,70.3669,33473.2,34502.6,43388.1,53771.9
3774,70.3856,33473.2,35700.6,43038.4,53455
3775,70.4042,33473.2,36431,42899,58024.9
3776,70.4231,33473.2,35505.5,43239.4,54584.7
3777,70.4418,33473.2,36776.4,43096.2,51968.4
3778,70.4607,33473.2,35226.8,43241.3,53417.9
3779,70.4794,33473.2,35991.9,42666.7,52126.1
3780,70.4985,33473.2,36360.6,43000.9,53895
3781,70.5172,33473.2,37694,42756.6,50326.2
3782,70.536,33473.2,36595,42704.6,53495.9
3783,70.5546,33473.2,36830.1,42954.2,52398.7
3784,70.5734,33473.2,35405.1,42900.7,56175.1
3785,70.5921,33473.2,36905.9,43009.3,53832.2
3786,70.6111,33473.2,36394.9,42322.9,48698.3
3787,70.6299,33473.2,35765.7,42646.8,53082.9
3788,70.6486,33473.2,36272.7,42844.4,51700.4
3789,70.6672,33473.2,36117.6,42315.5,53230.9
3790,70.6859,33473.2,34549.4,42358.1,56891.8
3791,70.705,33473.2,37417,42969.9,52607
3792,70.7242,33473.2,36098.5,42508.9,58283
3793,70.7435,33473.2,37273.6,43010.4,52314.8
3794,70.7634,33473.2,36165.9,42632.9,48652.3
3795,70.782,33473.2,36746.5,42587.4,52255.4
3796,70.8008,33473.2,35842.9,42725.7,52888.5
3797,70.8195,33473.2,35076.8,42446.5,51499.2
3798,70.8384,33473.2,36565.3,42598,54618.4
3799,70.8574,33473.2,36739.8,42937.1,55977.5
3800,70.8769,33473.2,34679.4,42373.5,52648.8
3801,70.8958,33473.2,36027.7,42784.7,51832.6
3802,70.9147,33473.2,35992.5,42846.2,52664.1
3803,70.9338,33473.2,36179.6,42657.4,50396.5
3804,70.9529,33473.2,34873.6,42598.8,54342.8
3805,70.972,33473.2,35861.9,43320.6,55401.9
3806,70.9908,33473.2,34586.5,42678.9,50190.6
3807,71.0097,33473.2,34829,43135.2,53965.2
3808,71.0284,33473.2,35725.7,43007.6,53538.2
3809,71.0473,33473.2,37367.7,42745.6,51601.6
3810,71.066,33473.2,36201.3,42808.2,56929.5
3811,71.0848,33473.2,34727.8,43264.5,54647.5
3812,71.1038,33473.2,36845.6,43127.7,54355.9
3813,71.1226,33473.2,36261.2,43127.6,50991.5
3814,71.1415,33473.2,35955.3,43064,53836.5
3815,71.1605,33473.2,35874.3,42840.7,55402.6
3816,71.1791,33473.2,36439,43001.2,55628
3817,71.1979,33473.2,36190.6,42972.4,53793.7
3818,71.2167,33473.2,35078,42465.9,52886.1
3819,71.2356,33473.2,35832.7,42696.2,56496.5
3820,71.2543,33473.2,35771.3,42465.8,51362.3
3821,71.2732,33473.2,35342.9,43026.2,51514.4
3822,71.2921,33473.2,36307.8,42474.6,55466.8
3823,71.3109,33473.2,36860.7,42666.8,52707.1
3824,71.3297,33473.2,36224.1,43124.6,55052.3
3825,71.3484,33473.2,34690.3,43126.5,51890.5
3826,71.3673,33473.2,37063.8,42864.8,55849.9
3827,71.3861,33473.2,36024.4,42994.6,49802.4
3828,71.4049,33473.2,35172.5,42974.3,56146.8
3829,71.4236,33473.2,36837.7,42903,52725
3830,71.4423,33473.2,35673,42494.7,50772.7
3831,71.4609,33473.2,35719.7,42993.2,50497.2
3832,71.4797,33473.2,36378,43228.9,53624
3833,71.4987,33473.2,34967.5,43060.1,52034.4
3834,71.5176,33473.2,37668.5,43091.3,53844.5
3835,71.5363,33473.2,35593,42960.3,52013.5
3836,71.5547,33473.2,37444.3,42992.6,55923.1
3837,71.5732,33473.2,35816.2,42735,54308.1
3838,71.5919,33473.2,35272.7,42792.5,50419.5
3839,71.6107,33473.2,37434.7,43196.9,59120.9
3840,71.6294,33473.2,35434.2,42977.5,54635.7
3841,71.6483,33473.2,36150.3,43126,52828.9
3842,71.6667,33473.2,36711.8,42552,51507
3843,71.6854,33473.2,36987.9,42611.6,52685.1
3844,71.7041,33473.2,35307.1,42723,55110.8
3845,71.7224,33473.2,36917.2,42843.2,52710.1
3846,71.7409,33473.2,36213.8,43046.3,51958.7
3847,71.7595,33473.2,36611.5,42776.5,53044.4
3848,71.7782,33473.2,36601.6,42653.6,50725.4
3849,71.7968,33473.2,36493.1,42821.4,52138.1
3850,71.8156,33473.2,37405,42707.8,51545.9
3851,71.8345,33473.2,35061.5,42739.2,50735.1
3852,71.8531,33473.2,37221.1,42620.8,51569.3
3853,71.8721,33473.2,35092.4,42503.7,54498.2
3854,71.8908,33473.2,35805.3,42685.2,52378.1
3855,71.9095,33473.2,36278.3,42769.7,52325.4
3856,71.9282,33473.2,34832.4,42660.3,52761.3
3857,71.9469,33473.2,36059.1,42063.6,50683.2
3858,71.9655,33473.2,35303.8,42739.4,51942.7
3859,71.9842,33473.2,35204.7,42292.2,53107.6
3860,72.0034,33473.2,35870.4,42765.9,51228.2
3861,72.0219,33473.2,35795.4,42043.9,53213.2
3862,72.0408,33473.2,36647.8,42444.6,55037.1
3863,72.0594,33473.2,36078,42404.6,55717.6
3864,72.0783,33473.2,36892.8,42611.7,54094.7
3865,72.0972,33473.2,37084.9,42672.6,51917.8
3866,72.1159,33473.2,34052.5,42492.6,51636.6
3867,72.1347,33473.2,36912.4,42887.7,51773.4
3868,72.1532,33473.2,35903.7,42414.6,52778.7
3869,72.1719,33473.2,35751,42732.3,52009.6
3870,72.1904,33473.2,36146.7,42051.5,50188.1
3871,72.2092,33473.2,35558.4,42530.6,51256
3872,72.228,33473.2,34132.5,42395.7,52864.4
3873,72.2464,33473.2,36372,42283.9,52211.8
3874,72.2652,33473.2,35899,42623.4,55514.6
3875,72.2838,33473.2,34480.5,42422.1,50896
3876,72.3026,33473.2,35247.1,42312.6,53017
3877,72.3213,33473.2,35955.4,42424,51398.5
3878,72.3402,33473.2,36961.4,43086.1,52070.8
3879,72.3589,33473.2,35434.2,42880.1,53717
3880,72.3779,33473.2,34889.4,43106.8,53358.2
3881,72.3966,33473.2,35470.6,42747.9,53461
3882,72.4153,33473.2,36333.7,42311.5,51333.7
3883,72.4341,33473.2,37421.4,42394.4,52892.4
3884,72.453,33473.2,35016,42721.3,52282.9
3885,72.4717,33473.2,36251.9,42950.3,52077
3886,72.4906,33473.2,36661.9,42512.3,52381.6
3887,72.5097,33473.2,36046.7,42960.4,52510.5
3888,72.5286,33473.2,37105.8,43144.5,53232.8
3889,72.5474,33473.2,36350.4,43300,55993.3
3890,72.5664,33473.2,36000.8,43581.6,54502.9
3891,72.5853,33473.2,37223.6,42925.4,53457
3892,72.604,33473.2,36605.7,43395.1,52610.7
3893,72.6231,33473.2,36001.7,43008.3,52848.4
3894,72.642,33473.2,37249,42944.1,55562.5
3895,72.6609,33473.2,36480.5,42990.4,52297.5
3896,72.6799,33473.2,34948.2,43158.6,51798.4
3897,72.6986,33473.2,36635.1,42824.2,53724.8
3898,72.7174,33473.2,36765.1,43231.8,54385
3899,72.736,33473.2,35181.3,43081,51598
3900,72.7549,33473.2,36983,43498.6,52933
3901,72.7735,33473.2,36072.8,42519.1,50947.1
3902,72.7923,33473.2,35815,42872.6,55566.1
3903,72.8112,33473.2,35356.5,42688.2,54462.6
3904,72.8299,33473.2,35296.7,42388.7,51306
3905,72.8488,33473.2,35596.1,43381.2,52180.6
3906,72.8676,33473.2,35428.6,42787.4,52775.8
3907,72.8865,33473.2,36358.5,43190.3,52606.3
3908,72.9054,33473.2,36560.9,43015.5,58281.9
3909,72.9244,33473.2,35988.8,43128.2,62174.1
3910,72.9433,33473.2,36237.8,43135.3,57846.7
3911,72.9622,33473.2,36633.1,42796.6,51786.4
3912,72.9811,33473.2,37642.3,42963.3,54661.1
3913,72.9999,33473.2,36631.5,43235.6,52979.2
3914,73.0188,33473.2,34750.1,43145.8,52740.3
3915,73.0378,33473.2,37059,43024.3,51369.4
3916,73.0565,33473.2,36403.4,43332.9,55751.6
3917,73.0754,33473.2,36553.4,43326.3,57275.1
3918,73.0943,33473.2,36356.5,43004.2,53333.8
3919,73.1131,33473.2,35822.8,43726.2,52581.9
3920,73.1322,33473.2,36070.6,42745,51432
3921,73.1508,33473.2,36651.1,42716.4,50882.4
3922,73.1695,33473.2,36587.9,42931.1,56682.7
3923,73.1882,33473.2,36099.8,42765.5,51454.2
3924,73.2071,33473.2,37027.4,42659.4,55076.7
3925,73.226,33473.2,36100.3,42430,50756.7
3926,73.2448,33473.2,35097.3,42710.5,54068.4
3927,73.2637,33473.2,36363.1,42817.6,53513
3928,73.2826,33473.2,36492.6,42639.7,52973.5
3929,73.3014,33473.2,35436.5,42936.5,55887.7
3930,73.3203,33473.2,36261.8,42273.7,52596.4
3931,73.3393,33473.2,35129.8,43003.6,51921.5
3932,73.3581,33473.2,35334.1,43015.4,55140.8
3933,73.3769,33473.2,36723,42624.8,52014.1
3934,73.3957,33473.2,35013.4,42823,50945.5
3935,73.4145,33473.2,36301.5,43024.7,51812.2
3936,73.4335,33473.2,36100.8,42945.4,53651.5
3937,73.4523,33473.2,35795.3,42758.5,53223
3938,73.4712,33473.2,37128.6,43094.5,54115.9
3939,73.4901,33473.2,35122.1,43017.1,53020.4
3940,73.5089,33473.2,36572.3,42831.4,53877.5
3941,73.5276,33473.2,35565,42881.8,52582.3
3942,73.5466,33473.2,36871.9,43050.2,54409.1
3943,73.5656,33473.2,35131,42745.3,52183.8
3944,73.5846,33473.2,35999.3,42453.2,51586.6
3945,73.6035,33473.2,36032.8,42920.9,54841.1
3946,73.6226,33473.2,35868.2,42965.9,52823.2
3947,73.6417,33473.2,36068.4,42850.2,51439.6
3948,73.6607,33473.2,35226.2,42964.2,52721.3
3949,73.6795,33473.2,35231.5,42683.5,54839
3950,73.6986,33473.2,35039,43124.5,52013.9
3951,73.7172,33473.2,35165.8,42725.8,51293.2
3952,73.736,33473.2,35411.2,43001.4,54963.7
3953,73.7549,33473.2,35343.4,43131.3,54340.3
3954,73.7737,33473.2,37121.3,42695.8,56514.4
3955,73.7926,33473.2,37049.2,42786.5,53371.1
3956,73.8114,33473.2,36124.3,42941.8,50328.4
3957,73.83,33473.2,36255.5,43027.8,52126
3958,73.8487,33473.2,37140.6,42675.2,52192.2
3959,73.8676,33473.2,36103.8,43050.9,52335.6
3960,73.8864,33473.2,34702.3,42623,52447.7
3961,73.9053,33473.2,36052.3,43037.8,49841.4
3962,73.924,33473.2,35721,43068.9,57106.1
3963,73.9429,33473.2,36246,42940.9,52780.2
3964,73.9618,33473.2,35771.8,43060.4,53022.4
3965,73.9807,33473.2,35474.8,43088.9,54015.2
3966,73.9997,33473.2,36061.7,42978.2,53575.8
3967,74.0184,33473.2,36570.9,43037.9,56084
3968,74.0372,33473.2,35806.1,42943.3,52786.1
3969,74.0559,33473.2,35375.1,43158.2,53413.2
3970,74.0749,33473.2,35145.6,43076.8,54996.3
3971,74.0936,33473.2,35573.1,42832.9,51918.8
3972,74.1123,33473.2,35919.1,42834.8,52387.6
3973,74.1312,33473.2,35916.5,42528.5,53014.2
3974,74.1501,33473.2,35525.1,42961.6,54411.9
3975,74.1689,33473.2,36266.8,42985.7,54493.3
3976,74.1877,33473.2,35751,43036.7,56262.4
3977,74.2065,33473.2,35836.2,43057.6,52079.2
3978,74.2251,33473.2,35247.3,42608.1,51833.2
3979,74.2437,33473.2,35300.9,43073.3,53353.8
3980,74.2624,33473.2,36092,42600.5,54772
3981,74.2811,33473.2,36816.5,42930.1,54971.8
3982,74.3001,33473.2,35468.7,42799.4,51871.9
3983,74.3189,33473.2,36910.6,43221.4,54353.3
3984,74.3378,33473.2,35542.3,43142.5,53032.4
3985,74.3565,33473.2,36272.3,43130.1,55751.6
3986,74.3755,33473.2,36959.7,43287.8,54557.2
3987,74.3944,33473.2,36589.1,43114.3,54649.9
3988,74.4132,33473.2,36218.7,42893.3,54434.4
3989,74.4321,33473.2,35314.8,43013,51881.2
3990,74.451,33473.2,35390.4,42985.5,53263.4
3991,74.4699,33473.2,35446.1,42745,52928.8
3992,74.4886,33473.2,35778.8,42676.2,51798.8
3993,74.5072,33473.2,35484.2,42662.8,55701.9
3994,74.526,33473.2,36231.4,42838.9,51751.4
3995,74.5448,33473.2,36736.4,42758.8,52722.8
3996,74.5635,33473.2,35848.6,42867.7,52282.2
3997,74.5825,33473.2,35194,42661.8,52757.8
3998,74.6015,33473.2,35743.1,43127.3,51378.6
3999,74.6213,33473.2,36931.1,43113.6,52391.6
